suite,family,graph_id,graph_seed,density,case,layers,method,compiler_seed,route_mode,selector_reason,native_2q,cx,depth,twoq_depth,duration_us,router_seconds,level3_seconds,total_compile_seconds,swaps_before_level3,state_error,total_variation,ideal_cut,compiled_ideal_cut,noise_simulated,shots,noisy_cut,noisy_minus_ideal,simulator_seconds,final_positions
balanced,very_sparse15,80000,20340924,0.15,qaoa_p1,1,stock_level3,11,stock_qiskit,stock Qiskit Level 3 baseline,53,53,50,25,9.528888888888893,0.0,0.03517860001011286,0.035800199999357574,0,6.463182536189453e-15,6.176011978364881e-15,5.738895522338765,5.738895522338832,False,0,nan,nan,0.0,"[2, 6, 11, 10, 15, 5, 3, 0, 14, 13, 4, 12, 8, 7, 1, 9]"
balanced,very_sparse15,80000,20340924,0.15,qaoa_p1,1,hybrid_level3,11,qiskit_fallback,density 0.150 is below the V4 window,53,53,50,25,9.528888888888893,0.0,0.008992699993541464,0.00980600000184495,0,6.463182536189453e-15,6.176011978364881e-15,5.738895522338765,5.738895522338832,False,0,nan,nan,0.0,"[2, 6, 11, 10, 15, 5, 3, 0, 14, 13, 4, 12, 8, 7, 1, 9]"
balanced,very_sparse15,80000,20340924,0.15,qaoa_p1,1,stock_level3,29,stock_qiskit,stock Qiskit Level 3 baseline,56,56,47,23,10.183111111111117,0.0,0.008897400010027923,0.009376899994094856,0,6.084858780316664e-15,5.6972297791606714e-15,5.738895522338765,5.738895522338828,False,0,nan,nan,0.0,"[9, 2, 6, 7, 0, 12, 15, 11, 10, 4, 3, 1, 13, 8, 5, 14]"
balanced,very_sparse15,80000,20340924,0.15,qaoa_p1,1,hybrid_level3,29,qiskit_fallback,density 0.150 is below the V4 window,56,56,47,23,10.183111111111117,0.0,0.008629400006611831,0.009435200001462363,0,6.084858780316664e-15,5.6972297791606714e-15,5.738895522338765,5.738895522338828,False,0,nan,nan,0.0,"[9, 2, 6, 7, 0, 12, 15, 11, 10, 4, 3, 1, 13, 8, 5, 14]"
balanced,very_sparse15,80000,20340924,0.15,qaoa_p1,1,stock_level3,47,stock_qiskit,stock Qiskit Level 3 baseline,55,55,44,21,8.092444444444448,0.0,0.008677100006025285,0.009117900001001544,0,6.201674551471484e-15,5.8194472822921955e-15,5.738895522338765,5.7388955223388285,False,0,nan,nan,0.0,"[11, 5, 6, 7, 0, 12, 15, 9, 10, 4, 2, 1, 13, 8, 3, 14]"
balanced,very_sparse15,80000,20340924,0.15,qaoa_p1,1,hybrid_level3,47,qiskit_fallback,density 0.150 is below the V4 window,55,55,44,21,8.092444444444448,0.0,0.010205600003246218,0.011070900000049733,0,6.201674551471484e-15,5.8194472822921955e-15,5.738895522338765,5.7388955223388285,False,0,nan,nan,0.0,"[11, 5, 6, 7, 0, 12, 15, 9, 10, 4, 2, 1, 13, 8, 3, 14]"
balanced,very_sparse15,80000,20340924,0.15,qaoa_p2,2,stock_level3,11,stock_qiskit,stock Qiskit Level 3 baseline,116,116,86,45,17.6568888888889,0.0,0.011461999994935468,0.012150800001109019,0,7.5078804566769e-15,7.29581394926828e-15,8.977049742458753,8.977049742458883,False,0,nan,nan,0.0,"[0, 1, 11, 15, 10, 5, 3, 4, 14, 13, 6, 12, 8, 2, 7, 9]"
balanced,very_sparse15,80000,20340924,0.15,qaoa_p2,2,hybrid_level3,11,qiskit_fallback,density 0.150 is below the V4 window,116,116,86,45,17.6568888888889,0.0,0.011177099993801676,0.012427800000295974,0,7.5078804566769e-15,7.29581394926828e-15,8.977049742458753,8.977049742458883,False,0,nan,nan,0.0,"[0, 1, 11, 15, 10, 5, 3, 4, 14, 13, 6, 12, 8, 2, 7, 9]"
balanced,very_sparse15,80000,20340924,0.15,qaoa_p2,2,stock_level3,29,stock_qiskit,stock Qiskit Level 3 baseline,113,113,79,40,14.250666666666676,0.0,0.011378099996363744,0.012145899992901832,0,7.619946428537858e-15,7.407206628674306e-15,8.977049742458753,8.977049742458886,False,0,nan,nan,0.0,"[6, 15, 2, 9, 11, 4, 7, 12, 3, 5, 14, 8, 1, 10, 13, 0]"
balanced,very_sparse15,80000,20340924,0.15,qaoa_p2,2,hybrid_level3,29,qiskit_fallback,density 0.150 is below the V4 window,113,113,79,40,14.250666666666676,0.0,0.011633700007223524,0.012905199997476302,0,7.619946428537858e-15,7.407206628674306e-15,8.977049742458753,8.977049742458886,False,0,nan,nan,0.0,"[6, 15, 2, 9, 11, 4, 7, 12, 3, 5, 14, 8, 1, 10, 13, 0]"
balanced,very_sparse15,80000,20340924,0.15,qaoa_p2,2,stock_level3,47,stock_qiskit,stock Qiskit Level 3 baseline,110,110,104,52,20.224000000000004,0.0,0.011559399994439445,0.012232099994434975,0,7.633756738210128e-15,7.433533553874023e-15,8.977049742458753,8.977049742458886,False,0,nan,nan,0.0,"[2, 6, 11, 15, 10, 5, 3, 0, 14, 13, 7, 12, 8, 1, 4, 9]"
balanced,very_sparse15,80000,20340924,0.15,qaoa_p2,2,hybrid_level3,47,qiskit_fallback,density 0.150 is below the V4 window,110,110,104,52,20.224000000000004,0.0,0.010977699988870881,0.012273300002561882,0,7.633756738210128e-15,7.433533553874023e-15,8.977049742458753,8.977049742458886,False,0,nan,nan,0.0,"[2, 6, 11, 15, 10, 5, 3, 0, 14, 13, 7, 12, 8, 1, 4, 9]"
balanced,very_sparse15,80001,20340925,0.15,qaoa_p1,1,stock_level3,11,stock_qiskit,stock Qiskit Level 3 baseline,63,63,49,28,10.631111111111117,0.0,0.008754800001042895,0.00923190001049079,0,5.062564389684712e-15,4.9362059748027135e-15,8.828399521014541,8.828399521014628,False,0,nan,nan,0.0,"[12, 3, 9, 13, 5, 14, 11, 4, 15, 2, 10, 0, 8, 6, 7, 1]"
balanced,very_sparse15,80001,20340925,0.15,qaoa_p1,1,hybrid_level3,11,qiskit_fallback,density 0.150 is below the V4 window,63,63,49,28,10.631111111111117,0.0,0.008925600006477907,0.01026389999606181,0,5.062564389684712e-15,4.9362059748027135e-15,8.828399521014541,8.828399521014628,False,0,nan,nan,0.0,"[12, 3, 9, 13, 5, 14, 11, 4, 15, 2, 10, 0, 8, 6, 7, 1]"
balanced,very_sparse15,80001,20340925,0.15,qaoa_p1,1,stock_level3,29,stock_qiskit,stock Qiskit Level 3 baseline,63,63,57,26,10.581333333333337,0.0,0.00904659999650903,0.009565100001054816,0,6.291225513606944e-15,6.153205186678671e-15,8.828399521014541,8.828399521014651,False,0,nan,nan,0.0,"[12, 8, 9, 0, 10, 4, 7, 11, 15, 2, 1, 13, 6, 5, 3, 14]"
balanced,very_sparse15,80001,20340925,0.15,qaoa_p1,1,hybrid_level3,29,qiskit_fallback,density 0.150 is below the V4 window,63,63,57,26,10.581333333333337,0.0,0.009026300002005883,0.009803099994314834,0,6.291225513606944e-15,6.153205186678671e-15,8.828399521014541,8.828399521014651,False,0,nan,nan,0.0,"[12, 8, 9, 0, 10, 4, 7, 11, 15, 2, 1, 13, 6, 5, 3, 14]"
balanced,very_sparse15,80001,20340925,0.15,qaoa_p1,1,stock_level3,47,stock_qiskit,stock Qiskit Level 3 baseline,61,61,57,27,11.256888888888893,0.0,0.012871900005848147,0.013840500003425404,0,5.8342926407287425e-15,5.677918486502426e-15,8.828399521014541,8.828399521014642,False,0,nan,nan,0.0,"[12, 9, 0, 1, 10, 4, 7, 11, 15, 8, 2, 13, 6, 5, 3, 14]"
balanced,very_sparse15,80001,20340925,0.15,qaoa_p1,1,hybrid_level3,47,qiskit_fallback,density 0.150 is below the V4 window,61,61,57,27,11.256888888888893,0.0,0.012916599996970035,0.014220500001101755,0,5.8342926407287425e-15,5.677918486502426e-15,8.828399521014541,8.828399521014642,False,0,nan,nan,0.0,"[12, 9, 0, 1, 10, 4, 7, 11, 15, 8, 2, 13, 6, 5, 3, 14]"
balanced,very_sparse15,80001,20340925,0.15,qaoa_p2,2,stock_level3,11,stock_qiskit,stock Qiskit Level 3 baseline,134,134,96,51,20.167111111111122,0.0,0.013411200008704327,0.01421670000127051,0,8.849150027515416e-15,6.9185721118448904e-15,8.792828905516672,8.792828905516789,False,0,nan,nan,0.0,"[12, 3, 9, 5, 8, 13, 14, 4, 15, 2, 10, 0, 11, 6, 7, 1]"
balanced,very_sparse15,80001,20340925,0.15,qaoa_p2,2,hybrid_level3,11,qiskit_fallback,density 0.150 is below the V4 window,134,134,96,51,20.167111111111122,0.0,0.012557599999126978,0.013769800003501587,0,8.849150027515416e-15,6.9185721118448904e-15,8.792828905516672,8.792828905516789,False,0,nan,nan,0.0,"[12, 3, 9, 5, 8, 13, 14, 4, 15, 2, 10, 0, 11, 6, 7, 1]"
balanced,very_sparse15,80001,20340925,0.15,qaoa_p2,2,stock_level3,29,stock_qiskit,stock Qiskit Level 3 baseline,133,133,88,51,21.120000000000005,0.0,0.012043899987475015,0.012752700000419281,0,6.7874022582364764e-15,6.600890766642564e-15,8.792828905516672,8.792828905516789,False,0,nan,nan,0.0,"[10, 8, 9, 15, 11, 12, 13, 0, 6, 5, 7, 3, 14, 1, 4, 2]"
balanced,very_sparse15,80001,20340925,0.15,qaoa_p2,2,hybrid_level3,29,qiskit_fallback,density 0.150 is below the V4 window,133,133,88,51,21.120000000000005,0.0,0.01186759999836795,0.01309900000342168,0,6.7874022582364764e-15,6.600890766642564e-15,8.792828905516672,8.792828905516789,False,0,nan,nan,0.0,"[10, 8, 9, 15, 11, 12, 13, 0, 6, 5, 7, 3, 14, 1, 4, 2]"
balanced,very_sparse15,80001,20340925,0.15,qaoa_p2,2,stock_level3,47,stock_qiskit,stock Qiskit Level 3 baseline,135,135,85,54,20.807111111111116,0.0,0.012149899994255975,0.012875200001872145,0,6.497506739676937e-15,6.34113420701337e-15,8.792828905516672,8.792828905516782,False,0,nan,nan,0.0,"[1, 8, 9, 15, 11, 14, 12, 0, 6, 5, 10, 3, 13, 4, 7, 2]"
balanced,very_sparse15,80001,20340925,0.15,qaoa_p2,2,hybrid_level3,47,qiskit_fallback,density 0.150 is below the V4 window,135,135,85,54,20.807111111111116,0.0,0.013420299990684725,0.015029899994260632,0,6.497506739676937e-15,6.34113420701337e-15,8.792828905516672,8.792828905516782,False,0,nan,nan,0.0,"[1, 8, 9, 15, 11, 14, 12, 0, 6, 5, 10, 3, 13, 4, 7, 2]"
balanced,very_sparse15,80002,20340926,0.15,qaoa_p1,1,stock_level3,11,stock_qiskit,stock Qiskit Level 3 baseline,57,57,50,28,11.114666666666672,0.0,0.00907549999828916,0.009540300001390278,0,5.210375665153704e-15,5.088433668399881e-15,8.931095347470833,8.931095347470924,False,0,nan,nan,0.0,"[15, 2, 4, 1, 3, 7, 5, 6, 11, 9, 10, 12, 0, 14, 8, 13]"
balanced,very_sparse15,80002,20340926,0.15,qaoa_p1,1,hybrid_level3,11,qiskit_fallback,density 0.150 is below the V4 window,57,57,50,28,11.114666666666672,0.0,0.009549199996399693,0.010389999995823018,0,5.210375665153704e-15,5.088433668399881e-15,8.931095347470833,8.931095347470924,False,0,nan,nan,0.0,"[15, 2, 4, 1, 3, 7, 5, 6, 11, 9, 10, 12, 0, 14, 8, 13]"
balanced,very_sparse15,80002,20340926,0.15,qaoa_p1,1,stock_level3,29,stock_qiskit,stock Qiskit Level 3 baseline,66,66,62,30,11.840000000000003,0.0,0.009770700009539723,0.010607700009131804,0,5.214518848975216e-15,5.068118797874716e-15,8.931095347470833,8.931095347470924,False,0,nan,nan,0.0,"[10, 2, 9, 7, 0, 13, 1, 8, 5, 4, 12, 15, 6, 11, 3, 14]"
balanced,very_sparse15,80002,20340926,0.15,qaoa_p1,1,hybrid_level3,29,qiskit_fallback,density 0.150 is below the V4 window,66,66,62,30,11.840000000000003,0.0,0.009436800013645552,0.010261899995384738,0,5.214518848975216e-15,5.068118797874716e-15,8.931095347470833,8.931095347470924,False,0,nan,nan,0.0,"[10, 2, 9, 7, 0, 13, 1, 8, 5, 4, 12, 15, 6, 11, 3, 14]"
balanced,very_sparse15,80002,20340926,0.15,qaoa_p1,1,stock_level3,47,stock_qiskit,stock Qiskit Level 3 baseline,62,62,49,30,12.544000000000006,0.0,0.009251899988157675,0.009722600007080473,0,5.739974142347896e-15,5.631912729182486e-15,8.931095347470833,8.931095347470936,False,0,nan,nan,0.0,"[12, 1, 4, 5, 9, 7, 2, 6, 11, 0, 10, 15, 3, 14, 8, 13]"
balanced,very_sparse15,80002,20340926,0.15,qaoa_p1,1,hybrid_level3,47,qiskit_fallback,density 0.150 is below the V4 window,62,62,49,30,12.544000000000006,0.0,0.00922369999170769,0.009994699998060241,0,5.739974142347896e-15,5.631912729182486e-15,8.931095347470833,8.931095347470936,False,0,nan,nan,0.0,"[12, 1, 4, 5, 9, 7, 2, 6, 11, 0, 10, 15, 3, 14, 8, 13]"
balanced,very_sparse15,80002,20340926,0.15,qaoa_p2,2,stock_level3,11,stock_qiskit,stock Qiskit Level 3 baseline,132,132,108,59,21.9448888888889,0.0,0.013977100010379218,0.01486049999948591,0,5.797776907812322e-15,5.066372057428993e-15,8.5354358897264,8.535435889726488,False,0,nan,nan,0.0,"[10, 1, 14, 8, 9, 13, 3, 15, 0, 5, 12, 6, 11, 4, 2, 7]"
balanced,very_sparse15,80002,20340926,0.15,qaoa_p2,2,hybrid_level3,11,qiskit_fallback,density 0.150 is below the V4 window,132,132,108,59,21.9448888888889,0.0,0.011980100010987371,0.01330479999887757,0,5.797776907812322e-15,5.066372057428993e-15,8.5354358897264,8.535435889726488,False,0,nan,nan,0.0,"[10, 1, 14, 8, 9, 13, 3, 15, 0, 5, 12, 6, 11, 4, 2, 7]"
balanced,very_sparse15,80002,20340926,0.15,qaoa_p2,2,stock_level3,29,stock_qiskit,stock Qiskit Level 3 baseline,127,127,82,49,21.098666666666677,0.0,0.01174400000309106,0.012460800004191697,0,6.874935003910907e-15,6.3898131363117446e-15,8.5354358897264,8.535435889726513,False,0,nan,nan,0.0,"[5, 10, 1, 6, 0, 2, 12, 4, 8, 15, 3, 9, 7, 14, 13, 11]"
balanced,very_sparse15,80002,20340926,0.15,qaoa_p2,2,hybrid_level3,29,qiskit_fallback,density 0.150 is below the V4 window,127,127,82,49,21.098666666666677,0.0,0.011816700003691949,0.013141200004611164,0,6.874935003910907e-15,6.3898131363117446e-15,8.5354358897264,8.535435889726513,False,0,nan,nan,0.0,"[5, 10, 1, 6, 0, 2, 12, 4, 8, 15, 3, 9, 7, 14, 13, 11]"
balanced,very_sparse15,80002,20340926,0.15,qaoa_p2,2,stock_level3,47,stock_qiskit,stock Qiskit Level 3 baseline,129,129,82,48,18.296888888888898,0.0,0.014006500001414679,0.01522349999868311,0,6.626342376321216e-15,5.794850770275687e-15,8.5354358897264,8.5354358897265,False,0,nan,nan,0.0,"[11, 7, 12, 1, 6, 13, 4, 15, 8, 10, 14, 9, 0, 3, 2, 5]"
balanced,very_sparse15,80002,20340926,0.15,qaoa_p2,2,hybrid_level3,47,qiskit_fallback,density 0.150 is below the V4 window,129,129,82,48,18.296888888888898,0.0,0.011691599996993318,0.012950500007718801,0,6.626342376321216e-15,5.794850770275687e-15,8.5354358897264,8.5354358897265,False,0,nan,nan,0.0,"[11, 7, 12, 1, 6, 13, 4, 15, 8, 10, 14, 9, 0, 3, 2, 5]"
balanced,very_sparse15,80003,20340927,0.15,qaoa_p1,1,stock_level3,11,stock_qiskit,stock Qiskit Level 3 baseline,72,72,61,34,12.664888888888896,0.0,0.01263519999338314,0.013176799999200739,0,3.9523435314847995e-15,3.592880130878991e-15,7.138529353790317,7.138529353790364,False,0,nan,nan,0.0,"[2, 12, 15, 0, 11, 10, 3, 9, 5, 6, 8, 1, 13, 4, 7, 14]"
balanced,very_sparse15,80003,20340927,0.15,qaoa_p1,1,hybrid_level3,11,qiskit_fallback,density 0.150 is below the V4 window,72,72,61,34,12.664888888888896,0.0,0.010506899998290464,0.011485199996968731,0,3.9523435314847995e-15,3.592880130878991e-15,7.138529353790317,7.138529353790364,False,0,nan,nan,0.0,"[2, 12, 15, 0, 11, 10, 3, 9, 5, 6, 8, 1, 13, 4, 7, 14]"
balanced,very_sparse15,80003,20340927,0.15,qaoa_p1,1,stock_level3,29,stock_qiskit,stock Qiskit Level 3 baseline,73,73,58,36,13.575111111111118,0.0,0.008850800004438497,0.009373400011099875,0,4.385291917185463e-15,4.122035946000816e-15,7.138529353790317,7.138529353790372,False,0,nan,nan,0.0,"[15, 7, 14, 2, 13, 11, 0, 1, 4, 9, 6, 3, 12, 5, 8, 10]"
balanced,very_sparse15,80003,20340927,0.15,qaoa_p1,1,hybrid_level3,29,qiskit_fallback,density 0.150 is below the V4 window,73,73,58,36,13.575111111111118,0.0,0.00944809999782592,0.010266299999784678,0,4.385291917185463e-15,4.122035946000816e-15,7.138529353790317,7.138529353790372,False,0,nan,nan,0.0,"[15, 7, 14, 2, 13, 11, 0, 1, 4, 9, 6, 3, 12, 5, 8, 10]"
balanced,very_sparse15,80003,20340927,0.15,qaoa_p1,1,stock_level3,47,stock_qiskit,stock Qiskit Level 3 baseline,66,66,59,29,10.872888888888893,0.0,0.009647099999710917,0.010222900004009716,0,4.084628327134108e-15,3.696460330522602e-15,7.138529353790317,7.138529353790365,False,0,nan,nan,0.0,"[2, 15, 13, 9, 12, 11, 6, 1, 0, 5, 4, 3, 10, 14, 8, 7]"
balanced,very_sparse15,80003,20340927,0.15,qaoa_p1,1,hybrid_level3,47,qiskit_fallback,density 0.150 is below the V4 window,66,66,59,29,10.872888888888893,0.0,0.009394599997904152,0.010381000000052154,0,4.084628327134108e-15,3.696460330522602e-15,7.138529353790317,7.138529353790365,False,0,nan,nan,0.0,"[2, 15, 13, 9, 12, 11, 6, 1, 0, 5, 4, 3, 10, 14, 8, 7]"
balanced,very_sparse15,80003,20340927,0.15,qaoa_p2,2,stock_level3,11,stock_qiskit,stock Qiskit Level 3 baseline,167,167,133,81,29.937777777777782,0.0,0.013292800009367056,0.013972600005217828,0,6.820399216059058e-15,6.503567798317258e-15,6.871239619514562,6.871239619514653,False,0,nan,nan,0.0,"[1, 10, 11, 6, 7, 8, 0, 4, 14, 3, 15, 2, 13, 9, 5, 12]"
balanced,very_sparse15,80003,20340927,0.15,qaoa_p2,2,hybrid_level3,11,qiskit_fallback,density 0.150 is below the V4 window,167,167,133,81,29.937777777777782,0.0,0.012040800007525831,0.013225700007751584,0,6.820399216059058e-15,6.503567798317258e-15,6.871239619514562,6.871239619514653,False,0,nan,nan,0.0,"[1, 10, 11, 6, 7, 8, 0, 4, 14, 3, 15, 2, 13, 9, 5, 12]"
balanced,very_sparse15,80003,20340927,0.15,qaoa_p2,2,stock_level3,29,stock_qiskit,stock Qiskit Level 3 baseline,172,172,131,79,29.432888888888897,0.0,0.01668450000579469,0.018041200004518032,0,7.012196426665487e-15,6.7262107029793485e-15,6.871239619514562,6.871239619514658,False,0,nan,nan,0.0,"[1, 10, 11, 6, 7, 8, 0, 4, 14, 3, 15, 2, 13, 9, 5, 12]"
balanced,very_sparse15,80003,20340927,0.15,qaoa_p2,2,hybrid_level3,29,qiskit_fallback,density 0.150 is below the V4 window,172,172,131,79,29.432888888888897,0.0,0.013659100004588254,0.015227700001560152,0,7.012196426665487e-15,6.7262107029793485e-15,6.871239619514562,6.871239619514658,False,0,nan,nan,0.0,"[1, 10, 11, 6, 7, 8, 0, 4, 14, 3, 15, 2, 13, 9, 5, 12]"
balanced,very_sparse15,80003,20340927,0.15,qaoa_p2,2,stock_level3,47,stock_qiskit,stock Qiskit Level 3 baseline,175,175,127,81,30.620444444444445,0.0,0.011736300002667122,0.012418199999956414,0,7.0906837868189014e-15,6.8148895021749635e-15,6.871239619514562,6.871239619514658,False,0,nan,nan,0.0,"[5, 12, 4, 6, 14, 1, 8, 11, 13, 3, 15, 9, 7, 0, 2, 10]"
balanced,very_sparse15,80003,20340927,0.15,qaoa_p2,2,hybrid_level3,47,qiskit_fallback,density 0.150 is below the V4 window,175,175,127,81,30.620444444444445,0.0,0.011498599997139536,0.01270479999948293,0,7.0906837868189014e-15,6.8148895021749635e-15,6.871239619514562,6.871239619514658,False,0,nan,nan,0.0,"[5, 12, 4, 6, 14, 1, 8, 11, 13, 3, 15, 9, 7, 0, 2, 10]"
balanced,very_sparse15,80004,20340928,0.15,qaoa_p1,1,stock_level3,11,stock_qiskit,stock Qiskit Level 3 baseline,55,55,66,29,11.576888888888897,0.0,0.012014199994155206,0.012627700009034015,0,3.5610829230457716e-15,3.2541981833542715e-15,10.820594215746032,10.820594215746107,False,0,nan,nan,0.0,"[15, 9, 8, 5, 14, 12, 11, 3, 2, 13, 6, 10, 0, 1, 7, 4]"
balanced,very_sparse15,80004,20340928,0.15,qaoa_p1,1,hybrid_level3,11,qiskit_fallback,density 0.150 is below the V4 window,55,55,66,29,11.576888888888897,0.0,0.01084170000103768,0.011797499988460913,0,3.5610829230457716e-15,3.2541981833542715e-15,10.820594215746032,10.820594215746107,False,0,nan,nan,0.0,"[15, 9, 8, 5, 14, 12, 11, 3, 2, 13, 6, 10, 0, 1, 7, 4]"
balanced,very_sparse15,80004,20340928,0.15,qaoa_p1,1,stock_level3,29,stock_qiskit,stock Qiskit Level 3 baseline,55,55,64,31,12.558222222222227,0.0,0.009688999998616055,0.010351000004447997,0,3.6857007397949275e-15,3.441090103713804e-15,10.820594215746032,10.82059421574611,False,0,nan,nan,0.0,"[9, 15, 13, 12, 11, 5, 14, 10, 0, 8, 2, 3, 6, 7, 1, 4]"
balanced,very_sparse15,80004,20340928,0.15,qaoa_p1,1,hybrid_level3,29,qiskit_fallback,density 0.150 is below the V4 window,55,55,64,31,12.558222222222227,0.0,0.010659299994586036,0.011615499999606982,0,3.6857007397949275e-15,3.441090103713804e-15,10.820594215746032,10.82059421574611,False,0,nan,nan,0.0,"[9, 15, 13, 12, 11, 5, 14, 10, 0, 8, 2, 3, 6, 7, 1, 4]"
balanced,very_sparse15,80004,20340928,0.15,qaoa_p1,1,stock_level3,47,stock_qiskit,stock Qiskit Level 3 baseline,63,63,63,36,14.656000000000006,0.0,0.009367099992232397,0.009831200004555285,0,4.14613098874501e-15,3.944863791163163e-15,10.820594215746032,10.820594215746121,False,0,nan,nan,0.0,"[5, 3, 15, 12, 14, 11, 13, 10, 0, 9, 2, 8, 6, 7, 1, 4]"
balanced,very_sparse15,80004,20340928,0.15,qaoa_p1,1,hybrid_level3,47,qiskit_fallback,density 0.150 is below the V4 window,63,63,63,36,14.656000000000006,0.0,0.008990000002086163,0.009772400007932447,0,4.14613098874501e-15,3.944863791163163e-15,10.820594215746032,10.820594215746121,False,0,nan,nan,0.0,"[5, 3, 15, 12, 14, 11, 13, 10, 0, 9, 2, 8, 6, 7, 1, 4]"
balanced,very_sparse15,80004,20340928,0.15,qaoa_p2,2,stock_level3,11,stock_qiskit,stock Qiskit Level 3 baseline,132,132,113,60,23.608888888888895,0.0,0.012766899992129765,0.013468300006934442,0,6.195972673490907e-15,5.389517452838391e-15,10.282459702715022,10.28245970271513,False,0,nan,nan,0.0,"[9, 15, 12, 6, 14, 8, 13, 7, 10, 11, 4, 5, 0, 1, 3, 2]"
balanced,very_sparse15,80004,20340928,0.15,qaoa_p2,2,hybrid_level3,11,qiskit_fallback,density 0.150 is below the V4 window,132,132,113,60,23.608888888888895,0.0,0.012974800003576092,0.01428110001143068,0,6.195972673490907e-15,5.389517452838391e-15,10.282459702715022,10.28245970271513,False,0,nan,nan,0.0,"[9, 15, 12, 6, 14, 8, 13, 7, 10, 11, 4, 5, 0, 1, 3, 2]"
balanced,very_sparse15,80004,20340928,0.15,qaoa_p2,2,stock_level3,29,stock_qiskit,stock Qiskit Level 3 baseline,139,139,114,60,24.14933333333334,0.0,0.012084699992556125,0.012817099996027537,0,7.130888662632277e-15,6.3966846384669786e-15,10.282459702715022,10.282459702715151,False,0,nan,nan,0.0,"[0, 6, 15, 12, 7, 1, 10, 14, 13, 4, 11, 2, 9, 8, 3, 5]"
balanced,very_sparse15,80004,20340928,0.15,qaoa_p2,2,hybrid_level3,29,qiskit_fallback,density 0.150 is below the V4 window,139,139,114,60,24.14933333333334,0.0,0.012166000000433996,0.01338420000683982,0,7.130888662632277e-15,6.3966846384669786e-15,10.282459702715022,10.282459702715151,False,0,nan,nan,0.0,"[0, 6, 15, 12, 7, 1, 10, 14, 13, 4, 11, 2, 9, 8, 3, 5]"
balanced,very_sparse15,80004,20340928,0.15,qaoa_p2,2,stock_level3,47,stock_qiskit,stock Qiskit Level 3 baseline,138,138,135,69,26.38933333333334,0.0,0.01240979999420233,0.01312990000587888,0,7.596966664982452e-15,7.260419802203376e-15,10.282459702715022,10.28245970271517,False,0,nan,nan,0.0,"[5, 9, 12, 0, 8, 14, 15, 2, 3, 11, 1, 13, 6, 4, 7, 10]"
balanced,very_sparse15,80004,20340928,0.15,qaoa_p2,2,hybrid_level3,47,qiskit_fallback,density 0.150 is below the V4 window,138,138,135,69,26.38933333333334,0.0,0.011887300002854317,0.013084399994113483,0,7.596966664982452e-15,7.260419802203376e-15,10.282459702715022,10.28245970271517,False,0,nan,nan,0.0,"[5, 9, 12, 0, 8, 14, 15, 2, 3, 11, 1, 13, 6, 4, 7, 10]"
balanced,very_sparse15,80005,20340929,0.15,qaoa_p1,1,stock_level3,11,stock_qiskit,stock Qiskit Level 3 baseline,67,67,95,48,17.87733333333334,0.0,0.009493599995039403,0.010013799997977912,0,5.2465068291499455e-15,5.0442038089184736e-15,6.6707289648023815,6.67072896480245,False,0,nan,nan,0.0,"[15, 13, 12, 5, 8, 2, 11, 9, 0, 1, 10, 14, 7, 6, 3, 4]"
balanced,very_sparse15,80005,20340929,0.15,qaoa_p1,1,hybrid_level3,11,qiskit_fallback,density 0.150 is below the V4 window,67,67,95,48,17.87733333333334,0.0,0.009524799999780953,0.010337100000469945,0,5.2465068291499455e-15,5.0442038089184736e-15,6.6707289648023815,6.67072896480245,False,0,nan,nan,0.0,"[15, 13, 12, 5, 8, 2, 11, 9, 0, 1, 10, 14, 7, 6, 3, 4]"
balanced,very_sparse15,80005,20340929,0.15,qaoa_p1,1,stock_level3,29,stock_qiskit,stock Qiskit Level 3 baseline,73,73,56,34,13.226666666666668,0.0,0.008913699988625012,0.009422599992831238,0,5.652946099445508e-15,5.4690825232830455e-15,6.6707289648023815,6.670728964802454,False,0,nan,nan,0.0,"[13, 14, 10, 5, 9, 2, 8, 0, 6, 1, 15, 11, 4, 12, 3, 7]"
balanced,very_sparse15,80005,20340929,0.15,qaoa_p1,1,hybrid_level3,29,qiskit_fallback,density 0.150 is below the V4 window,73,73,56,34,13.226666666666668,0.0,0.008616200007963926,0.00938230000610929,0,5.652946099445508e-15,5.4690825232830455e-15,6.6707289648023815,6.670728964802454,False,0,nan,nan,0.0,"[13, 14, 10, 5, 9, 2, 8, 0, 6, 1, 15, 11, 4, 12, 3, 7]"
balanced,very_sparse15,80005,20340929,0.15,qaoa_p1,1,stock_level3,47,stock_qiskit,stock Qiskit Level 3 baseline,70,70,59,32,13.155555555555566,0.0,0.009374400004162453,0.009951699990779161,0,5.425613285697582e-15,5.264815234096751e-15,6.6707289648023815,6.670728964802452,False,0,nan,nan,0.0,"[10, 15, 4, 7, 14, 0, 13, 9, 3, 5, 1, 12, 11, 2, 6, 8]"
balanced,very_sparse15,80005,20340929,0.15,qaoa_p1,1,hybrid_level3,47,qiskit_fallback,density 0.150 is below the V4 window,70,70,59,32,13.155555555555566,0.0,0.009139200003119186,0.009899500000756234,0,5.425613285697582e-15,5.264815234096751e-15,6.6707289648023815,6.670728964802452,False,0,nan,nan,0.0,"[10, 15, 4, 7, 14, 0, 13, 9, 3, 5, 1, 12, 11, 2, 6, 8]"
balanced,very_sparse15,80005,20340929,0.15,qaoa_p2,2,stock_level3,11,stock_qiskit,stock Qiskit Level 3 baseline,148,148,103,55,20.693333333333342,0.0,0.014452400006121024,0.015229299999191426,0,8.72269541373953e-15,8.413249040368929e-15,8.786261550317228,8.786261550317375,False,0,nan,nan,0.0,"[11, 12, 3, 10, 9, 2, 14, 6, 0, 1, 8, 13, 7, 5, 15, 4]"
balanced,very_sparse15,80005,20340929,0.15,qaoa_p2,2,hybrid_level3,11,qiskit_fallback,density 0.150 is below the V4 window,148,148,103,55,20.693333333333342,0.0,0.012151699993410148,0.013470599995343946,0,8.72269541373953e-15,8.413249040368929e-15,8.786261550317228,8.786261550317375,False,0,nan,nan,0.0,"[11, 12, 3, 10, 9, 2, 14, 6, 0, 1, 8, 13, 7, 5, 15, 4]"
balanced,very_sparse15,80005,20340929,0.15,qaoa_p2,2,stock_level3,29,stock_qiskit,stock Qiskit Level 3 baseline,153,153,114,73,27.882666666666676,0.0,0.012687200010986999,0.013368299987632781,0,8.472408735321043e-15,8.264972647316838e-15,8.786261550317228,8.786261550317372,False,0,nan,nan,0.0,"[7, 6, 10, 2, 0, 15, 1, 14, 5, 9, 12, 4, 11, 13, 3, 8]"
balanced,very_sparse15,80005,20340929,0.15,qaoa_p2,2,hybrid_level3,29,qiskit_fallback,density 0.150 is below the V4 window,153,153,114,73,27.882666666666676,0.0,0.011970999999903142,0.013218200008850545,0,8.472408735321043e-15,8.264972647316838e-15,8.786261550317228,8.786261550317372,False,0,nan,nan,0.0,"[7, 6, 10, 2, 0, 15, 1, 14, 5, 9, 12, 4, 11, 13, 3, 8]"
balanced,very_sparse15,80005,20340929,0.15,qaoa_p2,2,stock_level3,47,stock_qiskit,stock Qiskit Level 3 baseline,139,139,109,68,26.055111111111117,0.0,0.014939400003640912,0.01566350000211969,0,8.867182122679554e-15,8.563214257471987e-15,8.786261550317228,8.786261550317379,False,0,nan,nan,0.0,"[15, 6, 1, 2, 0, 5, 4, 9, 8, 13, 10, 7, 14, 12, 3, 11]"
balanced,very_sparse15,80005,20340929,0.15,qaoa_p2,2,hybrid_level3,47,qiskit_fallback,density 0.150 is below the V4 window,139,139,109,68,26.055111111111117,0.0,0.01238319999538362,0.013587899986305274,0,8.867182122679554e-15,8.563214257471987e-15,8.786261550317228,8.786261550317379,False,0,nan,nan,0.0,"[15, 6, 1, 2, 0, 5, 4, 9, 8, 13, 10, 7, 14, 12, 3, 11]"
balanced,very_sparse15,80006,20340930,0.15,qaoa_p1,1,stock_level3,11,stock_qiskit,stock Qiskit Level 3 baseline,67,67,62,37,13.703111111111115,0.0,0.009592799993697554,0.010118399994098581,0,6.828799499074259e-15,6.750709836234225e-15,8.677850404098029,8.677850404098146,False,0,nan,nan,0.0,"[11, 6, 12, 13, 3, 2, 14, 5, 15, 9, 4, 1, 8, 7, 0, 10]"
balanced,very_sparse15,80006,20340930,0.15,qaoa_p1,1,hybrid_level3,11,qiskit_fallback,density 0.150 is below the V4 window,67,67,62,37,13.703111111111115,0.0,0.009238600003300235,0.010126200009835884,0,6.828799499074259e-15,6.750709836234225e-15,8.677850404098029,8.677850404098146,False,0,nan,nan,0.0,"[11, 6, 12, 13, 3, 2, 14, 5, 15, 9, 4, 1, 8, 7, 0, 10]"
balanced,very_sparse15,80006,20340930,0.15,qaoa_p1,1,stock_level3,29,stock_qiskit,stock Qiskit Level 3 baseline,67,67,72,36,14.336000000000004,0.0,0.00883859999885317,0.009303999991971068,0,6.490422596752469e-15,6.336977923047492e-15,8.677850404098029,8.67785040409814,False,0,nan,nan,0.0,"[1, 11, 7, 4, 5, 8, 2, 3, 6, 9, 15, 14, 0, 13, 10, 12]"
balanced,very_sparse15,80006,20340930,0.15,qaoa_p1,1,hybrid_level3,29,qiskit_fallback,density 0.150 is below the V4 window,67,67,72,36,14.336000000000004,0.0,0.009326999992481433,0.010087699993164279,0,6.490422596752469e-15,6.336977923047492e-15,8.677850404098029,8.67785040409814,False,0,nan,nan,0.0,"[1, 11, 7, 4, 5, 8, 2, 3, 6, 9, 15, 14, 0, 13, 10, 12]"
balanced,very_sparse15,80006,20340930,0.15,qaoa_p1,1,stock_level3,47,stock_qiskit,stock Qiskit Level 3 baseline,59,59,72,36,14.542222222222229,0.0,0.009665399993536994,0.01032370000029914,0,6.900476600794233e-15,6.734955344413072e-15,8.677850404098029,8.677850404098146,False,0,nan,nan,0.0,"[7, 9, 5, 8, 1, 0, 3, 4, 10, 2, 11, 15, 6, 13, 12, 14]"
balanced,very_sparse15,80006,20340930,0.15,qaoa_p1,1,hybrid_level3,47,qiskit_fallback,density 0.150 is below the V4 window,59,59,72,36,14.542222222222229,0.0,0.009383800002979115,0.01017340000544209,0,6.900476600794233e-15,6.734955344413072e-15,8.677850404098029,8.677850404098146,False,0,nan,nan,0.0,"[7, 9, 5, 8, 1, 0, 3, 4, 10, 2, 11, 15, 6, 13, 12, 14]"
balanced,very_sparse15,80006,20340930,0.15,qaoa_p2,2,stock_level3,11,stock_qiskit,stock Qiskit Level 3 baseline,132,132,139,71,28.401777777777788,0.0,0.01566859999729786,0.016795699993963353,0,5.991003010421311e-15,5.6440709384675565e-15,9.341302662261318,9.341302662261421,False,0,nan,nan,0.0,"[12, 5, 3, 6, 11, 8, 13, 14, 10, 9, 4, 7, 15, 1, 2, 0]"
balanced,very_sparse15,80006,20340930,0.15,qaoa_p2,2,hybrid_level3,11,qiskit_fallback,density 0.150 is below the V4 window,132,132,139,71,28.401777777777788,0.0,0.011383400007616729,0.012618399996426888,0,5.991003010421311e-15,5.6440709384675565e-15,9.341302662261318,9.341302662261421,False,0,nan,nan,0.0,"[12, 5, 3, 6, 11, 8, 13, 14, 10, 9, 4, 7, 15, 1, 2, 0]"
balanced,very_sparse15,80006,20340930,0.15,qaoa_p2,2,stock_level3,29,stock_qiskit,stock Qiskit Level 3 baseline,138,138,115,72,29.4968888888889,0.0,0.011778200001572259,0.012548900005640462,0,6.054348338237061e-15,5.747801593992785e-15,9.341302662261318,9.341302662261423,False,0,nan,nan,0.0,"[8, 6, 10, 7, 14, 13, 12, 11, 5, 15, 2, 3, 9, 1, 0, 4]"
balanced,very_sparse15,80006,20340930,0.15,qaoa_p2,2,hybrid_level3,29,qiskit_fallback,density 0.150 is below the V4 window,138,138,115,72,29.4968888888889,0.0,0.012720099999569356,0.013959299991256557,0,6.054348338237061e-15,5.747801593992785e-15,9.341302662261318,9.341302662261423,False,0,nan,nan,0.0,"[8, 6, 10, 7, 14, 13, 12, 11, 5, 15, 2, 3, 9, 1, 0, 4]"
balanced,very_sparse15,80006,20340930,0.15,qaoa_p2,2,stock_level3,47,stock_qiskit,stock Qiskit Level 3 baseline,127,127,138,68,27.40622222222223,0.0,0.011716699998942204,0.01239730000088457,0,6.8363641885366076e-15,6.4969091358340905e-15,9.341302662261318,9.341302662261437,False,0,nan,nan,0.0,"[12, 5, 3, 2, 11, 8, 13, 14, 10, 9, 0, 6, 15, 4, 7, 1]"
balanced,very_sparse15,80006,20340930,0.15,qaoa_p2,2,hybrid_level3,47,qiskit_fallback,density 0.150 is below the V4 window,127,127,138,68,27.40622222222223,0.0,0.011839600003440864,0.01308029999199789,0,6.8363641885366076e-15,6.4969091358340905e-15,9.341302662261318,9.341302662261437,False,0,nan,nan,0.0,"[12, 5, 3, 2, 11, 8, 13, 14, 10, 9, 0, 6, 15, 4, 7, 1]"
balanced,very_sparse15,80007,20340931,0.15,qaoa_p1,1,stock_level3,11,stock_qiskit,stock Qiskit Level 3 baseline,74,74,81,42,16.27022222222223,0.0,0.009404900003573857,0.009879799996269867,0,5.04955041354554e-15,4.782067717639507e-15,9.352012985393884,9.352012985393973,False,0,nan,nan,0.0,"[7, 9, 5, 0, 1, 6, 8, 14, 11, 4, 10, 2, 3, 13, 15, 12]"
balanced,very_sparse15,80007,20340931,0.15,qaoa_p1,1,hybrid_level3,11,qiskit_fallback,density 0.150 is below the V4 window,74,74,81,42,16.27022222222223,0.0,0.008894600003259256,0.009677199996076524,0,5.04955041354554e-15,4.782067717639507e-15,9.352012985393884,9.352012985393973,False,0,nan,nan,0.0,"[7, 9, 5, 0, 1, 6, 8, 14, 11, 4, 10, 2, 3, 13, 15, 12]"
balanced,very_sparse15,80007,20340931,0.15,qaoa_p1,1,stock_level3,29,stock_qiskit,stock Qiskit Level 3 baseline,74,74,58,32,12.195555555555563,0.0,0.009603000013157725,0.0101037999993423,0,4.924475850827296e-15,4.675952248916295e-15,9.352012985393884,9.352012985393971,False,0,nan,nan,0.0,"[10, 4, 1, 0, 3, 5, 6, 14, 13, 7, 12, 9, 2, 8, 15, 11]"
balanced,very_sparse15,80007,20340931,0.15,qaoa_p1,1,hybrid_level3,29,qiskit_fallback,density 0.150 is below the V4 window,74,74,58,32,12.195555555555563,0.0,0.009386299992911518,0.01023269999132026,0,4.924475850827296e-15,4.675952248916295e-15,9.352012985393884,9.352012985393971,False,0,nan,nan,0.0,"[10, 4, 1, 0, 3, 5, 6, 14, 13, 7, 12, 9, 2, 8, 15, 11]"
balanced,very_sparse15,80007,20340931,0.15,qaoa_p1,1,stock_level3,47,stock_qiskit,stock Qiskit Level 3 baseline,65,65,59,35,14.648888888888893,0.0,0.009655899993958883,0.010179199991398491,0,3.9122271643256775e-15,3.578543833548916e-15,9.352012985393884,9.352012985393952,False,0,nan,nan,0.0,"[10, 5, 8, 9, 14, 13, 3, 0, 2, 12, 7, 15, 11, 1, 6, 4]"
balanced,very_sparse15,80007,20340931,0.15,qaoa_p1,1,hybrid_level3,47,qiskit_fallback,density 0.150 is below the V4 window,65,65,59,35,14.648888888888893,0.0,0.008716199998161756,0.009514000004855916,0,3.9122271643256775e-15,3.578543833548916e-15,9.352012985393884,9.352012985393952,False,0,nan,nan,0.0,"[10, 5, 8, 9, 14, 13, 3, 0, 2, 12, 7, 15, 11, 1, 6, 4]"
balanced,very_sparse15,80007,20340931,0.15,qaoa_p2,2,stock_level3,11,stock_qiskit,stock Qiskit Level 3 baseline,159,159,118,67,24.896000000000008,0.0,0.012335499995970167,0.013040699996054173,0,7.309009892798095e-15,6.8960679208857855e-15,7.878611085221236,7.878611085221345,False,0,nan,nan,0.0,"[2, 5, 8, 0, 14, 6, 11, 7, 10, 3, 4, 15, 9, 13, 1, 12]"
balanced,very_sparse15,80007,20340931,0.15,qaoa_p2,2,hybrid_level3,11,qiskit_fallback,density 0.150 is below the V4 window,159,159,118,67,24.896000000000008,0.0,0.016982900007860735,0.01883580000139773,0,7.309009892798095e-15,6.8960679208857855e-15,7.878611085221236,7.878611085221345,False,0,nan,nan,0.0,"[2, 5, 8, 0, 14, 6, 11, 7, 10, 3, 4, 15, 9, 13, 1, 12]"
balanced,very_sparse15,80007,20340931,0.15,qaoa_p2,2,stock_level3,29,stock_qiskit,stock Qiskit Level 3 baseline,157,157,114,63,24.995555555555566,0.0,0.012297499997657724,0.013001200000871904,0,7.686171339724045e-15,7.274095824012779e-15,7.878611085221236,7.878611085221351,False,0,nan,nan,0.0,"[3, 1, 4, 0, 15, 11, 7, 14, 10, 2, 8, 9, 6, 12, 5, 13]"
balanced,very_sparse15,80007,20340931,0.15,qaoa_p2,2,hybrid_level3,29,qiskit_fallback,density 0.150 is below the V4 window,157,157,114,63,24.995555555555566,0.0,0.012070800003129989,0.013271099989651702,0,7.686171339724045e-15,7.274095824012779e-15,7.878611085221236,7.878611085221351,False,0,nan,nan,0.0,"[3, 1, 4, 0, 15, 11, 7, 14, 10, 2, 8, 9, 6, 12, 5, 13]"
balanced,very_sparse15,80007,20340931,0.15,qaoa_p2,2,stock_level3,47,stock_qiskit,stock Qiskit Level 3 baseline,154,154,119,63,23.146666666666675,0.0,0.012152299997978844,0.012845000004745089,0,7.527162201659663e-15,7.126823338090727e-15,7.878611085221236,7.878611085221349,False,0,nan,nan,0.0,"[13, 8, 5, 3, 2, 1, 11, 7, 14, 15, 4, 0, 9, 12, 6, 10]"
balanced,very_sparse15,80007,20340931,0.15,qaoa_p2,2,hybrid_level3,47,qiskit_fallback,density 0.150 is below the V4 window,154,154,119,63,23.146666666666675,0.0,0.012279199989279732,0.013500599990948103,0,7.527162201659663e-15,7.126823338090727e-15,7.878611085221236,7.878611085221349,False,0,nan,nan,0.0,"[13, 8, 5, 3, 2, 1, 11, 7, 14, 15, 4, 0, 9, 12, 6, 10]"
balanced,very_sparse15,80008,20340932,0.15,qaoa_p1,1,stock_level3,11,stock_qiskit,stock Qiskit Level 3 baseline,70,70,57,30,12.117333333333338,0.0,0.010041000001365319,0.010780500000691973,0,5.025715167514413e-15,4.824574302638871e-15,6.611988197403114,6.6119881974031784,False,0,nan,nan,0.0,"[9, 11, 6, 1, 0, 7, 5, 14, 15, 13, 12, 3, 10, 8, 4, 2]"
balanced,very_sparse15,80008,20340932,0.15,qaoa_p1,1,hybrid_level3,11,qiskit_fallback,density 0.150 is below the V4 window,70,70,57,30,12.117333333333338,0.0,0.009300099991378374,0.010115400000358932,0,5.025715167514413e-15,4.824574302638871e-15,6.611988197403114,6.6119881974031784,False,0,nan,nan,0.0,"[9, 11, 6, 1, 0, 7, 5, 14, 15, 13, 12, 3, 10, 8, 4, 2]"
balanced,very_sparse15,80008,20340932,0.15,qaoa_p1,1,stock_level3,29,stock_qiskit,stock Qiskit Level 3 baseline,67,67,45,25,9.76355555555556,0.0,0.009194800004479475,0.009718400004203431,0,4.947992023988345e-15,4.636544485848738e-15,6.611988197403114,6.611988197403175,False,0,nan,nan,0.0,"[3, 2, 15, 10, 11, 14, 8, 1, 0, 4, 12, 5, 13, 9, 6, 7]"
balanced,very_sparse15,80008,20340932,0.15,qaoa_p1,1,hybrid_level3,29,qiskit_fallback,density 0.150 is below the V4 window,67,67,45,25,9.76355555555556,0.0,0.009025399995152839,0.009818199992878363,0,4.947992023988345e-15,4.636544485848738e-15,6.611988197403114,6.611988197403175,False,0,nan,nan,0.0,"[3, 2, 15, 10, 11, 14, 8, 1, 0, 4, 12, 5, 13, 9, 6, 7]"
balanced,very_sparse15,80008,20340932,0.15,qaoa_p1,1,stock_level3,47,stock_qiskit,stock Qiskit Level 3 baseline,56,56,46,28,11.029333333333337,0.0,0.009804000001167879,0.010332699996070005,0,4.822637511526906e-15,4.604258369381359e-15,6.611988197403114,6.611988197403175,False,0,nan,nan,0.0,"[6, 7, 13, 11, 5, 10, 2, 4, 9, 0, 15, 3, 12, 1, 14, 8]"
balanced,very_sparse15,80008,20340932,0.15,qaoa_p1,1,hybrid_level3,47,qiskit_fallback,density 0.150 is below the V4 window,56,56,46,28,11.029333333333337,0.0,0.009226199996192008,0.00999259999662172,0,4.822637511526906e-15,4.604258369381359e-15,6.611988197403114,6.611988197403175,False,0,nan,nan,0.0,"[6, 7, 13, 11, 5, 10, 2, 4, 9, 0, 15, 3, 12, 1, 14, 8]"
balanced,very_sparse15,80008,20340932,0.15,qaoa_p2,2,stock_level3,11,stock_qiskit,stock Qiskit Level 3 baseline,130,130,114,60,22.940444444444452,0.0,0.011350699991453439,0.012094100005924702,0,7.191982475642045e-15,6.866283741660688e-15,7.26202316641646,7.262023166416561,False,0,nan,nan,0.0,"[5, 11, 4, 1, 15, 10, 13, 8, 3, 9, 6, 12, 7, 14, 0, 2]"
balanced,very_sparse15,80008,20340932,0.15,qaoa_p2,2,hybrid_level3,11,qiskit_fallback,density 0.150 is below the V4 window,130,130,114,60,22.940444444444452,0.0,0.013635399998747744,0.015284699999028817,0,7.191982475642045e-15,6.866283741660688e-15,7.26202316641646,7.262023166416561,False,0,nan,nan,0.0,"[5, 11, 4, 1, 15, 10, 13, 8, 3, 9, 6, 12, 7, 14, 0, 2]"
balanced,very_sparse15,80008,20340932,0.15,qaoa_p2,2,stock_level3,29,stock_qiskit,stock Qiskit Level 3 baseline,141,141,104,49,21.08444444444445,0.0,0.014566400001058355,0.015703500001109205,0,6.870493674318961e-15,6.490736756366979e-15,7.26202316641646,7.262023166416556,False,0,nan,nan,0.0,"[15, 14, 4, 3, 6, 7, 12, 11, 9, 8, 0, 10, 1, 13, 2, 5]"
balanced,very_sparse15,80008,20340932,0.15,qaoa_p2,2,hybrid_level3,29,qiskit_fallback,density 0.150 is below the V4 window,141,141,104,49,21.08444444444445,0.0,0.012564999997266568,0.013840300001902506,0,6.870493674318961e-15,6.490736756366979e-15,7.26202316641646,7.262023166416556,False,0,nan,nan,0.0,"[15, 14, 4, 3, 6, 7, 12, 11, 9, 8, 0, 10, 1, 13, 2, 5]"
balanced,very_sparse15,80008,20340932,0.15,qaoa_p2,2,stock_level3,47,stock_qiskit,stock Qiskit Level 3 baseline,130,130,90,51,18.908444444444452,0.0,0.011532799995620735,0.012246699989191256,0,7.466357986650309e-15,7.045631462056068e-15,7.26202316641646,7.262023166416563,False,0,nan,nan,0.0,"[2, 3, 7, 14, 6, 10, 1, 5, 9, 8, 13, 4, 12, 0, 15, 11]"
balanced,very_sparse15,80008,20340932,0.15,qaoa_p2,2,hybrid_level3,47,qiskit_fallback,density 0.150 is below the V4 window,130,130,90,51,18.908444444444452,0.0,0.01592940000409726,0.01765009999508038,0,7.466357986650309e-15,7.045631462056068e-15,7.26202316641646,7.262023166416563,False,0,nan,nan,0.0,"[2, 3, 7, 14, 6, 10, 1, 5, 9, 8, 13, 4, 12, 0, 15, 11]"
balanced,very_sparse15,80009,20340933,0.15,qaoa_p1,1,stock_level3,11,stock_qiskit,stock Qiskit Level 3 baseline,75,75,55,34,12.672000000000006,0.0,0.008920499996747822,0.009399699993082322,0,5.177583632100376e-15,5.027656318431111e-15,5.318533129227994,5.318533129228047,False,0,nan,nan,0.0,"[12, 4, 15, 10, 8, 14, 7, 2, 13, 0, 3, 9, 11, 1, 6, 5]"
balanced,very_sparse15,80009,20340933,0.15,qaoa_p1,1,hybrid_level3,11,qiskit_fallback,density 0.150 is below the V4 window,75,75,55,34,12.672000000000006,0.0,0.011700400005793199,0.013162399991415441,0,5.177583632100376e-15,5.027656318431111e-15,5.318533129227994,5.318533129228047,False,0,nan,nan,0.0,"[12, 4, 15, 10, 8, 14, 7, 2, 13, 0, 3, 9, 11, 1, 6, 5]"
balanced,very_sparse15,80009,20340933,0.15,qaoa_p1,1,stock_level3,29,stock_qiskit,stock Qiskit Level 3 baseline,65,65,59,33,12.231111111111119,0.0,0.009648000006563962,0.010147799999685958,0,5.616516800732881e-15,5.4820989325053385e-15,5.318533129227994,5.318533129228052,False,0,nan,nan,0.0,"[14, 1, 15, 10, 5, 11, 12, 4, 13, 9, 2, 0, 8, 7, 6, 3]"
balanced,very_sparse15,80009,20340933,0.15,qaoa_p1,1,hybrid_level3,29,qiskit_fallback,density 0.150 is below the V4 window,65,65,59,33,12.231111111111119,0.0,0.009484200010774657,0.010364999994635582,0,5.616516800732881e-15,5.4820989325053385e-15,5.318533129227994,5.318533129228052,False,0,nan,nan,0.0,"[14, 1, 15, 10, 5, 11, 12, 4, 13, 9, 2, 0, 8, 7, 6, 3]"
balanced,very_sparse15,80009,20340933,0.15,qaoa_p1,1,stock_level3,47,stock_qiskit,stock Qiskit Level 3 baseline,78,78,70,44,16.618666666666673,0.0,0.00930379999044817,0.009873600007267669,0,4.893373795104032e-15,4.719548043645702e-15,5.318533129227994,5.318533129228043,False,0,nan,nan,0.0,"[6, 2, 13, 10, 3, 4, 12, 11, 7, 9, 8, 0, 1, 14, 15, 5]"
balanced,very_sparse15,80009,20340933,0.15,qaoa_p1,1,hybrid_level3,47,qiskit_fallback,density 0.150 is below the V4 window,78,78,70,44,16.618666666666673,0.0,0.00918959999398794,0.010143300009076484,0,4.893373795104032e-15,4.719548043645702e-15,5.318533129227994,5.318533129228043,False,0,nan,nan,0.0,"[6, 2, 13, 10, 3, 4, 12, 11, 7, 9, 8, 0, 1, 14, 15, 5]"
balanced,very_sparse15,80009,20340933,0.15,qaoa_p2,2,stock_level3,11,stock_qiskit,stock Qiskit Level 3 baseline,143,143,95,62,23.616000000000007,0.0,0.012121599997044541,0.01282990000618156,0,7.60921110267228e-15,7.258047524358889e-15,7.563213696923276,7.563213696923384,False,0,nan,nan,0.0,"[7, 0, 6, 12, 5, 14, 10, 1, 13, 9, 2, 8, 11, 4, 15, 3]"
balanced,very_sparse15,80009,20340933,0.15,qaoa_p2,2,hybrid_level3,11,qiskit_fallback,density 0.150 is below the V4 window,143,143,95,62,23.616000000000007,0.0,0.012297299996134825,0.01353749999543652,0,7.60921110267228e-15,7.258047524358889e-15,7.563213696923276,7.563213696923384,False,0,nan,nan,0.0,"[7, 0, 6, 12, 5, 14, 10, 1, 13, 9, 2, 8, 11, 4, 15, 3]"
balanced,very_sparse15,80009,20340933,0.15,qaoa_p2,2,stock_level3,29,stock_qiskit,stock Qiskit Level 3 baseline,147,147,115,70,26.481777777777786,0.0,0.011722099996404722,0.012514300004113466,0,7.467183284053496e-15,7.1025830777293915e-15,7.563213696923276,7.563213696923382,False,0,nan,nan,0.0,"[12, 2, 15, 4, 8, 14, 10, 6, 13, 0, 3, 9, 11, 7, 1, 5]"
balanced,very_sparse15,80009,20340933,0.15,qaoa_p2,2,hybrid_level3,29,qiskit_fallback,density 0.150 is below the V4 window,147,147,115,70,26.481777777777786,0.0,0.011850500013679266,0.01317739998921752,0,7.467183284053496e-15,7.1025830777293915e-15,7.563213696923276,7.563213696923382,False,0,nan,nan,0.0,"[12, 2, 15, 4, 8, 14, 10, 6, 13, 0, 3, 9, 11, 7, 1, 5]"
balanced,very_sparse15,80009,20340933,0.15,qaoa_p2,2,stock_level3,47,stock_qiskit,stock Qiskit Level 3 baseline,145,145,107,62,26.595555555555567,0.0,0.01616939999803435,0.017121700002462603,0,6.892242033557929e-15,6.501932176868929e-15,7.563213696923276,7.563213696923372,False,0,nan,nan,0.0,"[1, 13, 0, 4, 8, 3, 7, 12, 2, 9, 14, 15, 5, 10, 6, 11]"
balanced,very_sparse15,80009,20340933,0.15,qaoa_p2,2,hybrid_level3,47,qiskit_fallback,density 0.150 is below the V4 window,145,145,107,62,26.595555555555567,0.0,0.012619899993296713,0.013927300009527244,0,6.892242033557929e-15,6.501932176868929e-15,7.563213696923276,7.563213696923372,False,0,nan,nan,0.0,"[1, 13, 0, 4, 8, 3, 7, 12, 2, 9, 14, 15, 5, 10, 6, 11]"
balanced,very_sparse15,80010,20340934,0.15,qaoa_p1,1,stock_level3,11,stock_qiskit,stock Qiskit Level 3 baseline,58,58,51,24,10.12622222222223,0.0,0.009409499994944781,0.01005280000390485,0,4.590368480991336e-15,4.2857067346998895e-15,7.210783921956944,7.2107839219570025,False,0,nan,nan,0.0,"[13, 0, 11, 6, 3, 5, 8, 2, 7, 9, 10, 4, 14, 15, 12, 1]"
balanced,very_sparse15,80010,20340934,0.15,qaoa_p1,1,hybrid_level3,11,qiskit_fallback,density 0.150 is below the V4 window,58,58,51,24,10.12622222222223,0.0,0.009441500005777925,0.011933899993891828,0,4.590368480991336e-15,4.2857067346998895e-15,7.210783921956944,7.2107839219570025,False,0,nan,nan,0.0,"[13, 0, 11, 6, 3, 5, 8, 2, 7, 9, 10, 4, 14, 15, 12, 1]"
balanced,very_sparse15,80010,20340934,0.15,qaoa_p1,1,stock_level3,29,stock_qiskit,stock Qiskit Level 3 baseline,62,62,55,27,10.083555555555561,0.0,0.010143399995286018,0.010880700006964616,0,4.662475875880846e-15,4.3692990221548915e-15,7.210783921956944,7.210783921957006,False,0,nan,nan,0.0,"[3, 10, 5, 7, 14, 11, 8, 15, 6, 9, 4, 13, 0, 2, 1, 12]"
balanced,very_sparse15,80010,20340934,0.15,qaoa_p1,1,hybrid_level3,29,qiskit_fallback,density 0.150 is below the V4 window,62,62,55,27,10.083555555555561,0.0,0.011526300004334189,0.012723399995593354,0,4.662475875880846e-15,4.3692990221548915e-15,7.210783921956944,7.210783921957006,False,0,nan,nan,0.0,"[3, 10, 5, 7, 14, 11, 8, 15, 6, 9, 4, 13, 0, 2, 1, 12]"
balanced,very_sparse15,80010,20340934,0.15,qaoa_p1,1,stock_level3,47,stock_qiskit,stock Qiskit Level 3 baseline,57,57,57,25,10.090666666666673,0.0,0.00921859999652952,0.009751599995070137,0,4.5702563401804426e-15,4.262259826262583e-15,7.210783921956944,7.2107839219570025,False,0,nan,nan,0.0,"[10, 9, 0, 7, 3, 2, 1, 5, 14, 4, 13, 11, 6, 15, 12, 8]"
balanced,very_sparse15,80010,20340934,0.15,qaoa_p1,1,hybrid_level3,47,qiskit_fallback,density 0.150 is below the V4 window,57,57,57,25,10.090666666666673,0.0,0.009398399997735396,0.010225100006209686,0,4.5702563401804426e-15,4.262259826262583e-15,7.210783921956944,7.2107839219570025,False,0,nan,nan,0.0,"[10, 9, 0, 7, 3, 2, 1, 5, 14, 4, 13, 11, 6, 15, 12, 8]"
balanced,very_sparse15,80010,20340934,0.15,qaoa_p2,2,stock_level3,11,stock_qiskit,stock Qiskit Level 3 baseline,128,128,94,43,15.94311111111112,0.0,0.01195960000040941,0.01268759999948088,0,7.380872852177516e-15,7.099294839062881e-15,7.330547968710207,7.330547968710309,False,0,nan,nan,0.0,"[0, 14, 3, 6, 11, 9, 8, 15, 10, 5, 7, 12, 2, 1, 4, 13]"
balanced,very_sparse15,80010,20340934,0.15,qaoa_p2,2,hybrid_level3,11,qiskit_fallback,density 0.150 is below the V4 window,128,128,94,43,15.94311111111112,0.0,0.011319999990519136,0.012571200000820681,0,7.380872852177516e-15,7.099294839062881e-15,7.330547968710207,7.330547968710309,False,0,nan,nan,0.0,"[0, 14, 3, 6, 11, 9, 8, 15, 10, 5, 7, 12, 2, 1, 4, 13]"
balanced,very_sparse15,80010,20340934,0.15,qaoa_p2,2,stock_level3,29,stock_qiskit,stock Qiskit Level 3 baseline,131,131,137,70,27.24266666666668,0.0,0.015150600011111237,0.016308999998727813,0,8.061785823494188e-15,7.809913130161876e-15,7.330547968710207,7.330547968710318,False,0,nan,nan,0.0,"[12, 2, 11, 6, 3, 5, 8, 4, 7, 9, 10, 1, 15, 14, 13, 0]"
balanced,very_sparse15,80010,20340934,0.15,qaoa_p2,2,hybrid_level3,29,qiskit_fallback,density 0.150 is below the V4 window,131,131,137,70,27.24266666666668,0.0,0.01652279999689199,0.01839759999711532,0,8.061785823494188e-15,7.809913130161876e-15,7.330547968710207,7.330547968710318,False,0,nan,nan,0.0,"[12, 2, 11, 6, 3, 5, 8, 4, 7, 9, 10, 1, 15, 14, 13, 0]"
balanced,very_sparse15,80010,20340934,0.15,qaoa_p2,2,stock_level3,47,stock_qiskit,stock Qiskit Level 3 baseline,128,128,95,47,19.7688888888889,0.0,0.011668699997244403,0.012432699993951246,0,6.4600652184163595e-15,6.160677936694367e-15,7.330547968710207,7.330547968710295,False,0,nan,nan,0.0,"[11, 6, 14, 2, 10, 15, 12, 1, 0, 13, 3, 7, 9, 8, 5, 4]"
balanced,very_sparse15,80010,20340934,0.15,qaoa_p2,2,hybrid_level3,47,qiskit_fallback,density 0.150 is below the V4 window,128,128,95,47,19.7688888888889,0.0,0.011822400003438815,0.013061600009677932,0,6.4600652184163595e-15,6.160677936694367e-15,7.330547968710207,7.330547968710295,False,0,nan,nan,0.0,"[11, 6, 14, 2, 10, 15, 12, 1, 0, 13, 3, 7, 9, 8, 5, 4]"
balanced,very_sparse15,80011,20340935,0.15,qaoa_p1,1,stock_level3,11,stock_qiskit,stock Qiskit Level 3 baseline,61,61,42,23,10.005333333333338,0.0,0.008933499993872829,0.009461599998758174,0,5.996385005252129e-15,5.891829890994089e-15,8.918800458310992,8.918800458311097,False,0,nan,nan,0.0,"[15, 14, 5, 2, 9, 1, 7, 10, 11, 13, 6, 12, 3, 8, 0, 4]"
balanced,very_sparse15,80011,20340935,0.15,qaoa_p1,1,hybrid_level3,11,qiskit_fallback,density 0.150 is below the V4 window,61,61,42,23,10.005333333333338,0.0,0.008614299993496388,0.00944809999782592,0,5.996385005252129e-15,5.891829890994089e-15,8.918800458310992,8.918800458311097,False,0,nan,nan,0.0,"[15, 14, 5, 2, 9, 1, 7, 10, 11, 13, 6, 12, 3, 8, 0, 4]"
balanced,very_sparse15,80011,20340935,0.15,qaoa_p1,1,stock_level3,29,stock_qiskit,stock Qiskit Level 3 baseline,62,62,44,27,9.806222222222226,0.0,0.008903900001314469,0.009363499993924052,0,4.977987091570873e-15,4.823843740767294e-15,8.918800458310992,8.91880045831108,False,0,nan,nan,0.0,"[10, 12, 3, 2, 5, 7, 1, 13, 8, 11, 0, 14, 15, 9, 6, 4]"
balanced,very_sparse15,80011,20340935,0.15,qaoa_p1,1,hybrid_level3,29,qiskit_fallback,density 0.150 is below the V4 window,62,62,44,27,9.806222222222226,0.0,0.014097799998125993,0.01549160000286065,0,4.977987091570873e-15,4.823843740767294e-15,8.918800458310992,8.91880045831108,False,0,nan,nan,0.0,"[10, 12, 3, 2, 5, 7, 1, 13, 8, 11, 0, 14, 15, 9, 6, 4]"
balanced,very_sparse15,80011,20340935,0.15,qaoa_p1,1,stock_level3,47,stock_qiskit,stock Qiskit Level 3 baseline,57,57,39,21,9.408000000000003,0.0,0.010908500000368804,0.011467500007711351,0,5.787305459751789e-15,5.684904824177547e-15,8.918800458310992,8.918800458311095,False,0,nan,nan,0.0,"[5, 9, 10, 7, 15, 1, 3, 8, 13, 14, 4, 11, 6, 12, 0, 2]"
balanced,very_sparse15,80011,20340935,0.15,qaoa_p1,1,hybrid_level3,47,qiskit_fallback,density 0.150 is below the V4 window,57,57,39,21,9.408000000000003,0.0,0.01188479999837,0.013260200008517131,0,5.787305459751789e-15,5.684904824177547e-15,8.918800458310992,8.918800458311095,False,0,nan,nan,0.0,"[5, 9, 10, 7, 15, 1, 3, 8, 13, 14, 4, 11, 6, 12, 0, 2]"
balanced,very_sparse15,80011,20340935,0.15,qaoa_p2,2,stock_level3,11,stock_qiskit,stock Qiskit Level 3 baseline,145,145,91,54,21.35466666666667,0.0,0.012709800008451566,0.013835599995218217,0,5.141302849013497e-15,4.4005092708437565e-15,5.204479169291239,5.204479169291285,False,0,nan,nan,0.0,"[4, 15, 3, 2, 9, 1, 10, 12, 8, 11, 6, 14, 13, 5, 0, 7]"
balanced,very_sparse15,80011,20340935,0.15,qaoa_p2,2,hybrid_level3,11,qiskit_fallback,density 0.150 is below the V4 window,145,145,91,54,21.35466666666667,0.0,0.011945199992624111,0.013264799999888055,0,5.141302849013497e-15,4.4005092708437565e-15,5.204479169291239,5.204479169291285,False,0,nan,nan,0.0,"[4, 15, 3, 2, 9, 1, 10, 12, 8, 11, 6, 14, 13, 5, 0, 7]"
balanced,very_sparse15,80011,20340935,0.15,qaoa_p2,2,stock_level3,29,stock_qiskit,stock Qiskit Level 3 baseline,137,137,92,52,21.226666666666674,0.0,0.011946500002522953,0.012659700005315244,0,6.266706372273808e-15,5.2620190031629824e-15,5.204479169291239,5.204479169291295,False,0,nan,nan,0.0,"[10, 15, 3, 2, 5, 1, 7, 12, 11, 14, 6, 13, 9, 8, 0, 4]"
balanced,very_sparse15,80011,20340935,0.15,qaoa_p2,2,hybrid_level3,29,qiskit_fallback,density 0.150 is below the V4 window,137,137,92,52,21.226666666666674,0.0,0.011980800001765601,0.01325139999971725,0,6.266706372273808e-15,5.2620190031629824e-15,5.204479169291239,5.204479169291295,False,0,nan,nan,0.0,"[10, 15, 3, 2, 5, 1, 7, 12, 11, 14, 6, 13, 9, 8, 0, 4]"
balanced,very_sparse15,80011,20340935,0.15,qaoa_p2,2,stock_level3,47,stock_qiskit,stock Qiskit Level 3 baseline,132,132,95,50,19.740444444444453,0.0,0.012513199995737523,0.013286400004290044,0,6.20589588578374e-15,5.5990840441748826e-15,5.204479169291239,5.2044791692912975,False,0,nan,nan,0.0,"[6, 0, 11, 14, 8, 13, 10, 4, 3, 2, 7, 1, 9, 5, 15, 12]"
balanced,very_sparse15,80011,20340935,0.15,qaoa_p2,2,hybrid_level3,47,qiskit_fallback,density 0.150 is below the V4 window,132,132,95,50,19.740444444444453,0.0,0.011721899994881824,0.012965300003997982,0,6.20589588578374e-15,5.5990840441748826e-15,5.204479169291239,5.2044791692912975,False,0,nan,nan,0.0,"[6, 0, 11, 14, 8, 13, 10, 4, 3, 2, 7, 1, 9, 5, 15, 12]"
balanced,sparse25,80000,21340924,0.25,qaoa_p1,1,stock_level3,11,stock_qiskit,stock Qiskit Level 3 baseline,128,128,99,61,23.616000000000007,0.0,0.013651200002641417,0.014501500001642853,0,5.9240671287931325e-15,5.631572754099167e-15,14.834500528317411,14.834500528317573,True,128,15.5234375,0.6889369716825886,8.527163999999175,"[5, 6, 10, 4, 1, 9, 0, 15, 11, 8, 2, 13, 12, 3, 7, 14]"
balanced,sparse25,80000,21340924,0.25,qaoa_p1,1,hybrid_level3,11,qiskit_fallback,density 0.250 is below the V4 window,128,128,99,61,23.616000000000007,0.0,0.010874999992665835,0.012000699993222952,0,5.9240671287931325e-15,5.631572754099167e-15,14.834500528317411,14.834500528317573,True,128,15.5234375,0.6889369716825886,8.66932369999995,"[5, 6, 10, 4, 1, 9, 0, 15, 11, 8, 2, 13, 12, 3, 7, 14]"
balanced,sparse25,80000,21340924,0.25,qaoa_p1,1,stock_level3,29,stock_qiskit,stock Qiskit Level 3 baseline,129,129,104,55,21.553777777777785,0.0,0.011879900004714727,0.012544500001240522,0,6.281275822684731e-15,6.035504813232385e-15,14.834500528317411,14.834500528317585,True,128,15.15625,0.3217494716825886,9.79683649999788,"[9, 2, 6, 14, 12, 5, 15, 3, 1, 0, 11, 7, 10, 8, 13, 4]"
balanced,sparse25,80000,21340924,0.25,qaoa_p1,1,hybrid_level3,29,qiskit_fallback,density 0.250 is below the V4 window,129,129,104,55,21.553777777777785,0.0,0.013329600013094023,0.016013100001146086,0,6.281275822684731e-15,6.035504813232385e-15,14.834500528317411,14.834500528317585,True,128,15.15625,0.3217494716825886,9.517475599990576,"[9, 2, 6, 14, 12, 5, 15, 3, 1, 0, 11, 7, 10, 8, 13, 4]"
balanced,sparse25,80000,21340924,0.25,qaoa_p1,1,stock_level3,47,stock_qiskit,stock Qiskit Level 3 baseline,128,128,92,60,25.671111111111124,0.0,0.011440100002801046,0.012075099992216565,0,5.919723332372144e-15,5.62383901071243e-15,14.834500528317411,14.834500528317575,True,128,15.0625,0.2279994716825886,9.637242299999343,"[6, 8, 9, 13, 11, 0, 15, 5, 2, 1, 12, 7, 3, 10, 14, 4]"
balanced,sparse25,80000,21340924,0.25,qaoa_p1,1,hybrid_level3,47,qiskit_fallback,density 0.250 is below the V4 window,128,128,92,60,25.671111111111124,0.0,0.011629899992840365,0.012673499993979931,0,5.919723332372144e-15,5.62383901071243e-15,14.834500528317411,14.834500528317575,True,128,15.0625,0.2279994716825886,9.805995199989411,"[6, 8, 9, 13, 11, 0, 15, 5, 2, 1, 12, 7, 3, 10, 14, 4]"
balanced,sparse25,80000,21340924,0.25,qaoa_p2,2,stock_level3,11,stock_qiskit,stock Qiskit Level 3 baseline,302,302,182,111,42.47466666666671,0.0,0.021396500000264496,0.022456899998360313,0,1.0465992420116875e-14,1.0224929539232721e-14,15.204419826308994,15.204419826309303,True,128,14.78125,-0.42316982630899425,16.59697569999844,"[8, 6, 10, 13, 15, 5, 9, 3, 2, 0, 14, 7, 1, 11, 12, 4]"
balanced,sparse25,80000,21340924,0.25,qaoa_p2,2,hybrid_level3,11,qiskit_fallback,density 0.250 is below the V4 window,302,302,182,111,42.47466666666671,0.0,0.019308799994178116,0.02140309999231249,0,1.0465992420116875e-14,1.0224929539232721e-14,15.204419826308994,15.204419826309303,True,128,14.78125,-0.42316982630899425,16.237405599997146,"[8, 6, 10, 13, 15, 5, 9, 3, 2, 0, 14, 7, 1, 11, 12, 4]"
balanced,sparse25,80000,21340924,0.25,qaoa_p2,2,stock_level3,29,stock_qiskit,stock Qiskit Level 3 baseline,300,300,198,129,50.325333333333425,0.0,0.016468599991640076,0.017449200007831678,0,8.47334235075843e-15,8.174195674098595e-15,15.204419826308994,15.204419826309241,True,128,14.71875,-0.48566982630899425,15.762982399988687,"[14, 3, 2, 1, 4, 9, 6, 5, 11, 8, 10, 12, 7, 15, 0, 13]"
balanced,sparse25,80000,21340924,0.25,qaoa_p2,2,hybrid_level3,29,qiskit_fallback,density 0.250 is below the V4 window,300,300,198,129,50.325333333333425,0.0,0.020696800012956373,0.02282569999806583,0,8.47334235075843e-15,8.174195674098595e-15,15.204419826308994,15.204419826309241,True,128,14.71875,-0.48566982630899425,15.710509599986835,"[14, 3, 2, 1, 4, 9, 6, 5, 11, 8, 10, 12, 7, 15, 0, 13]"
balanced,sparse25,80000,21340924,0.25,qaoa_p2,2,stock_level3,47,stock_qiskit,stock Qiskit Level 3 baseline,303,303,178,109,45.112888888888946,0.0,0.02205790000152774,0.023585500006447546,0,1.08095314110282e-14,1.063327172524345e-14,15.204419826308994,15.204419826309321,True,128,14.7734375,-0.43098232630899425,15.516611399987596,"[12, 9, 10, 4, 2, 15, 0, 11, 14, 13, 1, 5, 3, 6, 7, 8]"
balanced,sparse25,80000,21340924,0.25,qaoa_p2,2,hybrid_level3,47,qiskit_fallback,density 0.250 is below the V4 window,303,303,178,109,45.112888888888946,0.0,0.0163540999928955,0.01802430000680033,0,1.08095314110282e-14,1.063327172524345e-14,15.204419826308994,15.204419826309321,True,128,14.7734375,-0.43098232630899425,15.621057999989716,"[12, 9, 10, 4, 2, 15, 0, 11, 14, 13, 1, 5, 3, 6, 7, 8]"
balanced,sparse25,80001,21340925,0.25,qaoa_p1,1,stock_level3,11,stock_qiskit,stock Qiskit Level 3 baseline,128,128,120,60,24.647111111111123,0.0,0.012599200010299683,0.013191000005463138,0,6.724317398050127e-15,6.476567588527376e-15,14.709964322463625,14.709964322463815,False,0,nan,nan,0.0,"[6, 8, 11, 5, 9, 1, 14, 0, 3, 2, 4, 15, 7, 12, 10, 13]"
balanced,sparse25,80001,21340925,0.25,qaoa_p1,1,hybrid_level3,11,qiskit_fallback,density 0.250 is below the V4 window,128,128,120,60,24.647111111111123,0.0,0.014953999998397194,0.01601979999395553,0,6.724317398050127e-15,6.476567588527376e-15,14.709964322463625,14.709964322463815,False,0,nan,nan,0.0,"[6, 8, 11, 5, 9, 1, 14, 0, 3, 2, 4, 15, 7, 12, 10, 13]"
balanced,sparse25,80001,21340925,0.25,qaoa_p1,1,stock_level3,29,stock_qiskit,stock Qiskit Level 3 baseline,122,122,88,50,18.417777777777786,0.0,0.011248700000578538,0.011892399998032488,0,6.9476582590181e-15,6.75950662328886e-15,14.709964322463625,14.709964322463826,False,0,nan,nan,0.0,"[14, 2, 11, 1, 0, 3, 9, 6, 4, 7, 10, 15, 12, 5, 13, 8]"
balanced,sparse25,80001,21340925,0.25,qaoa_p1,1,hybrid_level3,29,qiskit_fallback,density 0.250 is below the V4 window,122,122,88,50,18.417777777777786,0.0,0.015981100004864857,0.017573899996932596,0,6.9476582590181e-15,6.75950662328886e-15,14.709964322463625,14.709964322463826,False,0,nan,nan,0.0,"[14, 2, 11, 1, 0, 3, 9, 6, 4, 7, 10, 15, 12, 5, 13, 8]"
balanced,sparse25,80001,21340925,0.25,qaoa_p1,1,stock_level3,47,stock_qiskit,stock Qiskit Level 3 baseline,132,132,107,56,22.392888888888898,0.0,0.01297290000366047,0.013571000003139488,0,6.658606378583378e-15,6.369390450651949e-15,14.709964322463625,14.709964322463813,False,0,nan,nan,0.0,"[8, 0, 6, 7, 3, 5, 4, 10, 11, 15, 14, 9, 13, 2, 12, 1]"
balanced,sparse25,80001,21340925,0.25,qaoa_p1,1,hybrid_level3,47,qiskit_fallback,density 0.250 is below the V4 window,132,132,107,56,22.392888888888898,0.0,0.011967300000833347,0.013015600008657202,0,6.658606378583378e-15,6.369390450651949e-15,14.709964322463625,14.709964322463813,False,0,nan,nan,0.0,"[8, 0, 6, 7, 3, 5, 4, 10, 11, 15, 14, 9, 13, 2, 12, 1]"
balanced,sparse25,80001,21340925,0.25,qaoa_p2,2,stock_level3,11,stock_qiskit,stock Qiskit Level 3 baseline,293,293,198,114,48.106666666666705,0.0,0.01763770000252407,0.01853639999171719,0,7.33272728114711e-15,6.895634184750787e-15,15.405053135510958,15.405053135511167,False,0,nan,nan,0.0,"[12, 0, 6, 9, 2, 1, 4, 14, 8, 13, 11, 15, 5, 10, 3, 7]"
balanced,sparse25,80001,21340925,0.25,qaoa_p2,2,hybrid_level3,11,qiskit_fallback,density 0.250 is below the V4 window,293,293,198,114,48.106666666666705,0.0,0.016543000005185604,0.01820280001265928,0,7.33272728114711e-15,6.895634184750787e-15,15.405053135510958,15.405053135511167,False,0,nan,nan,0.0,"[12, 0, 6, 9, 2, 1, 4, 14, 8, 13, 11, 15, 5, 10, 3, 7]"
balanced,sparse25,80001,21340925,0.25,qaoa_p2,2,stock_level3,29,stock_qiskit,stock Qiskit Level 3 baseline,294,294,215,108,43.505777777777816,0.0,0.01985519999288954,0.02084389999799896,0,9.200085448146202e-15,8.889698317822205e-15,15.405053135510958,15.405053135511233,False,0,nan,nan,0.0,"[11, 6, 4, 15, 12, 3, 0, 10, 13, 7, 14, 9, 8, 2, 5, 1]"
balanced,sparse25,80001,21340925,0.25,qaoa_p2,2,hybrid_level3,29,qiskit_fallback,density 0.250 is below the V4 window,294,294,215,108,43.505777777777816,0.0,0.016477999990456738,0.01807649999682326,0,9.200085448146202e-15,8.889698317822205e-15,15.405053135510958,15.405053135511233,False,0,nan,nan,0.0,"[11, 6, 4, 15, 12, 3, 0, 10, 13, 7, 14, 9, 8, 2, 5, 1]"
balanced,sparse25,80001,21340925,0.25,qaoa_p2,2,stock_level3,47,stock_qiskit,stock Qiskit Level 3 baseline,308,308,188,111,41.92711111111115,0.0,0.016715100005967543,0.017610800001421012,0,8.62197717760557e-15,8.333793648386632e-15,15.405053135510958,15.405053135511217,False,0,nan,nan,0.0,"[6, 9, 11, 12, 2, 1, 8, 7, 4, 15, 10, 0, 13, 3, 14, 5]"
balanced,sparse25,80001,21340925,0.25,qaoa_p2,2,hybrid_level3,47,qiskit_fallback,density 0.250 is below the V4 window,308,308,188,111,41.92711111111115,0.0,0.016184800013434142,0.0177661000052467,0,8.62197717760557e-15,8.333793648386632e-15,15.405053135510958,15.405053135511217,False,0,nan,nan,0.0,"[6, 9, 11, 12, 2, 1, 8, 7, 4, 15, 10, 0, 13, 3, 14, 5]"
balanced,sparse25,80002,21340926,0.25,qaoa_p1,1,stock_level3,11,stock_qiskit,stock Qiskit Level 3 baseline,130,130,93,53,23.089777777777783,0.0,0.010449299996253103,0.011567600013222545,0,5.204194250439462e-15,5.0682666257001295e-15,15.113171018913079,15.113171018913235,False,0,nan,nan,0.0,"[11, 9, 15, 4, 6, 2, 0, 3, 5, 7, 1, 8, 13, 10, 14, 12]"
balanced,sparse25,80002,21340926,0.25,qaoa_p1,1,hybrid_level3,11,qiskit_fallback,density 0.250 is below the V4 window,130,130,93,53,23.089777777777783,0.0,0.010985000000800937,0.011947400009375997,0,5.204194250439462e-15,5.0682666257001295e-15,15.113171018913079,15.113171018913235,False,0,nan,nan,0.0,"[11, 9, 15, 4, 6, 2, 0, 3, 5, 7, 1, 8, 13, 10, 14, 12]"
balanced,sparse25,80002,21340926,0.25,qaoa_p1,1,stock_level3,29,stock_qiskit,stock Qiskit Level 3 baseline,125,125,95,53,20.55111111111112,0.0,0.011073300003772601,0.011685200006468222,0,5.5965248659449524e-15,5.4153424261274484e-15,15.113171018913079,15.113171018913242,False,0,nan,nan,0.0,"[6, 15, 13, 3, 11, 0, 5, 2, 1, 9, 8, 4, 10, 14, 7, 12]"
balanced,sparse25,80002,21340926,0.25,qaoa_p1,1,hybrid_level3,29,qiskit_fallback,density 0.250 is below the V4 window,125,125,95,53,20.55111111111112,0.0,0.01137880000169389,0.012655200000153854,0,5.5965248659449524e-15,5.4153424261274484e-15,15.113171018913079,15.113171018913242,False,0,nan,nan,0.0,"[6, 15, 13, 3, 11, 0, 5, 2, 1, 9, 8, 4, 10, 14, 7, 12]"
balanced,sparse25,80002,21340926,0.25,qaoa_p1,1,stock_level3,47,stock_qiskit,stock Qiskit Level 3 baseline,122,122,92,51,20.309333333333342,0.0,0.01095270000223536,0.011527499998919666,0,5.60984061513406e-15,5.445781548530947e-15,15.113171018913079,15.113171018913242,False,0,nan,nan,0.0,"[8, 9, 15, 0, 10, 2, 4, 1, 3, 6, 7, 5, 14, 12, 11, 13]"
balanced,sparse25,80002,21340926,0.25,qaoa_p1,1,hybrid_level3,47,qiskit_fallback,density 0.250 is below the V4 window,122,122,92,51,20.309333333333342,0.0,0.010703199994168244,0.011737300010281615,0,5.60984061513406e-15,5.445781548530947e-15,15.113171018913079,15.113171018913242,False,0,nan,nan,0.0,"[8, 9, 15, 0, 10, 2, 4, 1, 3, 6, 7, 5, 14, 12, 11, 13]"
balanced,sparse25,80002,21340926,0.25,qaoa_p2,2,stock_level3,11,stock_qiskit,stock Qiskit Level 3 baseline,288,288,185,109,42.11911111111114,0.0,0.01671860000351444,0.01761199999600649,0,8.501218024883852e-15,7.927356566472351e-15,14.747019911974391,14.747019911974624,False,0,nan,nan,0.0,"[4, 9, 3, 14, 13, 7, 12, 11, 8, 15, 6, 5, 1, 10, 2, 0]"
balanced,sparse25,80002,21340926,0.25,qaoa_p2,2,hybrid_level3,11,qiskit_fallback,density 0.250 is below the V4 window,288,288,185,109,42.11911111111114,0.0,0.01983400000608526,0.02190159999008756,0,8.501218024883852e-15,7.927356566472351e-15,14.747019911974391,14.747019911974624,False,0,nan,nan,0.0,"[4, 9, 3, 14, 13, 7, 12, 11, 8, 15, 6, 5, 1, 10, 2, 0]"
balanced,sparse25,80002,21340926,0.25,qaoa_p2,2,stock_level3,29,stock_qiskit,stock Qiskit Level 3 baseline,293,293,218,128,49.379555555555605,0.0,0.01586110000789631,0.016762800005380996,0,7.294256432975011e-15,6.700015278610718e-15,14.747019911974391,14.74701991197459,False,0,nan,nan,0.0,"[11, 9, 15, 1, 6, 3, 0, 2, 5, 7, 4, 8, 13, 10, 14, 12]"
balanced,sparse25,80002,21340926,0.25,qaoa_p2,2,hybrid_level3,29,qiskit_fallback,density 0.250 is below the V4 window,293,293,218,128,49.379555555555605,0.0,0.015430300001753494,0.017007000002195127,0,7.294256432975011e-15,6.700015278610718e-15,14.747019911974391,14.74701991197459,False,0,nan,nan,0.0,"[11, 9, 15, 1, 6, 3, 0, 2, 5, 7, 4, 8, 13, 10, 14, 12]"
balanced,sparse25,80002,21340926,0.25,qaoa_p2,2,stock_level3,47,stock_qiskit,stock Qiskit Level 3 baseline,291,291,173,94,36.83555555555559,0.0,0.01619379999465309,0.017086500010918826,0,7.461721851431516e-15,7.068650787522308e-15,14.747019911974391,14.747019911974597,False,0,nan,nan,0.0,"[11, 9, 14, 5, 7, 1, 6, 3, 0, 8, 4, 2, 12, 13, 10, 15]"
balanced,sparse25,80002,21340926,0.25,qaoa_p2,2,hybrid_level3,47,qiskit_fallback,density 0.250 is below the V4 window,291,291,173,94,36.83555555555559,0.0,0.020173199998680502,0.022369199999957345,0,7.461721851431516e-15,7.068650787522308e-15,14.747019911974391,14.747019911974597,False,0,nan,nan,0.0,"[11, 9, 14, 5, 7, 1, 6, 3, 0, 8, 4, 2, 12, 13, 10, 15]"
balanced,sparse25,80003,21340927,0.25,qaoa_p1,1,stock_level3,11,stock_qiskit,stock Qiskit Level 3 baseline,117,117,90,61,23.96444444444445,0.0,0.010681100000510924,0.011648700005025603,0,4.0759720183294485e-15,3.851566630905973e-15,12.70298093622209,12.702980936222195,False,0,nan,nan,0.0,"[3, 15, 2, 13, 14, 11, 4, 7, 6, 9, 0, 1, 10, 5, 12, 8]"
balanced,sparse25,80003,21340927,0.25,qaoa_p1,1,hybrid_level3,11,qiskit_fallback,density 0.250 is below the V4 window,117,117,90,61,23.96444444444445,0.0,0.011287000001175329,0.012333899998338893,0,4.0759720183294485e-15,3.851566630905973e-15,12.70298093622209,12.702980936222195,False,0,nan,nan,0.0,"[3, 15, 2, 13, 14, 11, 4, 7, 6, 9, 0, 1, 10, 5, 12, 8]"
balanced,sparse25,80003,21340927,0.25,qaoa_p1,1,stock_level3,29,stock_qiskit,stock Qiskit Level 3 baseline,124,124,81,50,19.10044444444445,0.0,0.010801199998240918,0.01137580000795424,0,4.6914117146348425e-15,4.4577309081137584e-15,12.70298093622209,12.702980936222207,False,0,nan,nan,0.0,"[14, 2, 7, 0, 11, 3, 13, 1, 4, 5, 6, 10, 12, 9, 15, 8]"
balanced,sparse25,80003,21340927,0.25,qaoa_p1,1,hybrid_level3,29,qiskit_fallback,density 0.250 is below the V4 window,124,124,81,50,19.10044444444445,0.0,0.014476299998932518,0.015888299996731803,0,4.6914117146348425e-15,4.4577309081137584e-15,12.70298093622209,12.702980936222207,False,0,nan,nan,0.0,"[14, 2, 7, 0, 11, 3, 13, 1, 4, 5, 6, 10, 12, 9, 15, 8]"
balanced,sparse25,80003,21340927,0.25,qaoa_p1,1,stock_level3,47,stock_qiskit,stock Qiskit Level 3 baseline,128,128,98,54,22.47822222222223,0.0,0.011176200001500547,0.01176179999310989,0,5.359660313732776e-15,5.181025114829037e-15,12.70298093622209,12.702980936222223,False,0,nan,nan,0.0,"[0, 9, 13, 8, 4, 5, 6, 11, 14, 3, 15, 12, 10, 1, 7, 2]"
balanced,sparse25,80003,21340927,0.25,qaoa_p1,1,hybrid_level3,47,qiskit_fallback,density 0.250 is below the V4 window,128,128,98,54,22.47822222222223,0.0,0.010802099990542047,0.011756600011722185,0,5.359660313732776e-15,5.181025114829037e-15,12.70298093622209,12.702980936222223,False,0,nan,nan,0.0,"[0, 9, 13, 8, 4, 5, 6, 11, 14, 3, 15, 12, 10, 1, 7, 2]"
balanced,sparse25,80003,21340927,0.25,qaoa_p2,2,stock_level3,11,stock_qiskit,stock Qiskit Level 3 baseline,265,265,175,99,39.82222222222228,0.0,0.020091900005354546,0.021129700005985796,0,6.846889634266288e-15,6.433237330597464e-15,11.132630208183613,11.132630208183752,False,0,nan,nan,0.0,"[2, 14, 6, 15, 3, 9, 0, 13, 12, 11, 10, 7, 4, 5, 1, 8]"
balanced,sparse25,80003,21340927,0.25,qaoa_p2,2,hybrid_level3,11,qiskit_fallback,density 0.250 is below the V4 window,265,265,175,99,39.82222222222228,0.0,0.015541000000666827,0.01710129999264609,0,6.846889634266288e-15,6.433237330597464e-15,11.132630208183613,11.132630208183752,False,0,nan,nan,0.0,"[2, 14, 6, 15, 3, 9, 0, 13, 12, 11, 10, 7, 4, 5, 1, 8]"
balanced,sparse25,80003,21340927,0.25,qaoa_p2,2,stock_level3,29,stock_qiskit,stock Qiskit Level 3 baseline,280,280,207,118,44.7075555555556,0.0,0.0996988999977475,0.10077050000836607,0,7.0286553609892775e-15,6.5883974164436904e-15,11.132630208183613,11.132630208183755,False,0,nan,nan,0.0,"[15, 5, 12, 3, 13, 9, 2, 0, 1, 8, 6, 4, 7, 14, 10, 11]"
balanced,sparse25,80003,21340927,0.25,qaoa_p2,2,hybrid_level3,29,qiskit_fallback,density 0.250 is below the V4 window,280,280,207,118,44.7075555555556,0.0,0.015703600001870655,0.01728020000155084,0,7.0286553609892775e-15,6.5883974164436904e-15,11.132630208183613,11.132630208183755,False,0,nan,nan,0.0,"[15, 5, 12, 3, 13, 9, 2, 0, 1, 8, 6, 4, 7, 14, 10, 11]"
balanced,sparse25,80003,21340927,0.25,qaoa_p2,2,stock_level3,47,stock_qiskit,stock Qiskit Level 3 baseline,283,283,202,115,42.638222222222254,0.0,0.018558199997642078,0.019544299997505732,0,7.468324069189538e-15,7.019773301421342e-15,11.132630208183613,11.132630208183766,False,0,nan,nan,0.0,"[7, 9, 14, 5, 6, 2, 15, 3, 8, 0, 11, 13, 12, 4, 10, 1]"
balanced,sparse25,80003,21340927,0.25,qaoa_p2,2,hybrid_level3,47,qiskit_fallback,density 0.250 is below the V4 window,283,283,202,115,42.638222222222254,0.0,0.016909799989662133,0.01906089999829419,0,7.468324069189538e-15,7.019773301421342e-15,11.132630208183613,11.132630208183766,False,0,nan,nan,0.0,"[7, 9, 14, 5, 6, 2, 15, 3, 8, 0, 11, 13, 12, 4, 10, 1]"
balanced,sparse25,80004,21340928,0.25,qaoa_p1,1,stock_level3,11,stock_qiskit,stock Qiskit Level 3 baseline,134,134,87,56,22.776888888888895,0.0,0.011516800004756078,0.012056299994583242,0,5.342056511934739e-15,5.107416165585742e-15,13.861570908753881,13.86157090875402,False,0,nan,nan,0.0,"[9, 3, 8, 5, 15, 12, 2, 0, 7, 6, 10, 14, 1, 11, 13, 4]"
balanced,sparse25,80004,21340928,0.25,qaoa_p1,1,hybrid_level3,11,qiskit_fallback,density 0.250 is below the V4 window,134,134,87,56,22.776888888888895,0.0,0.012474499992094934,0.01351740000245627,0,5.342056511934739e-15,5.107416165585742e-15,13.861570908753881,13.86157090875402,False,0,nan,nan,0.0,"[9, 3, 8, 5, 15, 12, 2, 0, 7, 6, 10, 14, 1, 11, 13, 4]"
balanced,sparse25,80004,21340928,0.25,qaoa_p1,1,stock_level3,29,stock_qiskit,stock Qiskit Level 3 baseline,132,132,103,64,23.9928888888889,0.0,0.01095280000299681,0.011529900002642535,0,5.7729325603955254e-15,5.589499007369021e-15,13.861570908753881,13.861570908754032,False,0,nan,nan,0.0,"[5, 2, 4, 1, 6, 11, 3, 0, 15, 9, 7, 14, 12, 8, 13, 10]"
balanced,sparse25,80004,21340928,0.25,qaoa_p1,1,hybrid_level3,29,qiskit_fallback,density 0.250 is below the V4 window,132,132,103,64,23.9928888888889,0.0,0.012152799987234175,0.013264499997603707,0,5.7729325603955254e-15,5.589499007369021e-15,13.861570908753881,13.861570908754032,False,0,nan,nan,0.0,"[5, 2, 4, 1, 6, 11, 3, 0, 15, 9, 7, 14, 12, 8, 13, 10]"
balanced,sparse25,80004,21340928,0.25,qaoa_p1,1,stock_level3,47,stock_qiskit,stock Qiskit Level 3 baseline,133,133,85,63,25.26577777777779,0.0,0.012772699992638081,0.01338920000125654,0,5.31680107359261e-15,5.118607743652801e-15,13.861570908753881,13.861570908754024,False,0,nan,nan,0.0,"[9, 8, 5, 7, 6, 4, 11, 14, 10, 0, 13, 3, 15, 1, 2, 12]"
balanced,sparse25,80004,21340928,0.25,qaoa_p1,1,hybrid_level3,47,qiskit_fallback,density 0.250 is below the V4 window,133,133,85,63,25.26577777777779,0.0,0.011520999993081205,0.012669000003370456,0,5.31680107359261e-15,5.118607743652801e-15,13.861570908753881,13.861570908754024,False,0,nan,nan,0.0,"[9, 8, 5, 7, 6, 4, 11, 14, 10, 0, 13, 3, 15, 1, 2, 12]"
balanced,sparse25,80004,21340928,0.25,qaoa_p2,2,stock_level3,11,stock_qiskit,stock Qiskit Level 3 baseline,316,316,205,124,47.601777777777855,0.0,0.017215800005942583,0.018125999995390885,0,8.424821849046412e-15,8.004156817255809e-15,13.851511437908755,13.851511437908973,False,0,nan,nan,0.0,"[9, 2, 5, 3, 11, 8, 1, 0, 13, 6, 4, 15, 7, 14, 12, 10]"
balanced,sparse25,80004,21340928,0.25,qaoa_p2,2,hybrid_level3,11,qiskit_fallback,density 0.250 is below the V4 window,316,316,205,124,47.601777777777855,0.0,0.01660529999935534,0.01830530000734143,0,8.424821849046412e-15,8.004156817255809e-15,13.851511437908755,13.851511437908973,False,0,nan,nan,0.0,"[9, 2, 5, 3, 11, 8, 1, 0, 13, 6, 4, 15, 7, 14, 12, 10]"
balanced,sparse25,80004,21340928,0.25,qaoa_p2,2,stock_level3,29,stock_qiskit,stock Qiskit Level 3 baseline,310,310,184,111,46.24355555555558,0.0,0.016631300008157268,0.0175223999976879,0,8.805793335687398e-15,8.382651654739601e-15,13.851511437908755,13.851511437908982,False,0,nan,nan,0.0,"[12, 15, 13, 14, 9, 3, 7, 10, 2, 6, 0, 11, 4, 5, 8, 1]"
balanced,sparse25,80004,21340928,0.25,qaoa_p2,2,hybrid_level3,29,qiskit_fallback,density 0.250 is below the V4 window,310,310,184,111,46.24355555555558,0.0,0.016146099995239638,0.017735999994329177,0,8.805793335687398e-15,8.382651654739601e-15,13.851511437908755,13.851511437908982,False,0,nan,nan,0.0,"[12, 15, 13, 14, 9, 3, 7, 10, 2, 6, 0, 11, 4, 5, 8, 1]"
balanced,sparse25,80004,21340928,0.25,qaoa_p2,2,stock_level3,47,stock_qiskit,stock Qiskit Level 3 baseline,306,306,194,116,46.36444444444451,0.0,0.016417999999248423,0.017334699994535185,0,8.725655494323558e-15,8.343920136030764e-15,13.851511437908755,13.851511437908982,False,0,nan,nan,0.0,"[6, 1, 7, 4, 15, 14, 0, 2, 8, 9, 11, 10, 3, 13, 12, 5]"
balanced,sparse25,80004,21340928,0.25,qaoa_p2,2,hybrid_level3,47,qiskit_fallback,density 0.250 is below the V4 window,306,306,194,116,46.36444444444451,0.0,0.01592259999597445,0.017484500000136904,0,8.725655494323558e-15,8.343920136030764e-15,13.851511437908755,13.851511437908982,False,0,nan,nan,0.0,"[6, 1, 7, 4, 15, 14, 0, 2, 8, 9, 11, 10, 3, 13, 12, 5]"
balanced,sparse25,80005,21340929,0.25,qaoa_p1,1,stock_level3,11,stock_qiskit,stock Qiskit Level 3 baseline,136,136,98,60,23.075555555555564,0.0,0.012864599993918091,0.014376499995705672,0,5.842950709367971e-15,5.474217324341479e-15,13.48640044568363,13.486400445683778,False,0,nan,nan,0.0,"[3, 0, 11, 15, 8, 10, 13, 9, 14, 5, 6, 4, 2, 7, 1, 12]"
balanced,sparse25,80005,21340929,0.25,qaoa_p1,1,hybrid_level3,11,qiskit_fallback,density 0.250 is below the V4 window,136,136,98,60,23.075555555555564,0.0,0.0111357000132557,0.012175700001535006,0,5.842950709367971e-15,5.474217324341479e-15,13.48640044568363,13.486400445683778,False,0,nan,nan,0.0,"[3, 0, 11, 15, 8, 10, 13, 9, 14, 5, 6, 4, 2, 7, 1, 12]"
balanced,sparse25,80005,21340929,0.25,qaoa_p1,1,stock_level3,29,stock_qiskit,stock Qiskit Level 3 baseline,132,132,116,64,25.436444444444458,0.0,0.010944599998765625,0.01151419999951031,0,6.6730849519808296e-15,6.374612377623252e-15,13.48640044568363,13.4864004456838,False,0,nan,nan,0.0,"[5, 0, 11, 6, 14, 10, 13, 8, 15, 9, 7, 2, 4, 3, 1, 12]"
balanced,sparse25,80005,21340929,0.25,qaoa_p1,1,hybrid_level3,29,qiskit_fallback,density 0.250 is below the V4 window,132,132,116,64,25.436444444444458,0.0,0.01150549999147188,0.0124632999941241,0,6.6730849519808296e-15,6.374612377623252e-15,13.48640044568363,13.4864004456838,False,0,nan,nan,0.0,"[5, 0, 11, 6, 14, 10, 13, 8, 15, 9, 7, 2, 4, 3, 1, 12]"
balanced,sparse25,80005,21340929,0.25,qaoa_p1,1,stock_level3,47,stock_qiskit,stock Qiskit Level 3 baseline,129,129,119,58,23.360000000000014,0.0,0.011679699993692338,0.012292400002479553,0,5.840681614717178e-15,5.4479109008390944e-15,13.48640044568363,13.486400445683776,False,0,nan,nan,0.0,"[6, 15, 1, 2, 3, 11, 5, 0, 9, 4, 14, 10, 13, 7, 12, 8]"
balanced,sparse25,80005,21340929,0.25,qaoa_p1,1,hybrid_level3,47,qiskit_fallback,density 0.250 is below the V4 window,129,129,119,58,23.360000000000014,0.0,0.011163500006659888,0.012125900000683032,0,5.840681614717178e-15,5.4479109008390944e-15,13.48640044568363,13.486400445683776,False,0,nan,nan,0.0,"[6, 15, 1, 2, 3, 11, 5, 0, 9, 4, 14, 10, 13, 7, 12, 8]"
balanced,sparse25,80005,21340929,0.25,qaoa_p2,2,stock_level3,11,stock_qiskit,stock Qiskit Level 3 baseline,271,271,216,119,47.26044444444448,0.0,0.01645480000297539,0.0173520000098506,0,1.0234973488241804e-14,9.976394409197176e-15,14.948449566293075,14.948449566293375,False,0,nan,nan,0.0,"[4, 0, 15, 6, 10, 7, 13, 11, 14, 9, 8, 3, 1, 5, 2, 12]"
balanced,sparse25,80005,21340929,0.25,qaoa_p2,2,hybrid_level3,11,qiskit_fallback,density 0.250 is below the V4 window,271,271,216,119,47.26044444444448,0.0,0.02024840000376571,0.022499900005641393,0,1.0234973488241804e-14,9.976394409197176e-15,14.948449566293075,14.948449566293375,False,0,nan,nan,0.0,"[4, 0, 15, 6, 10, 7, 13, 11, 14, 9, 8, 3, 1, 5, 2, 12]"
balanced,sparse25,80005,21340929,0.25,qaoa_p2,2,stock_level3,29,stock_qiskit,stock Qiskit Level 3 baseline,285,285,236,144,53.92355555555564,0.0,0.017794500003219582,0.018777499994030222,0,1.0185742992986989e-14,9.961405127323143e-15,14.948449566293075,14.948449566293373,False,0,nan,nan,0.0,"[8, 9, 14, 11, 13, 15, 10, 5, 6, 0, 7, 2, 4, 3, 1, 12]"
balanced,sparse25,80005,21340929,0.25,qaoa_p2,2,hybrid_level3,29,qiskit_fallback,density 0.250 is below the V4 window,285,285,236,144,53.92355555555564,0.0,0.016199799996684305,0.017867799993837252,0,1.0185742992986989e-14,9.961405127323143e-15,14.948449566293075,14.948449566293373,False,0,nan,nan,0.0,"[8, 9, 14, 11, 13, 15, 10, 5, 6, 0, 7, 2, 4, 3, 1, 12]"
balanced,sparse25,80005,21340929,0.25,qaoa_p2,2,stock_level3,47,stock_qiskit,stock Qiskit Level 3 baseline,307,307,230,134,53.46844444444453,0.0,0.016610200007562526,0.017623199993977323,0,1.0360775499421652e-14,1.0119513622840412e-14,14.948449566293075,14.94844956629338,False,0,nan,nan,0.0,"[9, 8, 2, 6, 15, 7, 1, 3, 0, 5, 10, 14, 12, 11, 13, 4]"
balanced,sparse25,80005,21340929,0.25,qaoa_p2,2,hybrid_level3,47,qiskit_fallback,density 0.250 is below the V4 window,307,307,230,134,53.46844444444453,0.0,0.015518900007009506,0.01713269999891054,0,1.0360775499421652e-14,1.0119513622840412e-14,14.948449566293075,14.94844956629338,False,0,nan,nan,0.0,"[9, 8, 2, 6, 15, 7, 1, 3, 0, 5, 10, 14, 12, 11, 13, 4]"
balanced,sparse25,80006,21340930,0.25,qaoa_p1,1,stock_level3,11,stock_qiskit,stock Qiskit Level 3 baseline,135,135,93,55,22.584888888888898,0.0,0.011175400009960867,0.013804100002744235,0,6.27111935236144e-15,6.0890939297830504e-15,12.574410578186617,12.574410578186768,False,0,nan,nan,0.0,"[8, 12, 15, 3, 5, 6, 0, 10, 14, 1, 9, 11, 4, 2, 7, 13]"
balanced,sparse25,80006,21340930,0.25,qaoa_p1,1,hybrid_level3,11,qiskit_fallback,density 0.250 is below the V4 window,135,135,93,55,22.584888888888898,0.0,0.014556800000718795,0.01599770000029821,0,6.27111935236144e-15,6.0890939297830504e-15,12.574410578186617,12.574410578186768,False,0,nan,nan,0.0,"[8, 12, 15, 3, 5, 6, 0, 10, 14, 1, 9, 11, 4, 2, 7, 13]"
balanced,sparse25,80006,21340930,0.25,qaoa_p1,1,stock_level3,29,stock_qiskit,stock Qiskit Level 3 baseline,124,124,102,65,27.12177777777779,0.0,0.010731500005931593,0.0112890000018524,0,5.009294914345371e-15,4.7950889986131034e-15,12.574410578186617,12.574410578186734,False,0,nan,nan,0.0,"[11, 14, 8, 1, 5, 0, 2, 6, 12, 4, 9, 15, 10, 3, 7, 13]"
balanced,sparse25,80006,21340930,0.25,qaoa_p1,1,hybrid_level3,29,qiskit_fallback,density 0.250 is below the V4 window,124,124,102,65,27.12177777777779,0.0,0.011036000010790303,0.012007099998299964,0,5.009294914345371e-15,4.7950889986131034e-15,12.574410578186617,12.574410578186734,False,0,nan,nan,0.0,"[11, 14, 8, 1, 5, 0, 2, 6, 12, 4, 9, 15, 10, 3, 7, 13]"
balanced,sparse25,80006,21340930,0.25,qaoa_p1,1,stock_level3,47,stock_qiskit,stock Qiskit Level 3 baseline,135,135,98,58,22.563555555555567,0.0,0.013700999988941476,0.014391000004252419,0,5.936024229388419e-15,5.770903227988329e-15,12.574410578186617,12.574410578186761,False,0,nan,nan,0.0,"[2, 3, 0, 14, 13, 6, 12, 11, 8, 4, 1, 9, 10, 15, 7, 5]"
balanced,sparse25,80006,21340930,0.25,qaoa_p1,1,hybrid_level3,47,qiskit_fallback,density 0.250 is below the V4 window,135,135,98,58,22.563555555555567,0.0,0.01107130000309553,0.012164799991296604,0,5.936024229388419e-15,5.770903227988329e-15,12.574410578186617,12.574410578186761,False,0,nan,nan,0.0,"[2, 3, 0, 14, 13, 6, 12, 11, 8, 4, 1, 9, 10, 15, 7, 5]"
balanced,sparse25,80006,21340930,0.25,qaoa_p2,2,stock_level3,11,stock_qiskit,stock Qiskit Level 3 baseline,273,273,160,103,38.819555555555596,0.0,0.01565600000321865,0.01652499999909196,0,8.079683848252244e-15,7.752691993467007e-15,14.813926961597085,14.813926961597314,False,0,nan,nan,0.0,"[13, 11, 15, 0, 2, 6, 4, 3, 8, 7, 14, 9, 10, 1, 12, 5]"
balanced,sparse25,80006,21340930,0.25,qaoa_p2,2,hybrid_level3,11,qiskit_fallback,density 0.250 is below the V4 window,273,273,160,103,38.819555555555596,0.0,0.015122400000109337,0.016755100004957058,0,8.079683848252244e-15,7.752691993467007e-15,14.813926961597085,14.813926961597314,False,0,nan,nan,0.0,"[13, 11, 15, 0, 2, 6, 4, 3, 8, 7, 14, 9, 10, 1, 12, 5]"
balanced,sparse25,80006,21340930,0.25,qaoa_p2,2,stock_level3,29,stock_qiskit,stock Qiskit Level 3 baseline,299,299,207,123,49.31555555555561,0.0,0.01605460001155734,0.016961400004220195,0,7.87847750634894e-15,7.518670550561552e-15,14.813926961597085,14.813926961597307,False,0,nan,nan,0.0,"[10, 7, 15, 12, 5, 3, 8, 2, 1, 11, 6, 0, 14, 9, 13, 4]"
balanced,sparse25,80006,21340930,0.25,qaoa_p2,2,hybrid_level3,29,qiskit_fallback,density 0.250 is below the V4 window,299,299,207,123,49.31555555555561,0.0,0.015531199998804368,0.01712950000364799,0,7.87847750634894e-15,7.518670550561552e-15,14.813926961597085,14.813926961597307,False,0,nan,nan,0.0,"[10, 7, 15, 12, 5, 3, 8, 2, 1, 11, 6, 0, 14, 9, 13, 4]"
balanced,sparse25,80006,21340930,0.25,qaoa_p2,2,stock_level3,47,stock_qiskit,stock Qiskit Level 3 baseline,303,303,219,136,52.94933333333342,0.0,0.01632380000955891,0.01722670000162907,0,8.51382840768043e-15,8.248938625885995e-15,14.813926961597085,14.813926961597332,False,0,nan,nan,0.0,"[9, 2, 0, 14, 15, 3, 13, 10, 4, 5, 6, 1, 11, 12, 8, 7]"
balanced,sparse25,80006,21340930,0.25,qaoa_p2,2,hybrid_level3,47,qiskit_fallback,density 0.250 is below the V4 window,303,303,219,136,52.94933333333342,0.0,0.015796599996974692,0.01736880000680685,0,8.51382840768043e-15,8.248938625885995e-15,14.813926961597085,14.813926961597332,False,0,nan,nan,0.0,"[9, 2, 0, 14, 15, 3, 13, 10, 4, 5, 6, 1, 11, 12, 8, 7]"
balanced,sparse25,80007,21340931,0.25,qaoa_p1,1,stock_level3,11,stock_qiskit,stock Qiskit Level 3 baseline,138,138,122,70,26.09777777777779,0.0,0.01492429999052547,0.015995699999621138,0,5.995552176745986e-15,5.843547072809693e-15,14.367795394916692,14.367795394916858,False,0,nan,nan,0.0,"[5, 11, 12, 15, 2, 6, 1, 4, 9, 7, 0, 10, 8, 14, 13, 3]"
balanced,sparse25,80007,21340931,0.25,qaoa_p1,1,hybrid_level3,11,qiskit_fallback,density 0.250 is below the V4 window,138,138,122,70,26.09777777777779,0.0,0.010980999999446794,0.01194240000040736,0,5.995552176745986e-15,5.843547072809693e-15,14.367795394916692,14.367795394916858,False,0,nan,nan,0.0,"[5, 11, 12, 15, 2, 6, 1, 4, 9, 7, 0, 10, 8, 14, 13, 3]"
balanced,sparse25,80007,21340931,0.25,qaoa_p1,1,stock_level3,29,stock_qiskit,stock Qiskit Level 3 baseline,132,132,100,74,27.04355555555556,0.0,0.01125060000049416,0.011814700003014877,0,6.407424457800379e-15,6.272141893614004e-15,14.367795394916692,14.367795394916874,False,0,nan,nan,0.0,"[3, 8, 13, 15, 4, 6, 7, 2, 9, 10, 0, 12, 5, 11, 14, 1]"
balanced,sparse25,80007,21340931,0.25,qaoa_p1,1,hybrid_level3,29,qiskit_fallback,density 0.250 is below the V4 window,132,132,100,74,27.04355555555556,0.0,0.011796799997682683,0.012816200003726408,0,6.407424457800379e-15,6.272141893614004e-15,14.367795394916692,14.367795394916874,False,0,nan,nan,0.0,"[3, 8, 13, 15, 4, 6, 7, 2, 9, 10, 0, 12, 5, 11, 14, 1]"
balanced,sparse25,80007,21340931,0.25,qaoa_p1,1,stock_level3,47,stock_qiskit,stock Qiskit Level 3 baseline,140,140,126,76,28.75733333333334,0.0,0.013165299998945557,0.013795199993182905,0,5.124720139704715e-15,4.918387487809811e-15,14.367795394916692,14.367795394916834,False,0,nan,nan,0.0,"[2, 4, 6, 13, 7, 9, 8, 5, 0, 11, 3, 14, 1, 10, 12, 15]"
balanced,sparse25,80007,21340931,0.25,qaoa_p1,1,hybrid_level3,47,qiskit_fallback,density 0.250 is below the V4 window,140,140,126,76,28.75733333333334,0.0,0.011309399997116998,0.012324199997237884,0,5.124720139704715e-15,4.918387487809811e-15,14.367795394916692,14.367795394916834,False,0,nan,nan,0.0,"[2, 4, 6, 13, 7, 9, 8, 5, 0, 11, 3, 14, 1, 10, 12, 15]"
balanced,sparse25,80007,21340931,0.25,qaoa_p2,2,stock_level3,11,stock_qiskit,stock Qiskit Level 3 baseline,289,289,249,145,59.14311111111117,0.0,0.017907700006617233,0.018909399994299747,0,9.307548369261441e-15,9.031914243076251e-15,15.203177361658433,15.203177361658707,False,0,nan,nan,0.0,"[14, 13, 8, 5, 1, 6, 10, 15, 9, 7, 12, 4, 11, 3, 2, 0]"
balanced,sparse25,80007,21340931,0.25,qaoa_p2,2,hybrid_level3,11,qiskit_fallback,density 0.250 is below the V4 window,289,289,249,145,59.14311111111117,0.0,0.021456299989949912,0.02363399999740068,0,9.307548369261441e-15,9.031914243076251e-15,15.203177361658433,15.203177361658707,False,0,nan,nan,0.0,"[14, 13, 8, 5, 1, 6, 10, 15, 9, 7, 12, 4, 11, 3, 2, 0]"
balanced,sparse25,80007,21340931,0.25,qaoa_p2,2,stock_level3,29,stock_qiskit,stock Qiskit Level 3 baseline,293,293,208,128,50.92977777777784,0.0,0.016221800004132092,0.017136000009486452,0,7.301985379794344e-15,7.05959365653681e-15,15.203177361658433,15.203177361658645,False,0,nan,nan,0.0,"[1, 2, 3, 5, 8, 6, 14, 12, 0, 11, 15, 13, 4, 7, 10, 9]"
balanced,sparse25,80007,21340931,0.25,qaoa_p2,2,hybrid_level3,29,qiskit_fallback,density 0.250 is below the V4 window,293,293,208,128,50.92977777777784,0.0,0.015568099988740869,0.01713529998960439,0,7.301985379794344e-15,7.05959365653681e-15,15.203177361658433,15.203177361658645,False,0,nan,nan,0.0,"[1, 2, 3, 5, 8, 6, 14, 12, 0, 11, 15, 13, 4, 7, 10, 9]"
balanced,sparse25,80007,21340931,0.25,qaoa_p2,2,stock_level3,47,stock_qiskit,stock Qiskit Level 3 baseline,304,304,217,124,54.64177777777781,0.0,0.016763199993874878,0.017641000013099983,0,8.984320228605614e-15,8.749715774224994e-15,15.203177361658433,15.203177361658696,False,0,nan,nan,0.0,"[15, 0, 7, 2, 8, 11, 13, 14, 6, 5, 12, 3, 10, 4, 1, 9]"
balanced,sparse25,80007,21340931,0.25,qaoa_p2,2,hybrid_level3,47,qiskit_fallback,density 0.250 is below the V4 window,304,304,217,124,54.64177777777781,0.0,0.01689030000125058,0.01870289999351371,0,8.984320228605614e-15,8.749715774224994e-15,15.203177361658433,15.203177361658696,False,0,nan,nan,0.0,"[15, 0, 7, 2, 8, 11, 13, 14, 6, 5, 12, 3, 10, 4, 1, 9]"
balanced,sparse25,80008,21340932,0.25,qaoa_p1,1,stock_level3,11,stock_qiskit,stock Qiskit Level 3 baseline,144,144,100,62,24.078222222222227,0.0,0.013015799995628186,0.013668100000359118,0,6.243967490817312e-15,6.0858733327577684e-15,12.500680870101617,12.50068087010177,False,0,nan,nan,0.0,"[3, 6, 7, 5, 15, 9, 10, 0, 12, 2, 14, 11, 4, 1, 13, 8]"
balanced,sparse25,80008,21340932,0.25,qaoa_p1,1,hybrid_level3,11,qiskit_fallback,density 0.250 is below the V4 window,144,144,100,62,24.078222222222227,0.0,0.010876999993342906,0.011829499999294057,0,6.243967490817312e-15,6.0858733327577684e-15,12.500680870101617,12.50068087010177,False,0,nan,nan,0.0,"[3, 6, 7, 5, 15, 9, 10, 0, 12, 2, 14, 11, 4, 1, 13, 8]"
balanced,sparse25,80008,21340932,0.25,qaoa_p1,1,stock_level3,29,stock_qiskit,stock Qiskit Level 3 baseline,136,136,85,55,21.14133333333334,0.0,0.010777899995446205,0.011345699997036718,0,5.827413931567839e-15,5.643047593833893e-15,12.500680870101617,12.500680870101755,False,0,nan,nan,0.0,"[3, 2, 1, 0, 4, 6, 14, 5, 15, 11, 13, 10, 9, 8, 12, 7]"
balanced,sparse25,80008,21340932,0.25,qaoa_p1,1,hybrid_level3,29,qiskit_fallback,density 0.250 is below the V4 window,136,136,85,55,21.14133333333334,0.0,0.013190900004701689,0.014440600003581494,0,5.827413931567839e-15,5.643047593833893e-15,12.500680870101617,12.500680870101755,False,0,nan,nan,0.0,"[3, 2, 1, 0, 4, 6, 14, 5, 15, 11, 13, 10, 9, 8, 12, 7]"
balanced,sparse25,80008,21340932,0.25,qaoa_p1,1,stock_level3,47,stock_qiskit,stock Qiskit Level 3 baseline,126,126,94,54,21.475555555555562,0.0,0.010917699997662567,0.011515500009409152,0,4.826563603749572e-15,4.6248057293445145e-15,12.500680870101617,12.50068087010173,False,0,nan,nan,0.0,"[8, 9, 15, 0, 14, 10, 11, 2, 13, 1, 6, 7, 5, 3, 12, 4]"
balanced,sparse25,80008,21340932,0.25,qaoa_p1,1,hybrid_level3,47,qiskit_fallback,density 0.250 is below the V4 window,126,126,94,54,21.475555555555562,0.0,0.010808600010932423,0.011779799999203533,0,4.826563603749572e-15,4.6248057293445145e-15,12.500680870101617,12.50068087010173,False,0,nan,nan,0.0,"[8, 9, 15, 0, 14, 10, 11, 2, 13, 1, 6, 7, 5, 3, 12, 4]"
balanced,sparse25,80008,21340932,0.25,qaoa_p2,2,stock_level3,11,stock_qiskit,stock Qiskit Level 3 baseline,307,307,194,127,50.524444444444505,0.0,0.02363060000061523,0.025081999992835335,0,9.457183971915612e-15,9.207510875092035e-15,14.379386426603014,14.379386426603276,False,0,nan,nan,0.0,"[15, 9, 6, 12, 0, 4, 2, 14, 1, 13, 5, 10, 8, 11, 3, 7]"
balanced,sparse25,80008,21340932,0.25,qaoa_p2,2,hybrid_level3,11,qiskit_fallback,density 0.250 is below the V4 window,307,307,194,127,50.524444444444505,0.0,0.016380200002458878,0.018020199990132824,0,9.457183971915612e-15,9.207510875092035e-15,14.379386426603014,14.379386426603276,False,0,nan,nan,0.0,"[15, 9, 6, 12, 0, 4, 2, 14, 1, 13, 5, 10, 8, 11, 3, 7]"
balanced,sparse25,80008,21340932,0.25,qaoa_p2,2,stock_level3,29,stock_qiskit,stock Qiskit Level 3 baseline,308,308,213,130,51.413333333333384,0.0,0.017191799997817725,0.018064899995806627,0,1.0072478761404378e-14,9.830909176662031e-15,14.379386426603014,14.379386426603297,False,0,nan,nan,0.0,"[8, 9, 15, 0, 14, 13, 11, 2, 12, 1, 7, 4, 5, 3, 10, 6]"
balanced,sparse25,80008,21340932,0.25,qaoa_p2,2,hybrid_level3,29,qiskit_fallback,density 0.250 is below the V4 window,308,308,213,130,51.413333333333384,0.0,0.017459900001995265,0.019230099991546012,0,1.0072478761404378e-14,9.830909176662031e-15,14.379386426603014,14.379386426603297,False,0,nan,nan,0.0,"[8, 9, 15, 0, 14, 13, 11, 2, 12, 1, 7, 4, 5, 3, 10, 6]"
balanced,sparse25,80008,21340932,0.25,qaoa_p2,2,stock_level3,47,stock_qiskit,stock Qiskit Level 3 baseline,296,296,170,112,45.454222222222256,0.0,0.018493799987481907,0.019433900000876747,0,9.775978267337008e-15,9.496740450843288e-15,14.379386426603014,14.379386426603288,False,0,nan,nan,0.0,"[6, 15, 9, 0, 11, 5, 14, 10, 8, 7, 1, 4, 13, 12, 2, 3]"
balanced,sparse25,80008,21340932,0.25,qaoa_p2,2,hybrid_level3,47,qiskit_fallback,density 0.250 is below the V4 window,296,296,170,112,45.454222222222256,0.0,0.016119899999466725,0.01776380000228528,0,9.775978267337008e-15,9.496740450843288e-15,14.379386426603014,14.379386426603288,False,0,nan,nan,0.0,"[6, 15, 9, 0, 11, 5, 14, 10, 8, 7, 1, 4, 13, 12, 2, 3]"
balanced,sparse25,80009,21340933,0.25,qaoa_p1,1,stock_level3,11,stock_qiskit,stock Qiskit Level 3 baseline,137,137,99,53,21.354666666666677,0.0,0.011431599996285513,0.012422400002833456,0,6.674397262083138e-15,6.4970497533329e-15,14.831427532476326,14.83142753247652,False,0,nan,nan,0.0,"[11, 9, 2, 5, 8, 0, 6, 3, 13, 15, 7, 4, 14, 1, 12, 10]"
balanced,sparse25,80009,21340933,0.25,qaoa_p1,1,hybrid_level3,11,qiskit_fallback,density 0.250 is below the V4 window,137,137,99,53,21.354666666666677,0.0,0.011425000004237518,0.012440699996659532,0,6.674397262083138e-15,6.4970497533329e-15,14.831427532476326,14.83142753247652,False,0,nan,nan,0.0,"[11, 9, 2, 5, 8, 0, 6, 3, 13, 15, 7, 4, 14, 1, 12, 10]"
balanced,sparse25,80009,21340933,0.25,qaoa_p1,1,stock_level3,29,stock_qiskit,stock Qiskit Level 3 baseline,125,125,99,55,22.634666666666675,0.0,0.01398699999845121,0.014647500007413328,0,6.8069106144925975e-15,6.551336953846096e-15,14.831427532476326,14.831427532476523,False,0,nan,nan,0.0,"[15, 3, 9, 0, 1, 11, 6, 2, 12, 14, 4, 8, 13, 5, 10, 7]"
balanced,sparse25,80009,21340933,0.25,qaoa_p1,1,hybrid_level3,29,qiskit_fallback,density 0.250 is below the V4 window,125,125,99,55,22.634666666666675,0.0,0.012323899994953535,0.013297199999215081,0,6.8069106144925975e-15,6.551336953846096e-15,14.831427532476326,14.831427532476523,False,0,nan,nan,0.0,"[15, 3, 9, 0, 1, 11, 6, 2, 12, 14, 4, 8, 13, 5, 10, 7]"
balanced,sparse25,80009,21340933,0.25,qaoa_p1,1,stock_level3,47,stock_qiskit,stock Qiskit Level 3 baseline,135,135,99,55,21.987555555555566,0.0,0.012429900001734495,0.013075700000626966,0,5.906615196980925e-15,5.71850291418521e-15,14.831427532476326,14.831427532476496,False,0,nan,nan,0.0,"[13, 3, 14, 9, 2, 15, 0, 11, 6, 4, 12, 5, 1, 8, 7, 10]"
balanced,sparse25,80009,21340933,0.25,qaoa_p1,1,hybrid_level3,47,qiskit_fallback,density 0.250 is below the V4 window,135,135,99,55,21.987555555555566,0.0,0.012127199996029958,0.013279899998451583,0,5.906615196980925e-15,5.71850291418521e-15,14.831427532476326,14.831427532476496,False,0,nan,nan,0.0,"[13, 3, 14, 9, 2, 15, 0, 11, 6, 4, 12, 5, 1, 8, 7, 10]"
balanced,sparse25,80009,21340933,0.25,qaoa_p2,2,stock_level3,11,stock_qiskit,stock Qiskit Level 3 baseline,328,328,220,138,54.08711111111122,0.0,0.01875319999817293,0.01983479999762494,0,8.760989932612907e-15,8.435297095697809e-15,13.101302765828581,13.101302765828803,False,0,nan,nan,0.0,"[12, 2, 6, 3, 11, 0, 15, 9, 14, 1, 13, 5, 4, 8, 7, 10]"
balanced,sparse25,80009,21340933,0.25,qaoa_p2,2,hybrid_level3,11,qiskit_fallback,density 0.250 is below the V4 window,328,328,220,138,54.08711111111122,0.0,0.016126100003020838,0.01771639999060426,0,8.760989932612907e-15,8.435297095697809e-15,13.101302765828581,13.101302765828803,False,0,nan,nan,0.0,"[12, 2, 6, 3, 11, 0, 15, 9, 14, 1, 13, 5, 4, 8, 7, 10]"
balanced,sparse25,80009,21340933,0.25,qaoa_p2,2,stock_level3,29,stock_qiskit,stock Qiskit Level 3 baseline,320,320,213,125,48.48355555555564,0.0,0.016818300005979836,0.017699100004392676,0,9.7198077601142e-15,9.457375709581562e-15,13.101302765828581,13.101302765828825,False,0,nan,nan,0.0,"[8, 3, 5, 2, 1, 9, 15, 0, 6, 11, 4, 10, 14, 7, 13, 12]"
balanced,sparse25,80009,21340933,0.25,qaoa_p2,2,hybrid_level3,29,qiskit_fallback,density 0.250 is below the V4 window,320,320,213,125,48.48355555555564,0.0,0.02053860000160057,0.022759999992558733,0,9.7198077601142e-15,9.457375709581562e-15,13.101302765828581,13.101302765828825,False,0,nan,nan,0.0,"[8, 3, 5, 2, 1, 9, 15, 0, 6, 11, 4, 10, 14, 7, 13, 12]"
balanced,sparse25,80009,21340933,0.25,qaoa_p2,2,stock_level3,47,stock_qiskit,stock Qiskit Level 3 baseline,327,327,249,159,62.69866666666678,0.0,0.016954399994574487,0.017840000000433065,0,8.65743149343816e-15,8.384893962715683e-15,13.101302765828581,13.101302765828802,False,0,nan,nan,0.0,"[10, 14, 6, 9, 3, 15, 0, 11, 1, 13, 2, 8, 12, 5, 7, 4]"
balanced,sparse25,80009,21340933,0.25,qaoa_p2,2,hybrid_level3,47,qiskit_fallback,density 0.250 is below the V4 window,327,327,249,159,62.69866666666678,0.0,0.0161355000018375,0.01773680000042077,0,8.65743149343816e-15,8.384893962715683e-15,13.101302765828581,13.101302765828802,False,0,nan,nan,0.0,"[10, 14, 6, 9, 3, 15, 0, 11, 1, 13, 2, 8, 12, 5, 7, 4]"
balanced,sparse25,80010,21340934,0.25,qaoa_p1,1,stock_level3,11,stock_qiskit,stock Qiskit Level 3 baseline,137,137,126,71,26.396444444444455,0.0,0.011860099999466911,0.012856100001954474,0,5.855934290426724e-15,5.582768498562787e-15,13.530455147204652,13.530455147204803,False,0,nan,nan,0.0,"[6, 9, 3, 7, 2, 11, 8, 0, 14, 4, 10, 13, 15, 12, 1, 5]"
balanced,sparse25,80010,21340934,0.25,qaoa_p1,1,hybrid_level3,11,qiskit_fallback,density 0.250 is below the V4 window,137,137,126,71,26.396444444444455,0.0,0.011747199998353608,0.0128374000050826,0,5.855934290426724e-15,5.582768498562787e-15,13.530455147204652,13.530455147204803,False,0,nan,nan,0.0,"[6, 9, 3, 7, 2, 11, 8, 0, 14, 4, 10, 13, 15, 12, 1, 5]"
balanced,sparse25,80010,21340934,0.25,qaoa_p1,1,stock_level3,29,stock_qiskit,stock Qiskit Level 3 baseline,140,140,102,65,25.393777777777785,0.0,0.012823700002627447,0.013482299997122027,0,5.182760793616175e-15,4.857317087595886e-15,13.530455147204652,13.530455147204783,False,0,nan,nan,0.0,"[5, 0, 3, 12, 9, 1, 6, 15, 8, 7, 13, 4, 11, 14, 10, 2]"
balanced,sparse25,80010,21340934,0.25,qaoa_p1,1,hybrid_level3,29,qiskit_fallback,density 0.250 is below the V4 window,140,140,102,65,25.393777777777785,0.0,0.011227199996937998,0.012183400001958944,0,5.182760793616175e-15,4.857317087595886e-15,13.530455147204652,13.530455147204783,False,0,nan,nan,0.0,"[5, 0, 3, 12, 9, 1, 6, 15, 8, 7, 13, 4, 11, 14, 10, 2]"
balanced,sparse25,80010,21340934,0.25,qaoa_p1,1,stock_level3,47,stock_qiskit,stock Qiskit Level 3 baseline,137,137,101,57,23.040000000000006,0.0,0.011289800007943995,0.011878599994815886,0,5.336147406238521e-15,5.067424442822999e-15,13.530455147204652,13.530455147204789,False,0,nan,nan,0.0,"[6, 15, 10, 0, 7, 9, 13, 14, 4, 8, 3, 5, 1, 2, 11, 12]"
balanced,sparse25,80010,21340934,0.25,qaoa_p1,1,hybrid_level3,47,qiskit_fallback,density 0.250 is below the V4 window,137,137,101,57,23.040000000000006,0.0,0.011368000006768852,0.012379899999359623,0,5.336147406238521e-15,5.067424442822999e-15,13.530455147204652,13.530455147204789,False,0,nan,nan,0.0,"[6, 15, 10, 0, 7, 9, 13, 14, 4, 8, 3, 5, 1, 2, 11, 12]"
balanced,sparse25,80010,21340934,0.25,qaoa_p2,2,stock_level3,11,stock_qiskit,stock Qiskit Level 3 baseline,311,311,237,138,55.68711111111117,0.0,0.016966200011665933,0.01786279999942053,0,8.636971996607164e-15,8.30126848317488e-15,14.777106221745647,14.777106221745893,False,0,nan,nan,0.0,"[6, 9, 7, 13, 15, 8, 11, 14, 3, 10, 2, 5, 4, 1, 12, 0]"
balanced,sparse25,80010,21340934,0.25,qaoa_p2,2,hybrid_level3,11,qiskit_fallback,density 0.250 is below the V4 window,311,311,237,138,55.68711111111117,0.0,0.017045299988240004,0.018847899991669692,0,8.636971996607164e-15,8.30126848317488e-15,14.777106221745647,14.777106221745893,False,0,nan,nan,0.0,"[6, 9, 7, 13, 15, 8, 11, 14, 3, 10, 2, 5, 4, 1, 12, 0]"
balanced,sparse25,80010,21340934,0.25,qaoa_p2,2,stock_level3,29,stock_qiskit,stock Qiskit Level 3 baseline,321,321,231,144,54.30044444444452,0.0,0.017510999998194166,0.0184066000074381,0,8.920717508340592e-15,8.704220130555118e-15,14.777106221745647,14.777106221745901,False,0,nan,nan,0.0,"[7, 0, 4, 3, 12, 2, 1, 15, 5, 14, 11, 10, 9, 8, 13, 6]"
balanced,sparse25,80010,21340934,0.25,qaoa_p2,2,hybrid_level3,29,qiskit_fallback,density 0.250 is below the V4 window,321,321,231,144,54.30044444444452,0.0,0.016694099991582334,0.018319599999813363,0,8.920717508340592e-15,8.704220130555118e-15,14.777106221745647,14.777106221745901,False,0,nan,nan,0.0,"[7, 0, 4, 3, 12, 2, 1, 15, 5, 14, 11, 10, 9, 8, 13, 6]"
balanced,sparse25,80010,21340934,0.25,qaoa_p2,2,stock_level3,47,stock_qiskit,stock Qiskit Level 3 baseline,310,310,218,120,46.22222222222225,0.0,0.02755109999270644,0.029032300008111633,0,9.984970484958685e-15,9.701675268641451e-15,14.777106221745647,14.777106221745933,False,0,nan,nan,0.0,"[6, 9, 5, 15, 4, 14, 11, 0, 13, 2, 7, 3, 12, 10, 1, 8]"
balanced,sparse25,80010,21340934,0.25,qaoa_p2,2,hybrid_level3,47,qiskit_fallback,density 0.250 is below the V4 window,310,310,218,120,46.22222222222225,0.0,0.01676860000588931,0.01836620000540279,0,9.984970484958685e-15,9.701675268641451e-15,14.777106221745647,14.777106221745933,False,0,nan,nan,0.0,"[6, 9, 5, 15, 4, 14, 11, 0, 13, 2, 7, 3, 12, 10, 1, 8]"
balanced,sparse25,80011,21340935,0.25,qaoa_p1,1,stock_level3,11,stock_qiskit,stock Qiskit Level 3 baseline,119,119,92,50,19.882666666666672,0.0,0.011313999988487922,0.011858300000312738,0,5.777179054966992e-15,5.529303423890667e-15,15.054582913804374,15.054582913804541,False,0,nan,nan,0.0,"[0, 5, 6, 9, 2, 4, 8, 11, 7, 10, 3, 12, 13, 1, 15, 14]"
balanced,sparse25,80011,21340935,0.25,qaoa_p1,1,hybrid_level3,11,qiskit_fallback,density 0.250 is below the V4 window,119,119,92,50,19.882666666666672,0.0,0.01118770000175573,0.012129900002037175,0,5.777179054966992e-15,5.529303423890667e-15,15.054582913804374,15.054582913804541,False,0,nan,nan,0.0,"[0, 5, 6, 9, 2, 4, 8, 11, 7, 10, 3, 12, 13, 1, 15, 14]"
balanced,sparse25,80011,21340935,0.25,qaoa_p1,1,stock_level3,29,stock_qiskit,stock Qiskit Level 3 baseline,120,120,87,52,20.31644444444445,0.0,0.010448399989400059,0.011052700006985106,0,5.267149097867485e-15,5.089538501180626e-15,15.054582913804374,15.05458291380453,False,0,nan,nan,0.0,"[9, 6, 14, 0, 5, 11, 10, 1, 13, 2, 3, 12, 4, 8, 15, 7]"
balanced,sparse25,80011,21340935,0.25,qaoa_p1,1,hybrid_level3,29,qiskit_fallback,density 0.250 is below the V4 window,120,120,87,52,20.31644444444445,0.0,0.014229799999156967,0.015767199991387315,0,5.267149097867485e-15,5.089538501180626e-15,15.054582913804374,15.05458291380453,False,0,nan,nan,0.0,"[9, 6, 14, 0, 5, 11, 10, 1, 13, 2, 3, 12, 4, 8, 15, 7]"
balanced,sparse25,80011,21340935,0.25,qaoa_p1,1,stock_level3,47,stock_qiskit,stock Qiskit Level 3 baseline,121,121,96,54,21.08444444444445,0.0,0.016252900008112192,0.019206800003303215,0,6.184785091586396e-15,5.947267790729214e-15,15.054582913804374,15.054582913804552,False,0,nan,nan,0.0,"[10, 2, 15, 1, 4, 6, 3, 13, 9, 12, 0, 8, 14, 7, 5, 11]"
balanced,sparse25,80011,21340935,0.25,qaoa_p1,1,hybrid_level3,47,qiskit_fallback,density 0.250 is below the V4 window,121,121,96,54,21.08444444444445,0.0,0.01095789999817498,0.011962999997194856,0,6.184785091586396e-15,5.947267790729214e-15,15.054582913804374,15.054582913804552,False,0,nan,nan,0.0,"[10, 2, 15, 1, 4, 6, 3, 13, 9, 12, 0, 8, 14, 7, 5, 11]"
balanced,sparse25,80011,21340935,0.25,qaoa_p2,2,stock_level3,11,stock_qiskit,stock Qiskit Level 3 baseline,297,297,199,115,45.77422222222228,0.0,0.017619500009459443,0.018511399990529753,0,1.0312810850238333e-14,1.004654860551361e-14,15.199275436479294,15.199275436479594,False,0,nan,nan,0.0,"[9, 6, 11, 0, 3, 8, 1, 4, 14, 12, 2, 13, 10, 5, 15, 7]"
balanced,sparse25,80011,21340935,0.25,qaoa_p2,2,hybrid_level3,11,qiskit_fallback,density 0.250 is below the V4 window,297,297,199,115,45.77422222222228,0.0,0.016738699996494688,0.018313099993974902,0,1.0312810850238333e-14,1.004654860551361e-14,15.199275436479294,15.199275436479594,False,0,nan,nan,0.0,"[9, 6, 11, 0, 3, 8, 1, 4, 14, 12, 2, 13, 10, 5, 15, 7]"
balanced,sparse25,80011,21340935,0.25,qaoa_p2,2,stock_level3,29,stock_qiskit,stock Qiskit Level 3 baseline,299,299,184,123,49.69955555555562,0.0,0.023012899997411296,0.023933700009365566,0,9.622251314059553e-15,9.348388231294742e-15,15.199275436479294,15.19927543647958,False,0,nan,nan,0.0,"[6, 13, 2, 15, 4, 0, 8, 12, 9, 10, 7, 5, 14, 1, 3, 11]"
balanced,sparse25,80011,21340935,0.25,qaoa_p2,2,hybrid_level3,29,qiskit_fallback,density 0.250 is below the V4 window,299,299,184,123,49.69955555555562,0.0,0.02328480000142008,0.026442800008226186,0,9.622251314059553e-15,9.348388231294742e-15,15.199275436479294,15.19927543647958,False,0,nan,nan,0.0,"[6, 13, 2, 15, 4, 0, 8, 12, 9, 10, 7, 5, 14, 1, 3, 11]"
balanced,sparse25,80011,21340935,0.25,qaoa_p2,2,stock_level3,47,stock_qiskit,stock Qiskit Level 3 baseline,284,284,199,132,52.75022222222229,0.0,0.01604590000351891,0.01691989999380894,0,1.0118139402997316e-14,9.870728410101201e-15,15.199275436479294,15.199275436479592,False,0,nan,nan,0.0,"[9, 6, 3, 14, 11, 5, 15, 0, 12, 2, 13, 10, 4, 8, 1, 7]"
balanced,sparse25,80011,21340935,0.25,qaoa_p2,2,hybrid_level3,47,qiskit_fallback,density 0.250 is below the V4 window,284,284,199,132,52.75022222222229,0.0,0.015593000003718771,0.01718879998952616,0,1.0118139402997316e-14,9.870728410101201e-15,15.199275436479294,15.199275436479592,False,0,nan,nan,0.0,"[9, 6, 3, 14, 11, 5, 15, 0, 12, 2, 13, 10, 4, 8, 1, 7]"
balanced,medium50,80000,22340924,0.5,qaoa_p1,1,stock_level3,11,stock_qiskit,stock Qiskit Level 3 baseline,304,304,185,126,47.47377777777787,0.0,0.016738999998779036,0.01756430001114495,0,7.752843987181167e-15,7.590350417967105e-15,29.992913803541047,29.992913803541498,True,128,29.40625,-0.5866638035410467,16.09283160000632,"[6, 9, 3, 0, 2, 5, 1, 8, 4, 15, 11, 10, 14, 12, 13, 7]"
balanced,medium50,80000,22340924,0.5,qaoa_p1,1,hybrid_level3,11,v4_beam,"supported QAOA with density 0.500 inside [0.45, 0.80]",248,248,170,91,34.97244444444446,0.4143863000062993,0.014296599998488091,0.42974839999806136,49,8.129743697753335e-15,8.007880328299737e-15,29.992913803541047,29.99291380354152,True,128,29.2890625,-0.7038513035410467,14.403789499992854,"[2, 1, 14, 6, 11, 12, 9, 10, 0, 4, 7, 5, 15, 8, 13, 3]"
balanced,medium50,80000,22340924,0.5,qaoa_p1,1,stock_level3,29,stock_qiskit,stock Qiskit Level 3 baseline,288,288,200,121,47.97866666666669,0.0,0.0164873999892734,0.017324900007224642,0,8.982855336378016e-15,8.817123369223028e-15,29.992913803541047,29.99291380354157,True,128,29.4609375,-0.5319763035410467,17.01877379999496,"[9, 15, 5, 8, 11, 0, 14, 3, 13, 12, 2, 6, 7, 1, 4, 10]"
balanced,medium50,80000,22340924,0.5,qaoa_p1,1,hybrid_level3,29,v4_beam,"supported QAOA with density 0.500 inside [0.45, 0.80]",253,253,173,96,36.131555555555586,0.43774790001043584,0.01497320001362823,0.4537233000010019,49,8.894917371960454e-15,8.762034227794686e-15,29.992913803541047,29.992913803541565,True,128,28.78125,-1.2116638035410467,14.935365199999069,"[5, 0, 13, 6, 14, 15, 9, 7, 2, 1, 4, 3, 10, 11, 12, 8]"
balanced,medium50,80000,22340924,0.5,qaoa_p1,1,stock_level3,47,stock_qiskit,stock Qiskit Level 3 baseline,311,311,226,132,49.39377777777786,0.0,0.016652499994961545,0.017496200001914985,0,7.8694348846989e-15,7.728573387941302e-15,29.992913803541047,29.992913803541505,True,128,28.2421875,-1.7507263035410467,17.334667300005094,"[2, 0, 9, 8, 7, 3, 15, 5, 10, 14, 11, 12, 1, 6, 4, 13]"
balanced,medium50,80000,22340924,0.5,qaoa_p1,1,hybrid_level3,47,v4_beam,"supported QAOA with density 0.500 inside [0.45, 0.80]",269,269,168,98,38.40711111111113,0.39361729999654926,0.01797420000366401,0.412582899996778,49,7.163067561297034e-15,7.034719351611851e-15,29.992913803541047,29.992913803541462,True,128,28.703125,-1.2897888035410467,15.438426100008655,"[3, 1, 2, 12, 11, 13, 9, 6, 7, 4, 10, 8, 15, 14, 0, 5]"
balanced,medium50,80000,22340924,0.5,qaoa_p2,2,stock_level3,11,stock_qiskit,stock Qiskit Level 3 baseline,657,657,423,264,99.47022222222252,0.0,0.03409880000981502,0.03638700000010431,0,9.91800051701672e-15,9.586224696571334e-15,29.972425215198264,29.972425215198836,True,128,29.484375,-0.48805021519826397,31.710702700002003,"[5, 13, 8, 11, 9, 3, 14, 6, 0, 2, 15, 10, 1, 12, 4, 7]"
balanced,medium50,80000,22340924,0.5,qaoa_p2,2,hybrid_level3,11,v4_beam,"supported QAOA with density 0.500 inside [0.45, 0.80]",538,538,394,231,89.69244444444462,1.010372400007327,0.022033200002624653,1.0339262000052258,98,1.0481792781615364e-13,5.296463860782916e-14,29.972425215198264,29.972425215198946,True,128,27.40625,-2.566175215198264,29.002036699996097,"[1, 8, 14, 5, 2, 12, 3, 4, 10, 11, 15, 13, 7, 0, 6, 9]"
balanced,medium50,80000,22340924,0.5,qaoa_p2,2,stock_level3,29,stock_qiskit,stock Qiskit Level 3 baseline,671,671,451,268,107.74755555555602,0.0,0.026737499996670522,0.028135399988968857,0,1.0430221328984063e-14,1.0097214121110154e-14,29.972425215198264,29.97242521519886,True,128,29.09375,-0.878675215198264,32.15618579999136,"[10, 6, 12, 15, 14, 0, 13, 9, 4, 7, 11, 3, 8, 1, 5, 2]"
balanced,medium50,80000,22340924,0.5,qaoa_p2,2,hybrid_level3,29,v4_beam,"supported QAOA with density 0.500 inside [0.45, 0.80]",546,546,334,185,72.53333333333352,0.8116923000052338,0.020243299994035624,0.8333909000066342,98,1.1807790111798336e-14,1.1472103692523098e-14,29.972425215198264,29.972425215198953,True,128,29.3515625,-0.620862715198264,28.716006400005426,"[1, 11, 14, 8, 0, 7, 2, 4, 15, 5, 6, 10, 12, 13, 9, 3]"
balanced,medium50,80000,22340924,0.5,qaoa_p2,2,stock_level3,47,stock_qiskit,stock Qiskit Level 3 baseline,655,655,400,225,88.4551111111114,0.0,0.03007229999639094,0.03203410000423901,0,3.979379790549973e-14,2.1963740282180163e-14,29.972425215198264,29.972425215198914,True,128,28.7734375,-1.198987715198264,31.74400730000343,"[0, 6, 2, 10, 1, 3, 7, 9, 4, 15, 14, 13, 11, 5, 8, 12]"
balanced,medium50,80000,22340924,0.5,qaoa_p2,2,hybrid_level3,47,v4_beam,"supported QAOA with density 0.500 inside [0.45, 0.80]",548,548,362,215,82.38933333333355,0.9856179999915184,0.02128179999999702,1.0091922999999952,98,9.946824652762048e-15,9.527851262347723e-15,29.972425215198264,29.972425215198832,True,128,28.3828125,-1.589612715198264,28.231144200006383,"[4, 1, 13, 0, 6, 12, 2, 7, 14, 9, 10, 15, 11, 8, 3, 5]"
balanced,medium50,80001,22340925,0.5,qaoa_p1,1,stock_level3,11,stock_qiskit,stock Qiskit Level 3 baseline,278,278,199,112,45.95911111111114,0.0,0.01671320000605192,0.017536699990159832,0,8.565219948346438e-15,8.285394186323359e-15,29.998699165448674,29.998699165449167,False,0,nan,nan,0.0,"[10, 15, 6, 1, 0, 4, 2, 7, 12, 8, 9, 13, 5, 3, 14, 11]"
balanced,medium50,80001,22340925,0.5,qaoa_p1,1,hybrid_level3,11,v4_beam,"supported QAOA with density 0.500 inside [0.45, 0.80]",237,237,149,84,34.95822222222225,0.4967542999947909,0.013470399993821047,0.5111007000086829,49,8.185747170806137e-15,7.986059681981848e-15,29.998699165448674,29.99869916544915,False,0,nan,nan,0.0,"[9, 13, 8, 12, 6, 3, 4, 10, 7, 1, 2, 15, 5, 11, 14, 0]"
balanced,medium50,80001,22340925,0.5,qaoa_p1,1,stock_level3,29,stock_qiskit,stock Qiskit Level 3 baseline,290,290,208,134,51.49866666666671,0.0,0.015512400001171045,0.016303500000503846,0,6.8772004870927436e-15,6.567699335555386e-15,29.998699165448674,29.99869916544906,False,0,nan,nan,0.0,"[13, 14, 9, 5, 11, 3, 8, 0, 2, 6, 1, 12, 4, 15, 10, 7]"
balanced,medium50,80001,22340925,0.5,qaoa_p1,1,hybrid_level3,29,v4_beam,"supported QAOA with density 0.500 inside [0.45, 0.80]",243,243,144,84,34.95822222222225,0.40763180000067223,0.012255299996468239,0.42086209999979474,49,7.444597098269907e-15,7.231317504766743e-15,29.998699165448674,29.998699165449104,False,0,nan,nan,0.0,"[9, 13, 8, 12, 6, 3, 4, 10, 7, 1, 2, 15, 5, 11, 14, 0]"
balanced,medium50,80001,22340925,0.5,qaoa_p1,1,stock_level3,47,stock_qiskit,stock Qiskit Level 3 baseline,284,284,236,134,53.36177777777784,0.0,0.016450100010843016,0.017242000001715496,0,7.53293317524988e-15,7.209244450773131e-15,29.998699165448674,29.998699165449107,False,0,nan,nan,0.0,"[3, 8, 9, 14, 5, 6, 11, 7, 2, 0, 1, 13, 4, 15, 12, 10]"
balanced,medium50,80001,22340925,0.5,qaoa_p1,1,hybrid_level3,47,v4_beam,"supported QAOA with density 0.500 inside [0.45, 0.80]",237,237,152,83,35.37066666666669,0.4016690999997081,0.013497200008714572,0.41614809999009594,49,7.89703525485516e-15,7.688039146999417e-15,29.998699165448674,29.998699165449132,False,0,nan,nan,0.0,"[9, 13, 8, 12, 6, 3, 4, 10, 7, 1, 2, 15, 5, 11, 14, 0]"
balanced,medium50,80001,22340925,0.5,qaoa_p2,2,stock_level3,11,stock_qiskit,stock Qiskit Level 3 baseline,650,650,403,239,94.32177777777802,0.0,0.03229440000723116,0.033963499998208135,0,1.1809353551174232e-14,1.1529235954231692e-14,30.015404930461813,30.015404930462505,False,0,nan,nan,0.0,"[2, 0, 6, 15, 4, 10, 7, 13, 9, 8, 14, 1, 11, 12, 3, 5]"
balanced,medium50,80001,22340925,0.5,qaoa_p2,2,hybrid_level3,11,v4_beam,"supported QAOA with density 0.500 inside [0.45, 0.80]",476,476,343,203,83.12888888888907,0.7374355000065407,0.02723859999969136,0.7662701999943238,94,1.1513852723586872e-14,1.1259899769658106e-14,30.015404930461813,30.015404930462488,False,0,nan,nan,0.0,"[14, 3, 7, 9, 10, 1, 12, 11, 5, 2, 0, 4, 6, 15, 13, 8]"
balanced,medium50,80001,22340925,0.5,qaoa_p2,2,stock_level3,29,stock_qiskit,stock Qiskit Level 3 baseline,664,664,361,250,98.77333333333362,0.0,0.025911999997333623,0.027315699990140274,0,1.1141198287482905e-14,1.0893284232183455e-14,30.015404930461813,30.015404930462466,False,0,nan,nan,0.0,"[9, 1, 6, 0, 15, 10, 4, 7, 13, 12, 11, 3, 14, 2, 5, 8]"
balanced,medium50,80001,22340925,0.5,qaoa_p2,2,hybrid_level3,29,v4_beam,"supported QAOA with density 0.500 inside [0.45, 0.80]",479,479,323,181,75.47022222222235,0.9315757000003941,0.01968390001275111,0.9529573999898275,94,1.1139251059130069e-14,1.0887684044074181e-14,30.015404930461813,30.01540493046247,False,0,nan,nan,0.0,"[14, 2, 7, 9, 10, 3, 12, 11, 5, 1, 4, 0, 6, 15, 13, 8]"
balanced,medium50,80001,22340925,0.5,qaoa_p2,2,stock_level3,47,stock_qiskit,stock Qiskit Level 3 baseline,660,660,429,277,107.0008888888892,0.0,0.026968899997882545,0.028424900010577403,0,1.1767648955718589e-14,1.1481723545483726e-14,30.015404930461813,30.0154049304625,False,0,nan,nan,0.0,"[0, 1, 6, 4, 13, 15, 10, 7, 12, 14, 8, 2, 9, 11, 3, 5]"
balanced,medium50,80001,22340925,0.5,qaoa_p2,2,hybrid_level3,47,v4_beam,"supported QAOA with density 0.500 inside [0.45, 0.80]",471,471,323,184,76.13155555555569,0.7609324999939417,0.02152409999689553,0.7840314999921247,94,1.1613356763274878e-14,1.1364462743414672e-14,30.015404930461813,30.015404930462495,False,0,nan,nan,0.0,"[14, 2, 7, 9, 10, 3, 12, 11, 5, 1, 4, 0, 6, 15, 13, 8]"
balanced,medium50,80002,22340926,0.5,qaoa_p1,1,stock_level3,11,stock_qiskit,stock Qiskit Level 3 baseline,293,293,209,120,45.98755555555561,0.0,0.017398099997080863,0.018265500009874813,0,7.834313831656604e-15,7.698747754973397e-15,29.984565945756763,29.984565945757232,False,0,nan,nan,0.0,"[9, 14, 3, 11, 0, 5, 1, 2, 15, 6, 13, 12, 10, 4, 8, 7]"
balanced,medium50,80002,22340926,0.5,qaoa_p1,1,hybrid_level3,11,v4_beam,"supported QAOA with density 0.500 inside [0.45, 0.80]",239,239,159,86,32.41244444444445,0.44961870000406634,0.01330479999887757,0.46379339999111835,52,9.339284765733975e-15,9.198283698339117e-15,29.984565945756763,29.98456594575732,False,0,nan,nan,0.0,"[9, 8, 1, 15, 14, 6, 7, 3, 13, 5, 12, 2, 0, 4, 10, 11]"
balanced,medium50,80002,22340926,0.5,qaoa_p1,1,stock_level3,29,stock_qiskit,stock Qiskit Level 3 baseline,277,277,203,123,50.083555555555606,0.0,0.02071869999053888,0.022021400000085123,0,7.46621105002097e-15,7.298077220114271e-15,29.984565945756763,29.984565945757208,False,0,nan,nan,0.0,"[9, 14, 15, 13, 7, 10, 11, 6, 8, 0, 5, 3, 4, 2, 12, 1]"
balanced,medium50,80002,22340926,0.5,qaoa_p1,1,hybrid_level3,29,v4_beam,"supported QAOA with density 0.500 inside [0.45, 0.80]",237,237,157,84,31.65155555555556,0.42054490000009537,0.013389800005825236,0.4349253999971552,52,9.363842433070668e-15,9.222774117453036e-15,29.984565945756763,29.98456594575732,False,0,nan,nan,0.0,"[9, 5, 1, 15, 14, 6, 7, 3, 13, 11, 12, 2, 0, 4, 10, 8]"
balanced,medium50,80002,22340926,0.5,qaoa_p1,1,stock_level3,47,stock_qiskit,stock Qiskit Level 3 baseline,297,297,200,128,49.47200000000006,0.0,0.016564500008826144,0.01744890000554733,0,8.326240727998427e-15,8.160097108269772e-15,29.984565945756763,29.984565945757254,False,0,nan,nan,0.0,"[9, 15, 8, 2, 11, 5, 13, 6, 0, 14, 1, 4, 7, 10, 3, 12]"
balanced,medium50,80002,22340926,0.5,qaoa_p1,1,hybrid_level3,47,v4_beam,"supported QAOA with density 0.500 inside [0.45, 0.80]",239,239,159,86,32.41244444444445,0.5464367999957176,0.012670199997955933,0.5600237000035122,52,9.339284765733975e-15,9.198283698339117e-15,29.984565945756763,29.98456594575732,False,0,nan,nan,0.0,"[9, 8, 1, 15, 14, 6, 7, 3, 13, 5, 12, 2, 0, 4, 10, 11]"
balanced,medium50,80002,22340926,0.5,qaoa_p2,2,stock_level3,11,stock_qiskit,stock Qiskit Level 3 baseline,611,611,377,217,83.61955555555578,0.0,0.027094200006104074,0.028556100005516782,0,1.2641453421571558e-14,1.2445809100697656e-14,29.6797682492164,29.679768249217144,False,0,nan,nan,0.0,"[0, 6, 5, 4, 1, 3, 11, 7, 9, 14, 8, 15, 10, 13, 2, 12]"
balanced,medium50,80002,22340926,0.5,qaoa_p2,2,hybrid_level3,11,v4_beam,"supported QAOA with density 0.500 inside [0.45, 0.80]",483,483,314,162,61.1200000000001,0.861221300001489,0.020038999995449558,0.882793099997798,100,1.3424085351661934e-14,1.3146412589238721e-14,29.6797682492164,29.679768249217183,False,0,nan,nan,0.0,"[10, 5, 7, 15, 12, 4, 9, 6, 1, 2, 0, 13, 14, 8, 3, 11]"
balanced,medium50,80002,22340926,0.5,qaoa_p2,2,stock_level3,29,stock_qiskit,stock Qiskit Level 3 baseline,641,641,402,246,93.98044444444463,0.0,0.08323010000458453,0.08487859999877401,0,1.2307165250686329e-14,1.2090553777192753e-14,29.6797682492164,29.679768249217123,False,0,nan,nan,0.0,"[2, 3, 0, 1, 6, 10, 15, 4, 9, 12, 5, 8, 11, 14, 7, 13]"
balanced,medium50,80002,22340926,0.5,qaoa_p2,2,hybrid_level3,29,v4_beam,"supported QAOA with density 0.500 inside [0.45, 0.80]",493,493,303,153,60.458666666666744,0.7694364999915706,0.019910700008040294,0.7907731000013882,100,1.3249427640445182e-14,1.297011435732275e-14,29.6797682492164,29.679768249217176,False,0,nan,nan,0.0,"[10, 5, 7, 15, 12, 4, 9, 6, 1, 2, 0, 13, 14, 8, 3, 11]"
balanced,medium50,80002,22340926,0.5,qaoa_p2,2,stock_level3,47,stock_qiskit,stock Qiskit Level 3 baseline,639,639,343,229,89.52177777777804,0.0,0.028524900000775233,0.03006999999342952,0,1.2300779984143595e-14,1.2029836205201633e-14,29.6797682492164,29.67976824921712,False,0,nan,nan,0.0,"[11, 8, 14, 9, 15, 12, 5, 3, 10, 0, 6, 2, 7, 1, 13, 4]"
balanced,medium50,80002,22340926,0.5,qaoa_p2,2,hybrid_level3,47,v4_beam,"supported QAOA with density 0.500 inside [0.45, 0.80]",499,499,348,185,74.30400000000014,0.9444805999955861,0.022469599993200973,0.9690323999966495,100,1.2445856332718982e-14,1.2204888649270811e-14,29.6797682492164,29.67976824921713,False,0,nan,nan,0.0,"[10, 5, 7, 15, 12, 4, 9, 6, 1, 2, 0, 13, 11, 14, 3, 8]"
balanced,medium50,80003,22340927,0.5,qaoa_p1,1,stock_level3,11,stock_qiskit,stock Qiskit Level 3 baseline,263,263,218,125,47.139555555555596,0.0,0.018588599996292032,0.01974440000776667,0,6.5955083754749125e-15,6.267826545937647e-15,29.364825491143737,29.3648254911441,False,0,nan,nan,0.0,"[9, 5, 15, 2, 8, 3, 11, 14, 13, 12, 1, 4, 0, 6, 10, 7]"
balanced,medium50,80003,22340927,0.5,qaoa_p1,1,hybrid_level3,11,v4_beam,"supported QAOA with density 0.500 inside [0.45, 0.80]",267,267,182,89,34.77333333333335,0.49019299999054056,0.014335700005176477,0.5056161999964388,56,6.735663998725968e-15,6.427353243881758e-15,29.364825491143737,29.36482549114411,False,0,nan,nan,0.0,"[7, 8, 0, 14, 13, 4, 2, 10, 12, 6, 9, 5, 11, 15, 3, 1]"
balanced,medium50,80003,22340927,0.5,qaoa_p1,1,stock_level3,29,stock_qiskit,stock Qiskit Level 3 baseline,284,284,215,133,50.39644444444452,0.0,0.017312600000877865,0.01826690000598319,0,6.58622258912541e-15,6.186749630456394e-15,29.364825491143737,29.364825491144096,False,0,nan,nan,0.0,"[9, 5, 8, 0, 3, 1, 2, 14, 15, 13, 6, 4, 11, 12, 7, 10]"
balanced,medium50,80003,22340927,0.5,qaoa_p1,1,hybrid_level3,29,v4_beam,"supported QAOA with density 0.500 inside [0.45, 0.80]",283,283,175,102,39.168000000000035,0.47368290000304114,0.013994900000398047,0.48871580000559334,56,6.26612393895959e-15,6.04474296457823e-15,29.364825491143737,29.36482549114409,False,0,nan,nan,0.0,"[5, 2, 0, 11, 15, 4, 12, 14, 10, 6, 9, 1, 8, 7, 13, 3]"
balanced,medium50,80003,22340927,0.5,qaoa_p1,1,stock_level3,47,stock_qiskit,stock Qiskit Level 3 baseline,277,277,245,127,49.23733333333343,0.0,0.01780230000440497,0.018710100004682317,0,7.047118312082946e-15,6.702749688010671e-15,29.364825491143737,29.364825491144135,False,0,nan,nan,0.0,"[3, 5, 9, 2, 0, 1, 6, 8, 4, 11, 10, 7, 15, 14, 12, 13]"
balanced,medium50,80003,22340927,0.5,qaoa_p1,1,hybrid_level3,47,v4_beam,"supported QAOA with density 0.500 inside [0.45, 0.80]",274,274,198,117,44.885333333333385,0.4617703999974765,0.01749680000648368,0.4803609999944456,56,5.562181030912736e-15,5.375832001997185e-15,29.364825491143737,29.364825491144046,False,0,nan,nan,0.0,"[0, 14, 1, 2, 15, 9, 11, 6, 12, 7, 5, 13, 3, 10, 8, 4]"
balanced,medium50,80003,22340927,0.5,qaoa_p2,2,stock_level3,11,stock_qiskit,stock Qiskit Level 3 baseline,622,622,397,246,98.43200000000037,0.0,0.029273899999679998,0.030920799996238202,0,1.1763108915116464e-14,1.1278766246051811e-14,29.845817154028975,29.845817154029646,False,0,nan,nan,0.0,"[15, 13, 12, 14, 9, 11, 8, 6, 5, 10, 2, 0, 3, 7, 1, 4]"
balanced,medium50,80003,22340927,0.5,qaoa_p2,2,hybrid_level3,11,v4_beam,"supported QAOA with density 0.500 inside [0.45, 0.80]",598,598,374,245,95.08266666666688,0.8569290000014007,0.03392649999295827,0.8924699000053806,109,1.2923058535389839e-14,1.2551401481740165e-14,29.845817154028975,29.84581715402973,False,0,nan,nan,0.0,"[14, 5, 0, 4, 7, 15, 1, 2, 11, 8, 10, 12, 9, 3, 13, 6]"
balanced,medium50,80003,22340927,0.5,qaoa_p2,2,stock_level3,29,stock_qiskit,stock Qiskit Level 3 baseline,590,590,425,236,94.8764444444449,0.0,0.029528700004448183,0.03116539999609813,0,1.4378553031290754e-14,1.4113660184244384e-14,29.845817154028975,29.845817154029817,False,0,nan,nan,0.0,"[12, 6, 0, 15, 10, 13, 7, 4, 2, 1, 14, 11, 9, 3, 8, 5]"
balanced,medium50,80003,22340927,0.5,qaoa_p2,2,hybrid_level3,29,v4_beam,"supported QAOA with density 0.500 inside [0.45, 0.80]",606,606,378,215,85.95200000000024,0.9087985999940429,0.02197590000287164,0.9324330000090413,109,1.2897002202608505e-14,1.2562307706794323e-14,29.845817154028975,29.84581715402973,False,0,nan,nan,0.0,"[8, 7, 0, 9, 2, 3, 11, 6, 12, 13, 5, 1, 4, 14, 10, 15]"
balanced,medium50,80003,22340927,0.5,qaoa_p2,2,stock_level3,47,stock_qiskit,stock Qiskit Level 3 baseline,607,607,389,214,89.55733333333364,0.0,0.027220599993597716,0.028695700006210245,0,1.4518114099868686e-14,1.4291696422496463e-14,29.845817154028975,29.84581715402983,False,0,nan,nan,0.0,"[15, 1, 6, 0, 10, 9, 12, 7, 13, 4, 11, 2, 14, 8, 3, 5]"
balanced,medium50,80003,22340927,0.5,qaoa_p2,2,hybrid_level3,47,v4_beam,"supported QAOA with density 0.500 inside [0.45, 0.80]",620,620,382,228,87.281777777778,1.0382366999983788,0.023101900005713105,1.0630379999929573,109,1.1790115490854102e-14,1.1401893301562504e-14,29.845817154028975,29.84581715402966,False,0,nan,nan,0.0,"[9, 10, 0, 1, 14, 11, 4, 6, 13, 12, 2, 3, 15, 7, 8, 5]"
balanced,medium50,80004,22340928,0.5,qaoa_p1,1,stock_level3,11,stock_qiskit,stock Qiskit Level 3 baseline,291,291,213,121,47.217777777777826,0.0,0.019551599994883873,0.020679200009908527,0,8.38023457297768e-15,8.133645690378077e-15,26.95393758133574,26.953937581336177,False,0,nan,nan,0.0,"[5, 9, 14, 15, 11, 8, 3, 13, 2, 0, 7, 6, 10, 1, 12, 4]"
balanced,medium50,80004,22340928,0.5,qaoa_p1,1,hybrid_level3,11,v4_beam,"supported QAOA with density 0.500 inside [0.45, 0.80]",282,282,162,94,38.94044444444448,0.5230813999951351,0.014358500004163943,0.5384345000056783,56,8.675803981652377e-15,8.500810647296655e-15,26.95393758133574,26.95393758133619,False,0,nan,nan,0.0,"[8, 1, 15, 11, 13, 7, 0, 3, 14, 5, 9, 10, 12, 6, 2, 4]"
balanced,medium50,80004,22340928,0.5,qaoa_p1,1,stock_level3,29,stock_qiskit,stock Qiskit Level 3 baseline,312,312,215,119,48.028444444444524,0.0,0.016585500008659437,0.017455599998356774,0,7.5322636996273e-15,7.24212895756031e-15,26.95393758133574,26.95393758133613,False,0,nan,nan,0.0,"[8, 3, 0, 2, 1, 6, 5, 7, 9, 4, 15, 11, 14, 12, 10, 13]"
balanced,medium50,80004,22340928,0.5,qaoa_p1,1,hybrid_level3,29,v4_beam,"supported QAOA with density 0.500 inside [0.45, 0.80]",285,285,168,91,35.42044444444447,0.4660650000005262,0.013779600005364046,0.4807503999909386,56,7.395831483541943e-15,7.219425826678281e-15,26.95393758133574,26.95393758133613,False,0,nan,nan,0.0,"[11, 1, 15, 9, 14, 6, 4, 3, 10, 12, 8, 0, 13, 7, 2, 5]"
balanced,medium50,80004,22340928,0.5,qaoa_p1,1,stock_level3,47,stock_qiskit,stock Qiskit Level 3 baseline,309,309,214,126,50.32533333333338,0.0,0.016221500001847744,0.017000599997118115,0,9.100591691166097e-15,8.972334914537385e-15,26.95393758133574,26.953937581336223,False,0,nan,nan,0.0,"[4, 0, 6, 15, 14, 10, 7, 13, 9, 8, 12, 5, 3, 1, 11, 2]"
balanced,medium50,80004,22340928,0.5,qaoa_p1,1,hybrid_level3,47,v4_beam,"supported QAOA with density 0.500 inside [0.45, 0.80]",290,290,181,106,41.735111111111166,0.4727296000055503,0.014069099997868761,0.48776669999642763,56,7.71019823981768e-15,7.545627229209142e-15,26.95393758133574,26.95393758133615,False,0,nan,nan,0.0,"[8, 2, 15, 12, 14, 7, 1, 9, 10, 11, 3, 4, 13, 6, 5, 0]"
balanced,medium50,80004,22340928,0.5,qaoa_p2,2,stock_level3,11,stock_qiskit,stock Qiskit Level 3 baseline,666,666,398,256,102.47822222222261,0.0,0.026931499989586882,0.028313200004049577,0,1.4289159606516425e-14,1.3946232632519304e-14,29.823972473194726,29.823972473195564,False,0,nan,nan,0.0,"[6, 15, 10, 2, 1, 7, 9, 0, 3, 13, 4, 8, 5, 14, 12, 11]"
balanced,medium50,80004,22340928,0.5,qaoa_p2,2,hybrid_level3,11,v4_beam,"supported QAOA with density 0.500 inside [0.45, 0.80]",594,594,335,203,82.95111111111132,0.9207195999915712,0.030831900003249757,0.9531318000081228,100,1.4569733906837996e-14,1.4184220537066015e-14,29.823972473194726,29.823972473195575,False,0,nan,nan,0.0,"[3, 1, 13, 15, 11, 8, 2, 4, 5, 12, 14, 10, 6, 0, 7, 9]"
balanced,medium50,80004,22340928,0.5,qaoa_p2,2,stock_level3,29,stock_qiskit,stock Qiskit Level 3 baseline,661,661,433,245,95.35288888888921,0.0,0.03007439999782946,0.03155450000485871,0,1.50699701000183e-14,1.4745228104250696e-14,29.823972473194726,29.82397247319561,False,0,nan,nan,0.0,"[9, 5, 14, 15, 11, 8, 3, 13, 2, 0, 7, 6, 10, 1, 12, 4]"
balanced,medium50,80004,22340928,0.5,qaoa_p2,2,hybrid_level3,29,v4_beam,"supported QAOA with density 0.500 inside [0.45, 0.80]",620,620,351,208,83.13600000000028,0.8407930000103079,0.02059269999153912,0.8628377999993972,100,1.325787620856133e-14,1.297733838034503e-14,29.823972473194726,29.823972473195504,False,0,nan,nan,0.0,"[1, 3, 10, 15, 11, 8, 4, 2, 5, 14, 12, 13, 6, 0, 7, 9]"
balanced,medium50,80004,22340928,0.5,qaoa_p2,2,stock_level3,47,stock_qiskit,stock Qiskit Level 3 baseline,653,653,475,264,105.35822222222257,0.0,0.02685699998983182,0.02827479998813942,0,1.4852078396982565e-14,1.456421363883171e-14,29.823972473194726,29.8239724731956,False,0,nan,nan,0.0,"[11, 8, 9, 3, 5, 15, 6, 13, 0, 1, 14, 4, 7, 12, 2, 10]"
balanced,medium50,80004,22340928,0.5,qaoa_p2,2,hybrid_level3,47,v4_beam,"supported QAOA with density 0.500 inside [0.45, 0.80]",551,551,357,195,78.6915555555558,0.8992992999992566,0.02088480000384152,0.9218710999994073,100,1.5195138545693662e-14,1.4943412849590726e-14,29.823972473194726,29.823972473195624,False,0,nan,nan,0.0,"[10, 4, 5, 12, 11, 9, 6, 7, 2, 3, 8, 15, 1, 0, 13, 14]"
balanced,medium50,80005,22340929,0.5,qaoa_p1,1,stock_level3,11,stock_qiskit,stock Qiskit Level 3 baseline,279,279,236,117,47.02577777777785,0.0,0.01863400000729598,0.019562700006645173,0,9.500041839763349e-15,8.940363789681575e-15,29.621681302058395,29.62168130205892,False,0,nan,nan,0.0,"[0, 15, 1, 4, 6, 7, 2, 13, 10, 9, 12, 11, 5, 14, 3, 8]"
balanced,medium50,80005,22340929,0.5,qaoa_p1,1,hybrid_level3,11,v4_beam,"supported QAOA with density 0.500 inside [0.45, 0.80]",226,226,126,62,25.884444444444455,0.591088100001798,0.013613799994345754,0.6056245000072522,48,9.54907685324107e-15,9.309945468955888e-15,29.621681302058395,29.62168130205895,False,0,nan,nan,0.0,"[4, 14, 3, 15, 7, 1, 8, 9, 6, 12, 11, 13, 5, 0, 2, 10]"
balanced,medium50,80005,22340929,0.5,qaoa_p1,1,stock_level3,29,stock_qiskit,stock Qiskit Level 3 baseline,319,319,220,137,52.871111111111226,0.0,0.016029099992010742,0.016858499991940334,0,7.386748845533948e-15,7.1560885957949e-15,29.621681302058395,29.62168130205882,False,0,nan,nan,0.0,"[9, 0, 3, 5, 8, 2, 4, 6, 7, 1, 11, 13, 12, 14, 10, 15]"
balanced,medium50,80005,22340929,0.5,qaoa_p1,1,hybrid_level3,29,v4_beam,"supported QAOA with density 0.500 inside [0.45, 0.80]",233,233,127,61,26.01955555555557,0.38396049999573734,0.013167400000384077,0.39805569998861756,48,9.440536759230436e-15,9.203115059576494e-15,29.621681302058395,29.62168130205894,False,0,nan,nan,0.0,"[1, 11, 3, 15, 4, 7, 14, 5, 6, 12, 8, 13, 9, 0, 2, 10]"
balanced,medium50,80005,22340929,0.5,qaoa_p1,1,stock_level3,47,stock_qiskit,stock Qiskit Level 3 baseline,288,288,201,120,47.55200000000006,0.0,0.01617310001165606,0.01699489999737125,0,8.314112296694997e-15,7.982717104786923e-15,29.621681302058395,29.621681302058867,False,0,nan,nan,0.0,"[9, 15, 11, 8, 0, 3, 5, 6, 13, 14, 1, 12, 7, 2, 10, 4]"
balanced,medium50,80005,22340929,0.5,qaoa_p1,1,hybrid_level3,47,v4_beam,"supported QAOA with density 0.500 inside [0.45, 0.80]",226,226,126,62,25.884444444444455,0.6236996000079671,0.020591799999237992,0.6459732000075746,48,9.54907685324107e-15,9.309945468955888e-15,29.621681302058395,29.62168130205895,False,0,nan,nan,0.0,"[4, 11, 3, 15, 7, 1, 14, 9, 6, 12, 8, 13, 5, 0, 2, 10]"
balanced,medium50,80005,22340929,0.5,qaoa_p2,2,stock_level3,11,stock_qiskit,stock Qiskit Level 3 baseline,666,666,434,282,105.20177777777815,0.0,0.04146029999537859,0.043063000004622154,0,1.4601928425112363e-14,1.4208875769706861e-14,21.880498553581056,21.880498553581674,False,0,nan,nan,0.0,"[11, 9, 3, 0, 2, 1, 6, 15, 5, 4, 8, 14, 12, 7, 10, 13]"
balanced,medium50,80005,22340929,0.5,qaoa_p2,2,hybrid_level3,11,v4_beam,"supported QAOA with density 0.500 inside [0.45, 0.80]",498,498,262,144,58.22577777777791,1.0578005999996094,0.02456349998828955,1.0839976999995997,97,1.4528790319297036e-14,1.4189147324243462e-14,21.880498553581056,21.880498553581674,False,0,nan,nan,0.0,"[0, 12, 9, 5, 10, 3, 6, 14, 13, 8, 4, 2, 15, 1, 7, 11]"
balanced,medium50,80005,22340929,0.5,qaoa_p2,2,stock_level3,29,stock_qiskit,stock Qiskit Level 3 baseline,638,638,403,248,95.32444444444472,0.0,0.0504170000058366,0.05251139999018051,0,1.1884665684797907e-14,1.1381734866413734e-14,21.880498553581056,21.880498553581553,False,0,nan,nan,0.0,"[0, 9, 15, 8, 5, 11, 14, 6, 3, 13, 2, 4, 10, 1, 12, 7]"
balanced,medium50,80005,22340929,0.5,qaoa_p2,2,hybrid_level3,29,v4_beam,"supported QAOA with density 0.500 inside [0.45, 0.80]",514,514,274,149,61.148444444444564,0.7731023000087589,0.020560599994496442,0.795134700005292,97,1.452349671221164e-14,1.4170687176854424e-14,21.880498553581056,21.880498553581674,False,0,nan,nan,0.0,"[2, 12, 11, 10, 15, 8, 3, 0, 7, 9, 6, 14, 1, 13, 5, 4]"
balanced,medium50,80005,22340929,0.5,qaoa_p2,2,stock_level3,47,stock_qiskit,stock Qiskit Level 3 baseline,652,652,381,238,94.1084444444448,0.0,0.02961749999667518,0.031171599999652244,0,1.315724380105976e-14,1.2824372598198334e-14,21.880498553581056,21.880498553581614,False,0,nan,nan,0.0,"[6, 0, 1, 4, 9, 2, 10, 15, 5, 7, 3, 14, 11, 12, 13, 8]"
balanced,medium50,80005,22340929,0.5,qaoa_p2,2,hybrid_level3,47,v4_beam,"supported QAOA with density 0.500 inside [0.45, 0.80]",474,474,246,133,52.72177777777788,0.7560108000034234,0.022888099992997013,0.780481099995086,97,1.4704138310706893e-14,1.4309663873460275e-14,21.880498553581056,21.88049855358168,False,0,nan,nan,0.0,"[0, 13, 11, 2, 12, 3, 5, 1, 4, 9, 10, 14, 7, 15, 8, 6]"
balanced,medium50,80006,22340930,0.5,qaoa_p1,1,stock_level3,11,stock_qiskit,stock Qiskit Level 3 baseline,310,310,202,130,53.16977777777782,0.0,0.01743319998786319,0.018340200011152774,0,8.339589759706227e-15,8.167151138115225e-15,28.237310752557853,28.23731075255831,False,0,nan,nan,0.0,"[9, 15, 5, 8, 14, 11, 13, 12, 10, 6, 3, 7, 0, 2, 4, 1]"
balanced,medium50,80006,22340930,0.5,qaoa_p1,1,hybrid_level3,11,v4_beam,"supported QAOA with density 0.500 inside [0.45, 0.80]",245,245,141,80,31.132444444444456,0.49723850000009406,0.014227299994672649,0.5125583000044571,52,8.800906043067065e-15,8.618909209786318e-15,28.237310752557853,28.237310752558344,False,0,nan,nan,0.0,"[14, 7, 5, 15, 9, 4, 11, 0, 1, 3, 6, 13, 8, 12, 2, 10]"
balanced,medium50,80006,22340930,0.5,qaoa_p1,1,stock_level3,29,stock_qiskit,stock Qiskit Level 3 baseline,295,295,196,130,49.059555555555605,0.0,0.018575699999928474,0.02007809998758603,0,6.155449234280807e-15,5.911556823563535e-15,28.237310752557853,28.237310752558187,False,0,nan,nan,0.0,"[9, 5, 11, 15, 8, 14, 3, 2, 6, 0, 13, 4, 1, 12, 7, 10]"
balanced,medium50,80006,22340930,0.5,qaoa_p1,1,hybrid_level3,29,v4_beam,"supported QAOA with density 0.500 inside [0.45, 0.80]",245,245,141,80,31.132444444444456,0.44240080000599846,0.013333399998373352,0.4566285000037169,52,8.800906043067065e-15,8.618909209786318e-15,28.237310752557853,28.237310752558344,False,0,nan,nan,0.0,"[14, 7, 5, 15, 9, 12, 11, 0, 1, 3, 4, 13, 8, 6, 2, 10]"
balanced,medium50,80006,22340930,0.5,qaoa_p1,1,stock_level3,47,stock_qiskit,stock Qiskit Level 3 baseline,310,310,214,133,51.50577777777782,0.0,0.016784799998276867,0.01758240000344813,0,9.785047624610858e-15,9.554275357022682e-15,28.237310752557853,28.237310752558393,False,0,nan,nan,0.0,"[9, 13, 14, 5, 12, 8, 15, 6, 11, 10, 3, 2, 7, 0, 4, 1]"
balanced,medium50,80006,22340930,0.5,qaoa_p1,1,hybrid_level3,47,v4_beam,"supported QAOA with density 0.500 inside [0.45, 0.80]",245,245,141,80,31.132444444444456,0.5066403999953764,0.01318110000283923,0.5206433999992441,52,8.800906043067065e-15,8.618909209786318e-15,28.237310752557853,28.237310752558344,False,0,nan,nan,0.0,"[14, 7, 5, 15, 9, 12, 11, 0, 1, 3, 4, 13, 8, 6, 2, 10]"
balanced,medium50,80006,22340930,0.5,qaoa_p2,2,stock_level3,11,stock_qiskit,stock Qiskit Level 3 baseline,638,638,402,248,98.5600000000003,0.0,0.026613699999870732,0.02796290001424495,0,1.3593209514458817e-14,1.3247559316668493e-14,29.300147334748857,29.30014733474963,False,0,nan,nan,0.0,"[9, 8, 11, 14, 13, 5, 3, 0, 1, 2, 15, 6, 12, 10, 4, 7]"
balanced,medium50,80006,22340930,0.5,qaoa_p2,2,hybrid_level3,11,v4_beam,"supported QAOA with density 0.500 inside [0.45, 0.80]",492,492,265,153,60.64355555555566,0.8024903000041377,0.019290799988084473,0.8232827000028919,98,1.5374707103413167e-14,1.5098864032792692e-14,29.300147334748857,29.300147334749738,False,0,nan,nan,0.0,"[6, 0, 2, 7, 15, 14, 13, 4, 5, 1, 12, 11, 10, 3, 9, 8]"
balanced,medium50,80006,22340930,0.5,qaoa_p2,2,stock_level3,29,stock_qiskit,stock Qiskit Level 3 baseline,650,650,434,252,98.3680000000003,0.0,0.02712729999620933,0.028659400006290525,0,1.6219316001894177e-14,1.5970467778614553e-14,29.300147334748857,29.300147334749788,False,0,nan,nan,0.0,"[9, 2, 8, 11, 6, 3, 4, 0, 5, 1, 15, 10, 7, 14, 12, 13]"
balanced,medium50,80006,22340930,0.5,qaoa_p2,2,hybrid_level3,29,v4_beam,"supported QAOA with density 0.500 inside [0.45, 0.80]",495,495,275,149,58.58133333333344,0.7835025000094902,0.019431100008659996,0.8043976000044495,98,1.518635065993481e-14,1.4901964769570938e-14,29.300147334748857,29.30014733474973,False,0,nan,nan,0.0,"[6, 0, 2, 10, 4, 12, 14, 7, 5, 1, 13, 11, 15, 3, 9, 8]"
balanced,medium50,80006,22340930,0.5,qaoa_p2,2,stock_level3,47,stock_qiskit,stock Qiskit Level 3 baseline,646,646,415,262,100.99911111111147,0.0,0.026271499998983927,0.027670199997373857,0,1.4169926429491557e-14,1.3860223452205964e-14,29.300147334748857,29.300147334749667,False,0,nan,nan,0.0,"[0, 5, 6, 3, 9, 1, 11, 14, 2, 8, 15, 4, 13, 12, 7, 10]"
balanced,medium50,80006,22340930,0.5,qaoa_p2,2,hybrid_level3,47,v4_beam,"supported QAOA with density 0.500 inside [0.45, 0.80]",515,515,287,165,66.79466666666679,0.7854042999970261,0.019754299995838664,0.8065778000018327,98,1.4716887768131573e-14,1.441579782543734e-14,29.300147334748857,29.3001473347497,False,0,nan,nan,0.0,"[6, 1, 2, 7, 15, 14, 13, 4, 5, 0, 12, 11, 10, 3, 9, 8]"
balanced,medium50,80007,22340931,0.5,qaoa_p1,1,stock_level3,11,stock_qiskit,stock Qiskit Level 3 baseline,307,307,211,121,47.6871111111112,0.0,0.01638719999755267,0.01722939999308437,0,8.882163787576693e-15,8.69915156170616e-15,29.013964310929662,29.013964310930163,False,0,nan,nan,0.0,"[9, 3, 2, 8, 1, 0, 5, 6, 4, 7, 11, 14, 15, 12, 13, 10]"
balanced,medium50,80007,22340931,0.5,qaoa_p1,1,hybrid_level3,11,v4_beam,"supported QAOA with density 0.500 inside [0.45, 0.80]",246,246,154,81,32.6897777777778,0.38772090000566095,0.01396270000259392,0.4026527000096394,46,1.0192633788520884e-14,1.0049152859491743e-14,29.013964310929662,29.013964310930245,False,0,nan,nan,0.0,"[5, 4, 13, 14, 6, 2, 0, 15, 1, 10, 3, 11, 12, 9, 8, 7]"
balanced,medium50,80007,22340931,0.5,qaoa_p1,1,stock_level3,29,stock_qiskit,stock Qiskit Level 3 baseline,309,309,207,115,47.06844444444448,0.0,0.016160800005309284,0.016963899994152598,0,8.30222329051975e-15,8.125876788448423e-15,29.013964310929662,29.01396431093013,False,0,nan,nan,0.0,"[14, 9, 13, 6, 12, 15, 11, 10, 0, 7, 8, 5, 2, 1, 3, 4]"
balanced,medium50,80007,22340931,0.5,qaoa_p1,1,hybrid_level3,29,v4_beam,"supported QAOA with density 0.500 inside [0.45, 0.80]",248,248,149,74,30.186666666666678,0.37881609999749344,0.012813299996196292,0.39255609999236185,46,9.669270362904346e-15,9.516164003846615e-15,29.013964310929662,29.013964310930206,False,0,nan,nan,0.0,"[9, 1, 15, 14, 6, 7, 2, 12, 0, 10, 3, 11, 13, 8, 5, 4]"
balanced,medium50,80007,22340931,0.5,qaoa_p1,1,stock_level3,47,stock_qiskit,stock Qiskit Level 3 baseline,272,272,206,111,42.14044444444446,0.0,0.017619799997191876,0.018409099997370504,0,1.1074999016524734e-14,1.0898492718374533e-14,29.013964310929662,29.013964310930294,False,0,nan,nan,0.0,"[9, 5, 3, 8, 11, 14, 0, 15, 13, 12, 2, 1, 6, 7, 4, 10]"
balanced,medium50,80007,22340931,0.5,qaoa_p1,1,hybrid_level3,47,v4_beam,"supported QAOA with density 0.500 inside [0.45, 0.80]",244,244,153,76,30.30755555555557,0.37577100000635255,0.012819399998988956,0.38944069998979103,46,9.773950348216696e-15,9.626194681673814e-15,29.013964310929662,29.013964310930216,False,0,nan,nan,0.0,"[13, 2, 15, 8, 6, 7, 0, 14, 1, 10, 3, 5, 11, 9, 12, 4]"
balanced,medium50,80007,22340931,0.5,qaoa_p2,2,stock_level3,11,stock_qiskit,stock Qiskit Level 3 baseline,651,651,411,237,92.82133333333361,0.0,0.026927799990517087,0.02828139999473933,0,1.2639488332084995e-14,1.2272775824537e-14,27.65255235488924,27.652552354889917,False,0,nan,nan,0.0,"[15, 9, 11, 14, 8, 0, 3, 1, 13, 7, 5, 2, 6, 12, 4, 10]"
balanced,medium50,80007,22340931,0.5,qaoa_p2,2,hybrid_level3,11,v4_beam,"supported QAOA with density 0.500 inside [0.45, 0.80]",522,522,309,185,72.41244444444463,0.7359792999923229,0.018410899996524677,0.7557874999911292,89,9.872443275611605e-15,9.46418885926276e-15,27.65255235488924,27.652552354889757,False,0,nan,nan,0.0,"[0, 14, 5, 13, 4, 2, 7, 15, 12, 1, 3, 9, 11, 10, 8, 6]"
balanced,medium50,80007,22340931,0.5,qaoa_p2,2,stock_level3,29,stock_qiskit,stock Qiskit Level 3 baseline,647,647,419,257,97.37244444444478,0.0,0.026023300000815652,0.027363699991838075,0,1.1831177704360993e-14,1.144248991534762e-14,27.65255235488924,27.652552354889878,False,0,nan,nan,0.0,"[8, 9, 11, 5, 13, 14, 0, 15, 12, 4, 3, 2, 6, 10, 1, 7]"
balanced,medium50,80007,22340931,0.5,qaoa_p2,2,hybrid_level3,29,v4_beam,"supported QAOA with density 0.500 inside [0.45, 0.80]",513,513,304,175,68.35200000000019,0.6732584000128554,0.018838899995898828,0.6935168000054546,89,1.0270855168499833e-14,9.876170794573949e-15,27.65255235488924,27.652552354889785,False,0,nan,nan,0.0,"[0, 14, 5, 13, 1, 6, 4, 15, 12, 2, 3, 9, 11, 7, 8, 10]"
balanced,medium50,80007,22340931,0.5,qaoa_p2,2,stock_level3,47,stock_qiskit,stock Qiskit Level 3 baseline,644,644,435,253,99.26400000000035,0.0,0.03962669998873025,0.04197259999637026,0,1.2810597562542749e-14,1.2443636388615775e-14,27.65255235488924,27.652552354889934,False,0,nan,nan,0.0,"[3, 15, 9, 5, 8, 14, 0, 11, 13, 12, 2, 1, 10, 4, 6, 7]"
balanced,medium50,80007,22340931,0.5,qaoa_p2,2,hybrid_level3,47,v4_beam,"supported QAOA with density 0.500 inside [0.45, 0.80]",541,541,349,208,84.2240000000002,0.6783932999969693,0.018619199996464886,0.69844490000105,89,9.969754462431204e-15,9.571025801443214e-15,27.65255235488924,27.652552354889764,False,0,nan,nan,0.0,"[0, 7, 3, 8, 10, 6, 1, 15, 5, 12, 2, 9, 13, 4, 14, 11]"
balanced,medium50,80008,22340932,0.5,qaoa_p1,1,stock_level3,11,stock_qiskit,stock Qiskit Level 3 baseline,318,318,214,146,60.04622222222233,0.0,0.016716800004360266,0.0175423999899067,0,7.285187500169507e-15,6.9675497747331515e-15,25.512081161556576,25.51208116155693,False,0,nan,nan,0.0,"[3, 5, 9, 8, 0, 11, 2, 13, 14, 12, 15, 1, 6, 10, 4, 7]"
balanced,medium50,80008,22340932,0.5,qaoa_p1,1,hybrid_level3,11,v4_beam,"supported QAOA with density 0.500 inside [0.45, 0.80]",239,239,167,92,37.78844444444448,0.4287317999987863,0.015406200007419102,0.4453108000016073,49,8.714396816342209e-15,8.447165514236466e-15,25.512081161556576,25.512081161557006,False,0,nan,nan,0.0,"[1, 15, 7, 12, 11, 5, 14, 2, 4, 10, 13, 0, 3, 8, 6, 9]"
balanced,medium50,80008,22340932,0.5,qaoa_p1,1,stock_level3,29,stock_qiskit,stock Qiskit Level 3 baseline,304,304,228,135,53.11288888888891,0.0,0.016659999993862584,0.01745909999590367,0,8.463627696931383e-15,8.155472506526295e-15,25.512081161556576,25.512081161556996,False,0,nan,nan,0.0,"[13, 14, 6, 10, 15, 9, 12, 11, 8, 7, 2, 3, 0, 4, 5, 1]"
balanced,medium50,80008,22340932,0.5,qaoa_p1,1,hybrid_level3,29,v4_beam,"supported QAOA with density 0.500 inside [0.45, 0.80]",247,247,189,106,42.55288888888891,0.3801180000009481,0.012624099996173754,0.39359399999375455,49,8.36906387312337e-15,8.100322934487724e-15,25.512081161556576,25.512081161556992,False,0,nan,nan,0.0,"[1, 15, 10, 7, 11, 5, 14, 2, 4, 12, 13, 0, 3, 8, 6, 9]"
balanced,medium50,80008,22340932,0.5,qaoa_p1,1,stock_level3,47,stock_qiskit,stock Qiskit Level 3 baseline,305,305,255,148,56.89600000000011,0.0,0.016521199999260716,0.017319700011285022,0,7.674453593107987e-15,7.319578527501797e-15,25.512081161556576,25.512081161556956,False,0,nan,nan,0.0,"[6, 0, 2, 1, 15, 5, 9, 8, 3, 4, 13, 14, 7, 10, 11, 12]"
balanced,medium50,80008,22340932,0.5,qaoa_p1,1,hybrid_level3,47,v4_beam,"supported QAOA with density 0.500 inside [0.45, 0.80]",250,250,184,105,42.161777777777814,0.3788249000062933,0.012691199997789226,0.39237459999276325,49,8.719991864381578e-15,8.462813789514146e-15,25.512081161556576,25.512081161557006,False,0,nan,nan,0.0,"[0, 15, 7, 4, 11, 5, 14, 2, 1, 10, 13, 12, 3, 8, 6, 9]"
balanced,medium50,80008,22340932,0.5,qaoa_p2,2,stock_level3,11,stock_qiskit,stock Qiskit Level 3 baseline,669,669,408,268,103.49511111111147,0.0,0.027302899994538166,0.028802000000723638,0,1.0566425186013503e-14,1.0190654037727419e-14,28.92977208044794,28.929772080448522,False,0,nan,nan,0.0,"[0, 4, 13, 15, 9, 7, 1, 6, 10, 12, 5, 3, 14, 11, 2, 8]"
balanced,medium50,80008,22340932,0.5,qaoa_p2,2,hybrid_level3,11,v4_beam,"supported QAOA with density 0.500 inside [0.45, 0.80]",485,485,317,182,74.28977777777794,0.7311406000080751,0.02073269999527838,0.7532659999997122,95,1.1855663803037005e-14,1.141101960858988e-14,28.92977208044794,28.9297720804486,False,0,nan,nan,0.0,"[15, 10, 9, 8, 13, 3, 6, 14, 5, 4, 2, 12, 1, 11, 7, 0]"
balanced,medium50,80008,22340932,0.5,qaoa_p2,2,stock_level3,29,stock_qiskit,stock Qiskit Level 3 baseline,690,690,411,278,110.02311111111142,0.0,0.025778199997148477,0.027117399993585423,0,1.1023422223664476e-14,1.0690424622510464e-14,28.92977208044794,28.929772080448558,False,0,nan,nan,0.0,"[6, 15, 7, 0, 2, 1, 9, 10, 4, 5, 3, 11, 12, 14, 8, 13]"
balanced,medium50,80008,22340932,0.5,qaoa_p2,2,hybrid_level3,29,v4_beam,"supported QAOA with density 0.500 inside [0.45, 0.80]",499,499,320,186,76.1173333333335,0.7273006999894278,0.019947499997215346,0.7486452000011923,95,1.0823251630730807e-14,1.0423451888756102e-14,28.92977208044794,28.929772080448537,False,0,nan,nan,0.0,"[15, 10, 9, 11, 12, 5, 14, 7, 2, 13, 3, 6, 8, 4, 1, 0]"
balanced,medium50,80008,22340932,0.5,qaoa_p2,2,stock_level3,47,stock_qiskit,stock Qiskit Level 3 baseline,646,646,447,266,105.00266666666698,0.0,0.028020800004014745,0.02964040001097601,0,1.118505986952572e-14,1.0820859340971635e-14,28.92977208044794,28.92977208044856,False,0,nan,nan,0.0,"[15, 11, 9, 3, 0, 5, 2, 8, 13, 14, 6, 12, 1, 7, 10, 4]"
balanced,medium50,80008,22340932,0.5,qaoa_p2,2,hybrid_level3,47,v4_beam,"supported QAOA with density 0.500 inside [0.45, 0.80]",529,529,332,190,75.12888888888907,0.7830709999980172,0.020636899993405677,0.8052266000013333,95,1.0565959477087434e-14,1.0130866331865085e-14,28.92977208044794,28.92977208044852,False,0,nan,nan,0.0,"[14, 13, 9, 8, 11, 5, 12, 0, 7, 10, 3, 15, 2, 4, 6, 1]"
balanced,medium50,80009,22340933,0.5,qaoa_p1,1,stock_level3,11,stock_qiskit,stock Qiskit Level 3 baseline,307,307,227,146,55.630222222222294,0.0,0.01628039999923203,0.017092299996875226,0,7.859396362336228e-15,7.638584368414712e-15,28.534556195488626,28.534556195489063,False,0,nan,nan,0.0,"[9, 2, 11, 5, 14, 3, 6, 0, 8, 4, 10, 7, 1, 13, 15, 12]"
balanced,medium50,80009,22340933,0.5,qaoa_p1,1,hybrid_level3,11,v4_beam,"supported QAOA with density 0.500 inside [0.45, 0.80]",233,233,147,77,29.781333333333347,0.34827750000113156,0.015167399993515573,0.364366699999664,46,8.232868799300035e-15,8.030891884691793e-15,28.534556195488626,28.53455619548908,False,0,nan,nan,0.0,"[7, 15, 2, 14, 9, 1, 3, 13, 4, 5, 8, 12, 10, 6, 0, 11]"
balanced,medium50,80009,22340933,0.5,qaoa_p1,1,stock_level3,29,stock_qiskit,stock Qiskit Level 3 baseline,303,303,238,149,56.02844444444453,0.0,0.015731199993751943,0.01653459999943152,0,6.917682750187328e-15,6.641538902974796e-15,28.534556195488626,28.534556195489007,False,0,nan,nan,0.0,"[3, 9, 2, 5, 0, 8, 11, 4, 14, 6, 15, 12, 1, 13, 7, 10]"
balanced,medium50,80009,22340933,0.5,qaoa_p1,1,hybrid_level3,29,v4_beam,"supported QAOA with density 0.500 inside [0.45, 0.80]",238,238,149,75,30.15822222222224,0.3359328000078676,0.012439300000551157,0.3496549999981653,46,8.263968527436891e-15,8.074733495553116e-15,28.534556195488626,28.53455619548909,False,0,nan,nan,0.0,"[1, 15, 0, 14, 9, 7, 2, 13, 6, 3, 8, 12, 4, 5, 10, 11]"
balanced,medium50,80009,22340933,0.5,qaoa_p1,1,stock_level3,47,stock_qiskit,stock Qiskit Level 3 baseline,307,307,237,156,59.463111111111196,0.0,0.015619699988747016,0.016448499998659827,0,6.840793305364977e-15,6.619266525220606e-15,28.534556195488626,28.534556195489003,False,0,nan,nan,0.0,"[8, 9, 11, 14, 6, 15, 12, 5, 10, 0, 13, 2, 3, 7, 1, 4]"
balanced,medium50,80009,22340933,0.5,qaoa_p1,1,hybrid_level3,47,v4_beam,"supported QAOA with density 0.500 inside [0.45, 0.80]",241,241,144,77,30.208000000000013,0.33948789999703877,0.013145999997504987,0.3535556999995606,46,8.078388982016455e-15,7.862835896358064e-15,28.534556195488626,28.534556195489074,False,0,nan,nan,0.0,"[4, 12, 1, 11, 9, 10, 2, 14, 6, 3, 8, 15, 7, 5, 0, 13]"
balanced,medium50,80009,22340933,0.5,qaoa_p2,2,stock_level3,11,stock_qiskit,stock Qiskit Level 3 baseline,642,642,411,233,95.6871111111115,0.0,0.02752060000784695,0.028998699999647215,0,1.3323527353284277e-14,1.286801852606346e-14,26.667111025228177,26.66711102522886,False,0,nan,nan,0.0,"[15, 13, 9, 8, 6, 14, 10, 5, 11, 12, 2, 0, 3, 7, 1, 4]"
balanced,medium50,80009,22340933,0.5,qaoa_p2,2,hybrid_level3,11,v4_beam,"supported QAOA with density 0.500 inside [0.45, 0.80]",515,515,333,190,74.84444444444462,0.6770308999984991,0.018793499999446794,0.6972925000009127,92,1.0785119129706443e-14,1.027886257393652e-14,26.667111025228177,26.667111025228728,False,0,nan,nan,0.0,"[0, 2, 11, 5, 14, 9, 15, 12, 10, 7, 1, 13, 6, 4, 8, 3]"
balanced,medium50,80009,22340933,0.5,qaoa_p2,2,stock_level3,29,stock_qiskit,stock Qiskit Level 3 baseline,647,647,394,248,100.50133333333365,0.0,0.02609909999591764,0.02748089999658987,0,1.0848908351653939e-14,1.0318136980010392e-14,26.667111025228177,26.667111025228724,False,0,nan,nan,0.0,"[0, 15, 7, 6, 4, 10, 13, 12, 1, 2, 9, 11, 14, 3, 8, 5]"
balanced,medium50,80009,22340933,0.5,qaoa_p2,2,hybrid_level3,29,v4_beam,"supported QAOA with density 0.500 inside [0.45, 0.80]",539,539,295,179,69.09155555555571,0.6795351000037044,0.019236299995100126,0.7002656999975443,92,1.0668458193958507e-14,1.0195961102777025e-14,26.667111025228177,26.66711102522872,False,0,nan,nan,0.0,"[0, 4, 3, 5, 2, 9, 11, 6, 13, 12, 7, 14, 15, 10, 8, 1]"
balanced,medium50,80009,22340933,0.5,qaoa_p2,2,stock_level3,47,stock_qiskit,stock Qiskit Level 3 baseline,633,633,446,282,110.826666666667,0.0,0.026415100001031533,0.02781049998884555,0,1.0263421102823256e-14,9.63768903241007e-15,26.667111025228177,26.6671110252287,False,0,nan,nan,0.0,"[9, 5, 3, 0, 8, 2, 6, 11, 4, 1, 7, 13, 14, 15, 10, 12]"
balanced,medium50,80009,22340933,0.5,qaoa_p2,2,hybrid_level3,47,v4_beam,"supported QAOA with density 0.500 inside [0.45, 0.80]",516,516,305,197,74.89422222222238,0.687906799998018,0.0183926000026986,0.7077144999930169,92,1.0070400905608267e-14,9.497091837257973e-15,26.667111025228177,26.66711102522869,False,0,nan,nan,0.0,"[0, 2, 11, 9, 14, 5, 15, 12, 4, 10, 1, 13, 6, 7, 8, 3]"
balanced,medium50,80010,22340934,0.5,qaoa_p1,1,stock_level3,11,stock_qiskit,stock Qiskit Level 3 baseline,295,295,214,121,47.42400000000007,0.0,0.01638420000381302,0.017201299997395836,0,8.122891239485167e-15,7.773867098522283e-15,28.000271104793928,28.00027110479436,False,0,nan,nan,0.0,"[9, 11, 5, 8, 14, 6, 3, 15, 0, 10, 13, 1, 2, 12, 4, 7]"
balanced,medium50,80010,22340934,0.5,qaoa_p1,1,hybrid_level3,11,v4_beam,"supported QAOA with density 0.500 inside [0.45, 0.80]",243,243,155,84,32.35555555555557,0.44480729999486357,0.013374600006500259,0.45935479999752715,55,8.613935387031485e-15,8.332485353085888e-15,28.000271104793928,28.000271104794393,False,0,nan,nan,0.0,"[13, 9, 5, 15, 11, 1, 3, 6, 8, 10, 4, 2, 14, 7, 0, 12]"
balanced,medium50,80010,22340934,0.5,qaoa_p1,1,stock_level3,29,stock_qiskit,stock Qiskit Level 3 baseline,299,299,179,107,42.424888888888916,0.0,0.015978799987351522,0.016807699998025782,0,8.190968282391183e-15,7.882893240949918e-15,28.000271104793928,28.000271104794372,False,0,nan,nan,0.0,"[9, 6, 0, 12, 15, 7, 1, 10, 4, 14, 13, 3, 2, 11, 5, 8]"
balanced,medium50,80010,22340934,0.5,qaoa_p1,1,hybrid_level3,29,v4_beam,"supported QAOA with density 0.500 inside [0.45, 0.80]",249,249,162,90,35.612444444444456,0.4687424000003375,0.013017300007049926,0.4826364000036847,55,8.506483505309454e-15,8.304391973813596e-15,28.000271104793928,28.00027110479439,False,0,nan,nan,0.0,"[14, 11, 2, 15, 13, 0, 8, 6, 3, 10, 1, 5, 9, 4, 7, 12]"
balanced,medium50,80010,22340934,0.5,qaoa_p1,1,stock_level3,47,stock_qiskit,stock Qiskit Level 3 baseline,306,306,201,134,53.21244444444447,0.0,0.017828099997132085,0.018833200010703877,0,7.244890866891816e-15,6.6562392348927335e-15,28.000271104793928,28.000271104794294,False,0,nan,nan,0.0,"[14, 13, 8, 9, 11, 15, 6, 0, 5, 3, 12, 10, 2, 7, 1, 4]"
balanced,medium50,80010,22340934,0.5,qaoa_p1,1,hybrid_level3,47,v4_beam,"supported QAOA with density 0.500 inside [0.45, 0.80]",247,247,153,86,34.268444444444455,0.46160880000388715,0.012783899990608916,0.475687400001334,55,8.34363243332273e-15,8.145403109686044e-15,28.000271104793928,28.000271104794386,False,0,nan,nan,0.0,"[14, 11, 3, 15, 13, 1, 8, 6, 5, 10, 7, 2, 9, 4, 0, 12]"
balanced,medium50,80010,22340934,0.5,qaoa_p2,2,stock_level3,11,stock_qiskit,stock Qiskit Level 3 baseline,637,637,384,232,92.3448888888892,0.0,0.026618200005032122,0.02834529998654034,0,1.2512585155855338e-14,1.2055685262823578e-14,30.09101250701077,30.091012507011506,False,0,nan,nan,0.0,"[13, 15, 14, 9, 11, 12, 8, 5, 10, 0, 6, 3, 7, 2, 4, 1]"
balanced,medium50,80010,22340934,0.5,qaoa_p2,2,hybrid_level3,11,v4_beam,"supported QAOA with density 0.500 inside [0.45, 0.80]",496,496,337,179,70.85511111111127,0.7578164000005927,0.020473199998377822,0.7797305999993114,101,1.4406302111083665e-14,1.4008120024186696e-14,30.09101250701077,30.091012507011612,False,0,nan,nan,0.0,"[6, 7, 11, 1, 5, 2, 0, 10, 9, 3, 8, 4, 12, 14, 13, 15]"
balanced,medium50,80010,22340934,0.5,qaoa_p2,2,stock_level3,29,stock_qiskit,stock Qiskit Level 3 baseline,648,648,407,231,89.0666666666669,0.0,0.03336969998781569,0.03516150001087226,0,1.4545201122458398e-14,1.4118715735958838e-14,30.09101250701077,30.091012507011627,False,0,nan,nan,0.0,"[9, 8, 3, 5, 11, 6, 14, 15, 0, 13, 12, 2, 1, 10, 4, 7]"
balanced,medium50,80010,22340934,0.5,qaoa_p2,2,hybrid_level3,29,v4_beam,"supported QAOA with density 0.500 inside [0.45, 0.80]",514,514,343,193,77.42577777777797,0.7876431000040611,0.020325699995737523,0.8093605000030948,101,1.3690166749892954e-14,1.3283069546809669e-14,30.09101250701077,30.091012507011573,False,0,nan,nan,0.0,"[12, 13, 14, 5, 4, 1, 0, 7, 9, 6, 8, 3, 15, 11, 10, 2]"
balanced,medium50,80010,22340934,0.5,qaoa_p2,2,stock_level3,47,stock_qiskit,stock Qiskit Level 3 baseline,646,646,381,245,92.78577777777807,0.0,0.026846300010220148,0.028224299996509217,0,1.273350513521485e-14,1.2295921640368711e-14,30.09101250701077,30.09101250701151,False,0,nan,nan,0.0,"[15, 0, 1, 10, 4, 9, 6, 7, 2, 12, 3, 5, 8, 11, 14, 13]"
balanced,medium50,80010,22340934,0.5,qaoa_p2,2,hybrid_level3,47,v4_beam,"supported QAOA with density 0.500 inside [0.45, 0.80]",514,514,328,180,72.31288888888902,0.7672347000043374,0.02008999999088701,0.7887846999947214,101,1.374357293816481e-14,1.3323652025448134e-14,30.09101250701077,30.091012507011577,False,0,nan,nan,0.0,"[15, 12, 4, 8, 1, 6, 2, 14, 9, 7, 3, 5, 13, 10, 11, 0]"
balanced,medium50,80011,22340935,0.5,qaoa_p1,1,stock_level3,11,stock_qiskit,stock Qiskit Level 3 baseline,279,279,189,109,45.49688888888892,0.0,0.01634149999881629,0.017228299999260344,0,6.8626870632917e-15,6.353290988177575e-15,30.00019606903548,30.000196069035866,False,0,nan,nan,0.0,"[15, 8, 9, 5, 6, 11, 13, 14, 0, 3, 2, 10, 1, 7, 12, 4]"
balanced,medium50,80011,22340935,0.5,qaoa_p1,1,hybrid_level3,11,v4_beam,"supported QAOA with density 0.500 inside [0.45, 0.80]",226,226,166,73,29.61777777777779,0.36534340000071097,0.013735700005781837,0.3801485000003595,47,1.0094664073652515e-14,9.704635827770079e-15,30.00019606903548,30.000196069036075,False,0,nan,nan,0.0,"[1, 7, 8, 11, 12, 6, 10, 2, 5, 13, 14, 15, 3, 4, 0, 9]"
balanced,medium50,80011,22340935,0.5,qaoa_p1,1,stock_level3,29,stock_qiskit,stock Qiskit Level 3 baseline,280,280,182,101,37.838222222222264,0.0,0.016468999994685873,0.017326400004094467,0,7.804938675664813e-15,7.275745680341183e-15,30.00019606903548,30.00019606903592,False,0,nan,nan,0.0,"[0, 1, 6, 4, 9, 7, 10, 15, 2, 5, 3, 12, 14, 11, 13, 8]"
balanced,medium50,80011,22340935,0.5,qaoa_p1,1,hybrid_level3,29,v4_beam,"supported QAOA with density 0.500 inside [0.45, 0.80]",229,229,162,70,28.480000000000015,0.44700319999537896,0.013192099999287166,0.46151110000209883,47,9.529624205715982e-15,9.14300659642754e-15,30.00019606903548,30.000196069036036,False,0,nan,nan,0.0,"[2, 7, 14, 8, 12, 6, 10, 3, 5, 13, 11, 15, 4, 1, 0, 9]"
balanced,medium50,80011,22340935,0.5,qaoa_p1,1,stock_level3,47,stock_qiskit,stock Qiskit Level 3 baseline,282,282,194,98,39.829333333333366,0.0,0.016439999992144294,0.017272299999604,0,6.753934278002267e-15,5.939685257334932e-15,30.00019606903548,30.000196069035844,False,0,nan,nan,0.0,"[15, 9, 14, 13, 0, 11, 8, 5, 12, 6, 10, 3, 7, 1, 2, 4]"
balanced,medium50,80011,22340935,0.5,qaoa_p1,1,hybrid_level3,47,v4_beam,"supported QAOA with density 0.500 inside [0.45, 0.80]",226,226,166,73,29.617777777777786,0.37421829999948386,0.019357500001206063,0.39502039999933913,47,9.905025988728519e-15,9.523322469464316e-15,30.00019606903548,30.000196069036058,False,0,nan,nan,0.0,"[1, 7, 14, 8, 12, 6, 10, 2, 5, 13, 11, 15, 3, 4, 0, 9]"
balanced,medium50,80011,22340935,0.5,qaoa_p2,2,stock_level3,11,stock_qiskit,stock Qiskit Level 3 baseline,613,613,421,248,99.05066666666698,0.0,0.026956999994581565,0.028342899997369386,0,1.1956735738624086e-14,1.1380037115520069e-14,29.993583724664017,29.9935837246647,False,0,nan,nan,0.0,"[9, 14, 11, 8, 15, 13, 12, 6, 3, 5, 1, 0, 2, 7, 10, 4]"
balanced,medium50,80011,22340935,0.5,qaoa_p2,2,hybrid_level3,11,v4_beam,"supported QAOA with density 0.500 inside [0.45, 0.80]",474,474,332,166,68.97777777777792,0.743892099999357,0.020858800009591505,0.7662582000048133,96,1.4487264558047292e-14,1.4115157345222447e-14,29.993583724664017,29.99358372466486,False,0,nan,nan,0.0,"[13, 9, 0, 2, 12, 10, 15, 6, 14, 7, 8, 11, 5, 4, 1, 3]"
balanced,medium50,80011,22340935,0.5,qaoa_p2,2,stock_level3,29,stock_qiskit,stock Qiskit Level 3 baseline,631,631,348,222,84.62222222222249,0.0,0.025165800005197525,0.02649089999613352,0,1.032500604079869e-14,9.731362613867974e-15,29.993583724664017,29.993583724664596,False,0,nan,nan,0.0,"[2, 6, 4, 0, 9, 1, 7, 15, 3, 5, 12, 10, 14, 11, 13, 8]"
balanced,medium50,80011,22340935,0.5,qaoa_p2,2,hybrid_level3,29,v4_beam,"supported QAOA with density 0.500 inside [0.45, 0.80]",507,507,350,196,78.30044444444462,0.7000162000040291,0.01957330000004731,0.7209876000124495,96,1.3001558757518021e-14,1.259281440721723e-14,29.993583724664017,29.993583724664767,False,0,nan,nan,0.0,"[13, 9, 0, 3, 12, 6, 15, 10, 14, 7, 8, 11, 5, 4, 2, 1]"
balanced,medium50,80011,22340935,0.5,qaoa_p2,2,stock_level3,47,stock_qiskit,stock Qiskit Level 3 baseline,641,641,371,239,93.1200000000003,0.0,0.026338200012105517,0.027688499991199933,0,1.1410499119015837e-14,1.0885172220446766e-14,29.993583724664017,29.99358372466467,False,0,nan,nan,0.0,"[9, 15, 14, 11, 6, 12, 13, 3, 8, 5, 0, 10, 4, 1, 7, 2]"
balanced,medium50,80011,22340935,0.5,qaoa_p2,2,hybrid_level3,47,v4_beam,"supported QAOA with density 0.500 inside [0.45, 0.80]",497,497,330,178,73.87733333333348,0.7096006000065245,0.028070599990314804,0.7390862000029301,96,1.3368435629766612e-14,1.2932567391456106e-14,29.993583724664017,29.993583724664788,False,0,nan,nan,0.0,"[11, 5, 0, 12, 14, 7, 15, 6, 1, 13, 8, 4, 9, 2, 10, 3]"
balanced,dense75,80000,23340924,0.75,qaoa_p1,1,stock_level3,11,stock_qiskit,stock Qiskit Level 3 baseline,408,408,291,166,64.57600000000016,0.0,0.02102250000461936,0.02208900000550784,0,9.907383301369333e-15,9.719235253921957e-15,44.75929405447823,44.759294054479106,False,0,nan,nan,0.0,"[2, 5, 9, 1, 0, 3, 15, 8, 11, 6, 14, 13, 4, 12, 10, 7]"
balanced,dense75,80000,23340924,0.75,qaoa_p1,1,hybrid_level3,11,v4_beam,"supported QAOA with density 0.750 inside [0.45, 0.80]",368,368,201,124,49.393777777777856,0.7380087000055937,0.015480699992622249,0.7546825000026729,65,8.745943651585819e-15,8.559715431494518e-15,44.75929405447823,44.759294054479,False,0,nan,nan,0.0,"[14, 6, 10, 8, 5, 3, 12, 9, 0, 1, 7, 4, 2, 11, 15, 13]"
balanced,dense75,80000,23340924,0.75,qaoa_p1,1,stock_level3,29,stock_qiskit,stock Qiskit Level 3 baseline,434,434,303,188,70.99022222222237,0.0,0.020341499999631196,0.02137830000719987,0,1.0071485067351284e-14,9.817404905710709e-15,44.75929405447823,44.75929405447911,False,0,nan,nan,0.0,"[2, 3, 9, 15, 0, 8, 5, 11, 14, 13, 1, 10, 12, 6, 4, 7]"
balanced,dense75,80000,23340924,0.75,qaoa_p1,1,hybrid_level3,29,v4_beam,"supported QAOA with density 0.750 inside [0.45, 0.80]",374,374,209,127,49.05955555555563,0.7893353999970714,0.015432200001669116,0.805945400003111,65,8.918434307526539e-15,8.701753946773097e-15,44.75929405447823,44.759294054479014,False,0,nan,nan,0.0,"[11, 4, 12, 7, 8, 3, 13, 9, 6, 5, 1, 0, 2, 15, 10, 14]"
balanced,dense75,80000,23340924,0.75,qaoa_p1,1,stock_level3,47,stock_qiskit,stock Qiskit Level 3 baseline,383,383,287,166,64.9244444444445,0.0,0.020375599997350946,0.02143900000373833,0,1.2195008042530652e-14,1.2041353928628877e-14,44.75929405447823,44.75929405447932,False,0,nan,nan,0.0,"[14, 9, 8, 15, 13, 11, 0, 5, 3, 4, 2, 1, 12, 6, 10, 7]"
balanced,dense75,80000,23340924,0.75,qaoa_p1,1,hybrid_level3,47,v4_beam,"supported QAOA with density 0.750 inside [0.45, 0.80]",370,370,200,123,48.9102222222223,0.7176514000020688,0.015487600001506507,0.7342805999942357,65,1.0005200480264612e-14,9.82976579451178e-15,44.75929405447823,44.75929405447911,False,0,nan,nan,0.0,"[8, 7, 10, 11, 1, 5, 12, 9, 2, 0, 4, 6, 3, 14, 15, 13]"
balanced,dense75,80000,23340924,0.75,qaoa_p2,2,stock_level3,11,stock_qiskit,stock Qiskit Level 3 baseline,859,859,583,335,131.1786666666673,0.0,0.03685740000219084,0.038909299997612834,0,1.8063811457992803e-14,1.7645795738918045e-14,43.62747835012864,43.62747835013017,False,0,nan,nan,0.0,"[6, 0, 2, 5, 9, 3, 15, 1, 4, 11, 7, 10, 8, 14, 12, 13]"
balanced,dense75,80000,23340924,0.75,qaoa_p2,2,hybrid_level3,11,v4_beam,"supported QAOA with density 0.750 inside [0.45, 0.80]",830,830,476,296,121.2302222222228,1.5076995000126772,0.026484900008654222,1.536219899993739,128,1.3549816032884645e-14,1.321672875737579e-14,43.62747835012864,43.62747835012979,False,0,nan,nan,0.0,"[10, 15, 12, 9, 0, 4, 14, 7, 2, 11, 3, 6, 13, 5, 1, 8]"
balanced,dense75,80000,23340924,0.75,qaoa_p2,2,stock_level3,29,stock_qiskit,stock Qiskit Level 3 baseline,883,883,565,343,131.8613333333339,0.0,0.04683639999711886,0.04908660000364762,0,1.5708095925742812e-14,1.514630297025359e-14,43.62747835012864,43.62747835012996,False,0,nan,nan,0.0,"[3, 9, 8, 14, 5, 15, 11, 13, 12, 7, 6, 10, 0, 2, 4, 1]"
balanced,dense75,80000,23340924,0.75,qaoa_p2,2,hybrid_level3,29,v4_beam,"supported QAOA with density 0.750 inside [0.45, 0.80]",830,830,514,303,119.64444444444503,1.4918246000015642,0.028060099997674115,1.5220125999912852,128,1.447832924190064e-14,1.4114516800920756e-14,43.62747835012864,43.62747835012987,False,0,nan,nan,0.0,"[10, 15, 12, 14, 6, 7, 3, 13, 2, 8, 4, 0, 11, 5, 1, 9]"
balanced,dense75,80000,23340924,0.75,qaoa_p2,2,stock_level3,47,stock_qiskit,stock Qiskit Level 3 baseline,874,874,566,329,128.55466666666717,0.0,0.03588809999928344,0.03779899999790359,0,1.7795913272457364e-14,1.7472321553727324e-14,43.62747835012864,43.62747835013016,False,0,nan,nan,0.0,"[6, 1, 4, 0, 3, 2, 15, 7, 10, 9, 8, 12, 5, 11, 13, 14]"
balanced,dense75,80000,23340924,0.75,qaoa_p2,2,hybrid_level3,47,v4_beam,"supported QAOA with density 0.750 inside [0.45, 0.80]",782,782,461,272,104.29866666666716,1.4132000999961747,0.027669500006595626,1.4427475000120467,128,1.5922666475012496e-14,1.5565127131765725e-14,43.62747835012864,43.62747835012999,False,0,nan,nan,0.0,"[7, 15, 10, 9, 1, 12, 3, 13, 0, 8, 2, 4, 14, 11, 6, 5]"
balanced,dense75,80001,23340925,0.75,qaoa_p1,1,stock_level3,11,stock_qiskit,stock Qiskit Level 3 baseline,418,418,293,163,63.9217777777779,0.0,0.020352499996079132,0.02157269998861011,0,9.42095710637261e-15,9.179600461062657e-15,41.896018940037344,41.89601894003811,False,0,nan,nan,0.0,"[8, 9, 5, 15, 13, 14, 12, 11, 0, 1, 3, 2, 10, 6, 7, 4]"
balanced,dense75,80001,23340925,0.75,qaoa_p1,1,hybrid_level3,11,v4_beam,"supported QAOA with density 0.750 inside [0.45, 0.80]",344,344,185,107,43.1075555555556,0.7985031999996863,0.0153952999971807,0.815102399996249,68,8.97155718209809e-15,8.67443431679528e-15,41.896018940037344,41.896018940038076,False,0,nan,nan,0.0,"[9, 15, 2, 11, 1, 7, 5, 12, 0, 4, 8, 13, 6, 14, 3, 10]"
balanced,dense75,80001,23340925,0.75,qaoa_p1,1,stock_level3,29,stock_qiskit,stock Qiskit Level 3 baseline,384,384,266,153,56.27733333333343,0.0,0.021974699993734248,0.023145700004533865,0,1.0355626760441342e-14,9.979156698771374e-15,41.896018940037344,41.89601894003817,False,0,nan,nan,0.0,"[2, 0, 1, 6, 4, 7, 12, 15, 10, 13, 11, 9, 14, 8, 3, 5]"
balanced,dense75,80001,23340925,0.75,qaoa_p1,1,hybrid_level3,29,v4_beam,"supported QAOA with density 0.750 inside [0.45, 0.80]",344,344,187,109,43.911111111111154,0.7513715000095544,0.015402399993035942,0.7679933999897912,68,8.972477775024335e-15,8.673148862975628e-15,41.896018940037344,41.896018940038076,False,0,nan,nan,0.0,"[9, 15, 2, 14, 0, 7, 5, 12, 4, 1, 8, 11, 6, 13, 3, 10]"
balanced,dense75,80001,23340925,0.75,qaoa_p1,1,stock_level3,47,stock_qiskit,stock Qiskit Level 3 baseline,376,376,268,142,54.976000000000056,0.0,0.020779500002390705,0.02186690000235103,0,1.1524146803787554e-14,1.1206239025644731e-14,41.896018940037344,41.89601894003828,False,0,nan,nan,0.0,"[5, 14, 8, 15, 9, 11, 13, 3, 2, 6, 7, 0, 12, 10, 4, 1]"
balanced,dense75,80001,23340925,0.75,qaoa_p1,1,hybrid_level3,47,v4_beam,"supported QAOA with density 0.750 inside [0.45, 0.80]",344,344,190,112,45.04177777777782,0.7415546999982325,0.01577390001330059,0.7584167000022717,68,8.976441234235797e-15,8.677724915563175e-15,41.896018940037344,41.896018940038076,False,0,nan,nan,0.0,"[9, 15, 2, 13, 0, 7, 5, 11, 4, 1, 14, 8, 6, 12, 3, 10]"
balanced,dense75,80001,23340925,0.75,qaoa_p2,2,stock_level3,11,stock_qiskit,stock Qiskit Level 3 baseline,849,849,549,335,124.3377777777782,0.0,0.0342780000064522,0.036102300000493415,0,1.8022980017235262e-14,1.7714278702702736e-14,43.273234714285394,43.27323471428692,False,0,nan,nan,0.0,"[2, 0, 6, 1, 7, 4, 15, 12, 10, 14, 13, 5, 9, 3, 11, 8]"
balanced,dense75,80001,23340925,0.75,qaoa_p2,2,hybrid_level3,11,v4_beam,"supported QAOA with density 0.750 inside [0.45, 0.80]",719,719,424,259,101.48977777777807,1.4297724000061862,0.02516750000359025,1.4568590999988373,138,1.6697947654225527e-14,1.6384243442340312e-14,43.273234714285394,43.273234714286815,False,0,nan,nan,0.0,"[9, 11, 6, 1, 12, 5, 8, 15, 14, 3, 7, 0, 10, 2, 4, 13]"
balanced,dense75,80001,23340925,0.75,qaoa_p2,2,stock_level3,29,stock_qiskit,stock Qiskit Level 3 baseline,862,862,503,294,111.01155555555603,0.0,0.03577449999283999,0.03768110000237357,0,1.858077782525968e-14,1.8261658103177712e-14,43.273234714285394,43.27323471428697,False,0,nan,nan,0.0,"[1, 2, 0, 6, 12, 10, 15, 4, 7, 5, 3, 11, 13, 14, 9, 8]"
balanced,dense75,80001,23340925,0.75,qaoa_p2,2,hybrid_level3,29,v4_beam,"supported QAOA with density 0.750 inside [0.45, 0.80]",742,742,422,264,104.56177777777806,1.488924000004772,0.027144199993927032,1.518078199995216,138,1.5040721712362603e-14,1.4703743329897937e-14,43.273234714285394,43.27323471428667,False,0,nan,nan,0.0,"[8, 9, 10, 0, 14, 5, 11, 15, 13, 2, 7, 4, 6, 1, 3, 12]"
balanced,dense75,80001,23340925,0.75,qaoa_p2,2,stock_level3,47,stock_qiskit,stock Qiskit Level 3 baseline,822,822,513,306,119.9360000000005,0.0,0.034357500000623986,0.036191799998050556,0,1.682273591396408e-14,1.6462136627324994e-14,43.273234714285394,43.27323471428682,False,0,nan,nan,0.0,"[5, 0, 3, 15, 6, 7, 10, 2, 1, 4, 14, 9, 12, 13, 11, 8]"
balanced,dense75,80001,23340925,0.75,qaoa_p2,2,hybrid_level3,47,v4_beam,"supported QAOA with density 0.750 inside [0.45, 0.80]",724,724,420,251,100.77155555555584,1.561146899999585,0.02833000000100583,1.59153150000202,138,1.6119546245420687e-14,1.5806352374365023e-14,43.273234714285394,43.27323471428676,False,0,nan,nan,0.0,"[9, 11, 10, 0, 14, 5, 8, 15, 13, 2, 7, 4, 6, 1, 3, 12]"
balanced,dense75,80002,23340926,0.75,qaoa_p1,1,stock_level3,11,stock_qiskit,stock Qiskit Level 3 baseline,392,392,299,186,68.94222222222237,0.0,0.021202100004302338,0.022374899999704212,0,1.2459249442531152e-14,1.2142904386798539e-14,42.769230209129105,42.76923020913013,False,0,nan,nan,0.0,"[2, 3, 5, 9, 8, 11, 15, 14, 13, 12, 6, 0, 1, 4, 10, 7]"
balanced,dense75,80002,23340926,0.75,qaoa_p1,1,hybrid_level3,11,v4_beam,"supported QAOA with density 0.750 inside [0.45, 0.80]",352,352,236,127,51.13600000000006,0.8428421999997227,0.020623499993234873,0.8647254999959841,67,1.2309223053302799e-14,1.2072209812981765e-14,42.769230209129105,42.76923020913012,False,0,nan,nan,0.0,"[1, 5, 15, 9, 13, 7, 3, 12, 8, 14, 11, 0, 6, 10, 2, 4]"
balanced,dense75,80002,23340926,0.75,qaoa_p1,1,stock_level3,29,stock_qiskit,stock Qiskit Level 3 baseline,402,402,310,176,64.62577777777796,0.0,0.02030249999370426,0.021322000000509433,0,1.2631002207223658e-14,1.2272735070899184e-14,42.769230209129105,42.769230209130136,False,0,nan,nan,0.0,"[3, 0, 2, 6, 1, 4, 7, 15, 10, 12, 9, 5, 13, 8, 14, 11]"
balanced,dense75,80002,23340926,0.75,qaoa_p1,1,hybrid_level3,29,v4_beam,"supported QAOA with density 0.750 inside [0.45, 0.80]",343,343,210,113,47.736888888888934,0.7913951000082307,0.015429299994139,0.8079318999953102,67,1.2555846445915031e-14,1.2360612892160058e-14,42.769230209129105,42.76923020913014,False,0,nan,nan,0.0,"[1, 5, 14, 9, 15, 4, 3, 6, 8, 12, 13, 11, 10, 7, 2, 0]"
balanced,dense75,80002,23340926,0.75,qaoa_p1,1,stock_level3,47,stock_qiskit,stock Qiskit Level 3 baseline,413,413,248,159,65.18755555555569,0.0,0.019126400002278388,0.02015209999808576,0,1.0038872987388235e-14,9.753415965802337e-15,42.769230209129105,42.76923020912993,False,0,nan,nan,0.0,"[15, 11, 9, 8, 13, 14, 12, 3, 5, 0, 6, 2, 10, 7, 1, 4]"
balanced,dense75,80002,23340926,0.75,qaoa_p1,1,hybrid_level3,47,v4_beam,"supported QAOA with density 0.750 inside [0.45, 0.80]",338,338,216,111,46.40711111111117,0.8304021999938414,0.016689099997165613,0.8483035000099335,67,1.3708637024474662e-14,1.3482754512836536e-14,42.769230209129105,42.76923020913024,False,0,nan,nan,0.0,"[4, 5, 15, 9, 13, 11, 2, 6, 8, 10, 12, 3, 7, 14, 1, 0]"
balanced,dense75,80002,23340926,0.75,qaoa_p2,2,stock_level3,11,stock_qiskit,stock Qiskit Level 3 baseline,873,873,593,340,127.25333333333394,0.0,0.035344999996596016,0.03732410000520758,0,1.704349289760946e-14,1.6567815356510876e-14,45.031602856205225,45.03160285620672,False,0,nan,nan,0.0,"[8, 9, 3, 5, 11, 13, 15, 14, 10, 12, 0, 6, 4, 7, 2, 1]"
balanced,dense75,80002,23340926,0.75,qaoa_p2,2,hybrid_level3,11,v4_beam,"supported QAOA with density 0.750 inside [0.45, 0.80]",692,692,480,269,104.51911111111151,1.5499965000053635,0.02603530000487808,1.578154499991797,134,1.8928182445802795e-14,1.8705167554741247e-14,45.031602856205225,45.031602856206916,False,0,nan,nan,0.0,"[11, 3, 1, 10, 0, 9, 14, 6, 15, 8, 2, 12, 13, 5, 4, 7]"
balanced,dense75,80002,23340926,0.75,qaoa_p2,2,stock_level3,29,stock_qiskit,stock Qiskit Level 3 baseline,823,823,521,314,125.48266666666721,0.0,0.034265900001628324,0.03618379999534227,0,1.76845475414005e-14,1.7128949311196595e-14,45.031602856205225,45.031602856206774,False,0,nan,nan,0.0,"[15, 12, 6, 0, 10, 7, 4, 1, 2, 3, 9, 13, 5, 14, 8, 11]"
balanced,dense75,80002,23340926,0.75,qaoa_p2,2,hybrid_level3,29,v4_beam,"supported QAOA with density 0.750 inside [0.45, 0.80]",726,726,462,275,108.50133333333379,1.4988460000022314,0.025181399993016385,1.5259878000069875,134,1.7951093456215664e-14,1.7715940523061327e-14,45.031602856205225,45.031602856206824,False,0,nan,nan,0.0,"[2, 1, 7, 12, 0, 9, 14, 4, 13, 11, 3, 5, 15, 8, 6, 10]"
balanced,dense75,80002,23340926,0.75,qaoa_p2,2,stock_level3,47,stock_qiskit,stock Qiskit Level 3 baseline,847,847,542,308,120.44088888888953,0.0,0.03476999999838881,0.0366065999987768,0,1.8997251153827764e-14,1.853402345031572e-14,45.031602856205225,45.03160285620689,False,0,nan,nan,0.0,"[0, 1, 4, 7, 6, 15, 10, 12, 13, 14, 9, 2, 11, 3, 8, 5]"
balanced,dense75,80002,23340926,0.75,qaoa_p2,2,hybrid_level3,47,v4_beam,"supported QAOA with density 0.750 inside [0.45, 0.80]",762,762,479,294,115.42044444444481,1.451324099994963,0.026104699994903058,1.479363700011163,134,1.7195082816706516e-14,1.6987337343414053e-14,45.031602856205225,45.03160285620676,False,0,nan,nan,0.0,"[9, 11, 10, 15, 0, 3, 14, 6, 4, 8, 2, 1, 13, 5, 12, 7]"
balanced,dense75,80003,23340927,0.75,qaoa_p1,1,stock_level3,11,stock_qiskit,stock Qiskit Level 3 baseline,423,423,316,189,73.58577777777799,0.0,0.0216536000079941,0.022749599986127578,0,1.0683351658990828e-14,1.0272585597251538e-14,44.9719488760297,44.97194887603062,False,0,nan,nan,0.0,"[5, 9, 8, 15, 11, 14, 13, 12, 6, 10, 0, 2, 7, 1, 3, 4]"
balanced,dense75,80003,23340927,0.75,qaoa_p1,1,hybrid_level3,11,v4_beam,"supported QAOA with density 0.750 inside [0.45, 0.80]",345,345,216,132,53.85244444444451,0.643284699996002,0.014540200005285442,0.6589705000078538,60,1.024114136110037e-14,1.0053142341815015e-14,44.9719488760297,44.97194887603061,False,0,nan,nan,0.0,"[13, 14, 5, 11, 10, 7, 8, 1, 15, 6, 9, 0, 2, 4, 3, 12]"
balanced,dense75,80003,23340927,0.75,qaoa_p1,1,stock_level3,29,stock_qiskit,stock Qiskit Level 3 baseline,431,431,270,169,63.345777777777904,0.0,0.019357199998921715,0.020354599997517653,0,8.972199058842077e-15,8.641166598019681e-15,44.9719488760297,44.97194887603048,False,0,nan,nan,0.0,"[1, 0, 15, 6, 4, 10, 7, 12, 2, 5, 3, 9, 13, 11, 8, 14]"
balanced,dense75,80003,23340927,0.75,qaoa_p1,1,hybrid_level3,29,v4_beam,"supported QAOA with density 0.750 inside [0.45, 0.80]",339,339,218,126,49.89155555555562,0.6376230000023497,0.01493230000778567,0.6536603999993531,60,1.0249977466820767e-14,1.0058282823891735e-14,44.9719488760297,44.97194887603061,False,0,nan,nan,0.0,"[13, 14, 8, 11, 10, 7, 1, 2, 15, 6, 9, 0, 3, 4, 5, 12]"
balanced,dense75,80003,23340927,0.75,qaoa_p1,1,stock_level3,47,stock_qiskit,stock Qiskit Level 3 baseline,408,408,298,167,62.76266666666679,0.0,0.02042760000040289,0.02147440001135692,0,1.2082788193325477e-14,1.1807111293782528e-14,44.9719488760297,44.971948876030766,False,0,nan,nan,0.0,"[3, 9, 5, 11, 8, 13, 14, 15, 6, 12, 7, 10, 4, 2, 0, 1]"
balanced,dense75,80003,23340927,0.75,qaoa_p1,1,hybrid_level3,47,v4_beam,"supported QAOA with density 0.750 inside [0.45, 0.80]",351,351,223,139,54.06577777777784,0.7393398999993224,0.015255100006470457,0.7559158000076422,60,1.0052498945146887e-14,9.859069771558149e-15,44.9719488760297,44.9719488760306,False,0,nan,nan,0.0,"[13, 14, 5, 11, 10, 7, 8, 1, 15, 6, 9, 0, 2, 4, 3, 12]"
balanced,dense75,80003,23340927,0.75,qaoa_p2,2,stock_level3,11,stock_qiskit,stock Qiskit Level 3 baseline,896,896,588,347,131.5484444444451,0.0,0.035238500000559725,0.03711720000137575,0,1.470543282332606e-14,1.426527183350354e-14,38.868893802146125,38.868893802147234,False,0,nan,nan,0.0,"[3, 5, 9, 8, 11, 14, 13, 6, 0, 1, 2, 4, 7, 12, 15, 10]"
balanced,dense75,80003,23340927,0.75,qaoa_p2,2,hybrid_level3,11,v4_beam,"supported QAOA with density 0.750 inside [0.45, 0.80]",697,697,421,242,94.65600000000038,1.3741072999982862,0.024193799996282905,1.4002389999950537,117,1.4660197525934922e-14,1.4221618962613932e-14,38.868893802146125,38.86889380214721,False,0,nan,nan,0.0,"[5, 6, 2, 11, 15, 1, 8, 12, 10, 3, 7, 14, 9, 0, 13, 4]"
balanced,dense75,80003,23340927,0.75,qaoa_p2,2,stock_level3,29,stock_qiskit,stock Qiskit Level 3 baseline,853,853,589,337,129.6924444444452,0.0,0.03569730000162963,0.037497900004382245,0,1.6141999706435282e-14,1.5687510002951843e-14,38.868893802146125,38.86889380214733,False,0,nan,nan,0.0,"[9, 5, 8, 11, 15, 14, 13, 12, 6, 10, 0, 3, 2, 4, 7, 1]"
balanced,dense75,80003,23340927,0.75,qaoa_p2,2,hybrid_level3,29,v4_beam,"supported QAOA with density 0.750 inside [0.45, 0.80]",657,657,404,232,92.16711111111147,1.34198589999869,0.023973100003786385,1.3677887999947416,117,1.556616814736716e-14,1.512192142299107e-14,38.868893802146125,38.86889380214729,False,0,nan,nan,0.0,"[8, 7, 1, 12, 13, 4, 6, 15, 10, 0, 2, 11, 9, 5, 14, 3]"
balanced,dense75,80003,23340927,0.75,qaoa_p2,2,stock_level3,47,stock_qiskit,stock Qiskit Level 3 baseline,838,838,597,357,133.2195555555562,0.0,0.03509229999326635,0.03691199999593664,0,1.6852694767248805e-14,1.6343756840358416e-14,38.868893802146125,38.86889380214738,False,0,nan,nan,0.0,"[3, 5, 9, 15, 8, 11, 14, 6, 13, 12, 0, 2, 1, 7, 10, 4]"
balanced,dense75,80003,23340927,0.75,qaoa_p2,2,hybrid_level3,47,v4_beam,"supported QAOA with density 0.750 inside [0.45, 0.80]",665,665,401,227,89.69244444444476,1.2970237999979872,0.02490889999899082,1.3237645999906817,117,1.4575415214541822e-14,1.4126740053806844e-14,38.868893802146125,38.86889380214721,False,0,nan,nan,0.0,"[11, 6, 2, 8, 13, 1, 5, 15, 10, 3, 7, 14, 9, 0, 12, 4]"
balanced,dense75,80004,23340928,0.75,qaoa_p1,1,stock_level3,11,stock_qiskit,stock Qiskit Level 3 baseline,407,407,305,178,68.98488888888912,0.0,0.020072600003913976,0.02109710000513587,0,1.1110983375083466e-14,1.0795080752921101e-14,35.152366310500994,35.15236631050175,False,0,nan,nan,0.0,"[5, 9, 8, 14, 11, 15, 13, 6, 12, 10, 0, 1, 7, 3, 2, 4]"
balanced,dense75,80004,23340928,0.75,qaoa_p1,1,hybrid_level3,11,v4_beam,"supported QAOA with density 0.750 inside [0.45, 0.80]",353,353,208,111,43.84711111111117,0.7399480999883963,0.01553319999948144,0.7566684000048554,64,9.409844797632938e-15,9.08480110769515e-15,35.152366310500994,35.15236631050162,False,0,nan,nan,0.0,"[14, 4, 10, 15, 11, 2, 3, 8, 0, 7, 9, 12, 6, 5, 1, 13]"
balanced,dense75,80004,23340928,0.75,qaoa_p1,1,stock_level3,29,stock_qiskit,stock Qiskit Level 3 baseline,380,380,265,155,58.645333333333426,0.0,0.02200759999686852,0.023084700005711056,0,1.2029407408755094e-14,1.1712428730827652e-14,35.152366310500994,35.15236631050182,False,0,nan,nan,0.0,"[2, 9, 5, 3, 8, 11, 14, 7, 15, 13, 6, 10, 1, 0, 4, 12]"
balanced,dense75,80004,23340928,0.75,qaoa_p1,1,hybrid_level3,29,v4_beam,"supported QAOA with density 0.750 inside [0.45, 0.80]",367,367,214,120,47.0542222222223,0.7569119000108913,0.015279400002327748,0.773301100009121,64,8.810220822762973e-15,8.472017402851168e-15,35.152366310500994,35.15236631050158,False,0,nan,nan,0.0,"[14, 4, 10, 15, 11, 2, 3, 8, 0, 7, 9, 12, 6, 5, 1, 13]"
balanced,dense75,80004,23340928,0.75,qaoa_p1,1,stock_level3,47,stock_qiskit,stock Qiskit Level 3 baseline,379,379,268,138,54.36444444444452,0.0,0.022872699992149137,0.024260200007120147,0,1.181160744184357e-14,1.1485002474309991e-14,35.152366310500994,35.15236631050179,False,0,nan,nan,0.0,"[3, 9, 8, 5, 15, 11, 14, 13, 12, 4, 6, 7, 2, 0, 1, 10]"
balanced,dense75,80004,23340928,0.75,qaoa_p1,1,hybrid_level3,47,v4_beam,"supported QAOA with density 0.750 inside [0.45, 0.80]",350,350,211,109,45.02755555555561,0.7636552000039956,0.01616709999507293,0.7810125000105472,64,9.436822821966505e-15,9.141295588853035e-15,35.152366310500994,35.15236631050163,False,0,nan,nan,0.0,"[11, 0, 10, 15, 13, 2, 3, 8, 6, 4, 9, 12, 7, 5, 1, 14]"
balanced,dense75,80004,23340928,0.75,qaoa_p2,2,stock_level3,11,stock_qiskit,stock Qiskit Level 3 baseline,869,869,542,314,124.4657777777784,0.0,0.03517689999716822,0.037031799991382286,0,1.4416681011538887e-14,1.4053617985720046e-14,44.82443989309722,44.82443989309849,False,0,nan,nan,0.0,"[15, 6, 10, 4, 7, 1, 0, 3, 2, 9, 11, 8, 13, 12, 14, 5]"
balanced,dense75,80004,23340928,0.75,qaoa_p2,2,hybrid_level3,11,v4_beam,"supported QAOA with density 0.750 inside [0.45, 0.80]",889,889,567,368,148.06755555555614,1.4364887999981875,0.025974300006055273,1.4643081000103848,128,1.4153572262949747e-14,1.3845420836872043e-14,44.82443989309722,44.82443989309847,False,0,nan,nan,0.0,"[15, 10, 1, 12, 5, 7, 11, 4, 9, 6, 0, 2, 13, 8, 14, 3]"
balanced,dense75,80004,23340928,0.75,qaoa_p2,2,stock_level3,29,stock_qiskit,stock Qiskit Level 3 baseline,820,820,510,303,112.32711111111159,0.0,0.03584670000418555,0.037785200009238906,0,1.8077768360509735e-14,1.772841645415805e-14,44.82443989309722,44.82443989309882,False,0,nan,nan,0.0,"[2, 15, 0, 6, 1, 4, 7, 12, 10, 13, 8, 11, 3, 9, 5, 14]"
balanced,dense75,80004,23340928,0.75,qaoa_p2,2,hybrid_level3,29,v4_beam,"supported QAOA with density 0.750 inside [0.45, 0.80]",841,841,477,289,115.47733333333376,1.428538899999694,0.026259599995682947,1.4567032999912044,128,1.4154201766565723e-14,1.385284777276573e-14,44.82443989309722,44.82443989309847,False,0,nan,nan,0.0,"[8, 2, 4, 1, 15, 3, 12, 7, 0, 5, 11, 9, 14, 10, 13, 6]"
balanced,dense75,80004,23340928,0.75,qaoa_p2,2,stock_level3,47,stock_qiskit,stock Qiskit Level 3 baseline,809,809,555,289,110.41422222222278,0.0,0.03539999999338761,0.03729419999581296,0,1.6425466990226172e-14,1.6048223440596022e-14,44.82443989309722,44.82443989309867,False,0,nan,nan,0.0,"[6, 15, 10, 0, 7, 4, 1, 2, 3, 9, 11, 8, 13, 12, 14, 5]"
balanced,dense75,80004,23340928,0.75,qaoa_p2,2,hybrid_level3,47,v4_beam,"supported QAOA with density 0.750 inside [0.45, 0.80]",733,733,437,250,96.86755555555591,1.4064017999917269,0.03389859999879263,1.4424901000020327,128,1.4801410017839284e-14,1.45213733811609e-14,44.82443989309722,44.824439893098535,False,0,nan,nan,0.0,"[0, 7, 12, 6, 1, 11, 15, 13, 9, 14, 8, 5, 3, 10, 2, 4]"
balanced,dense75,80005,23340929,0.75,qaoa_p1,1,stock_level3,11,stock_qiskit,stock Qiskit Level 3 baseline,403,403,281,181,67.65511111111127,0.0,0.029284599993843585,0.03135999999358319,0,9.743313047985926e-15,9.425899737153614e-15,44.946424648251934,44.94642464825279,False,0,nan,nan,0.0,"[9, 8, 3, 5, 2, 0, 1, 6, 4, 14, 11, 15, 13, 7, 12, 10]"
balanced,dense75,80005,23340929,0.75,qaoa_p1,1,hybrid_level3,11,v4_beam,"supported QAOA with density 0.750 inside [0.45, 0.80]",343,343,226,129,51.143111111111175,0.7650474999973085,0.018263999998453073,0.7844984999974258,64,9.535474957125636e-15,9.363651784623955e-15,44.946424648251934,44.94642464825277,False,0,nan,nan,0.0,"[5, 13, 9, 14, 10, 1, 15, 2, 8, 6, 0, 7, 4, 11, 3, 12]"
balanced,dense75,80005,23340929,0.75,qaoa_p1,1,stock_level3,29,stock_qiskit,stock Qiskit Level 3 baseline,418,418,292,180,72.78222222222236,0.0,0.02085369999986142,0.02192569999897387,0,9.41056192947486e-15,9.133235578161597e-15,44.946424648251934,44.94642464825276,False,0,nan,nan,0.0,"[15, 12, 13, 9, 14, 11, 5, 8, 3, 2, 0, 6, 10, 1, 7, 4]"
balanced,dense75,80005,23340929,0.75,qaoa_p1,1,hybrid_level3,29,v4_beam,"supported QAOA with density 0.750 inside [0.45, 0.80]",338,338,197,115,45.959111111111184,0.6605064000032144,0.016384000002290122,0.678068399996846,64,8.836889838123355e-15,8.666292320381772e-15,44.946424648251934,44.94642464825271,False,0,nan,nan,0.0,"[9, 11, 0, 13, 6, 2, 14, 1, 12, 10, 3, 8, 7, 15, 5, 4]"
balanced,dense75,80005,23340929,0.75,qaoa_p1,1,stock_level3,47,stock_qiskit,stock Qiskit Level 3 baseline,399,399,316,181,72.06400000000012,0.0,0.020783800006029196,0.021838400003616698,0,9.983715741366951e-15,9.616209067230698e-15,44.946424648251934,44.946424648252794,False,0,nan,nan,0.0,"[5, 9, 14, 8, 11, 15, 13, 12, 6, 10, 3, 0, 2, 7, 1, 4]"
balanced,dense75,80005,23340929,0.75,qaoa_p1,1,hybrid_level3,47,v4_beam,"supported QAOA with density 0.750 inside [0.45, 0.80]",333,333,202,114,46.0373333333334,0.6690972999931546,0.0158718000020599,0.6861456000042381,64,9.328851634979183e-15,9.13164066963829e-15,44.946424648251934,44.94642464825276,False,0,nan,nan,0.0,"[14, 8, 0, 13, 6, 2, 11, 1, 12, 10, 3, 5, 4, 15, 9, 7]"
balanced,dense75,80005,23340929,0.75,qaoa_p2,2,stock_level3,11,stock_qiskit,stock Qiskit Level 3 baseline,851,851,536,326,123.54844444444484,0.0,0.03590940000140108,0.03795099999115337,0,2.0724516193924408e-14,2.0465948208455533e-14,44.96960980708926,44.9696098070911,False,0,nan,nan,0.0,"[3, 2, 4, 0, 1, 15, 7, 6, 10, 13, 14, 12, 5, 9, 11, 8]"
balanced,dense75,80005,23340929,0.75,qaoa_p2,2,hybrid_level3,11,v4_beam,"supported QAOA with density 0.750 inside [0.45, 0.80]",750,750,463,282,109.20533333333374,1.3500898999918718,0.02540410000074189,1.3775466999941273,125,1.561843631533327e-14,1.535890609614968e-14,44.96960980708926,44.96960980709064,False,0,nan,nan,0.0,"[0, 10, 2, 1, 15, 9, 3, 12, 5, 7, 4, 8, 14, 6, 11, 13]"
balanced,dense75,80005,23340929,0.75,qaoa_p2,2,stock_level3,29,stock_qiskit,stock Qiskit Level 3 baseline,855,855,639,381,142.44977777777845,0.0,0.03499440000450704,0.03683509999245871,0,2.239438928576682e-14,2.2118778088120096e-14,44.96960980708926,44.96960980709125,False,0,nan,nan,0.0,"[0, 2, 6, 1, 4, 15, 7, 10, 13, 12, 14, 9, 3, 5, 11, 8]"
balanced,dense75,80005,23340929,0.75,qaoa_p2,2,hybrid_level3,29,v4_beam,"supported QAOA with density 0.750 inside [0.45, 0.80]",842,842,541,330,130.75200000000058,1.4650362000102177,0.027319000000716187,1.4945298000093317,125,1.7822699622474603e-14,1.7567985588955043e-14,44.96960980708926,44.96960980709083,False,0,nan,nan,0.0,"[7, 2, 10, 6, 0, 8, 12, 15, 5, 3, 4, 9, 13, 1, 11, 14]"
balanced,dense75,80005,23340929,0.75,qaoa_p2,2,stock_level3,47,stock_qiskit,stock Qiskit Level 3 baseline,870,870,610,350,133.44000000000068,0.0,0.03583920000528451,0.037895000001299195,0,1.7109723642581685e-14,1.6844357174571484e-14,44.96960980708926,44.969609807090784,False,0,nan,nan,0.0,"[8, 2, 9, 3, 5, 14, 11, 15, 13, 6, 0, 1, 12, 10, 4, 7]"
balanced,dense75,80005,23340929,0.75,qaoa_p2,2,hybrid_level3,47,v4_beam,"supported QAOA with density 0.750 inside [0.45, 0.80]",790,790,558,331,130.4248888888895,1.4135192999965511,0.025689799993415363,1.4413237999979174,125,1.7704483213343725e-14,1.7506074539855893e-14,44.96960980708926,44.96960980709083,False,0,nan,nan,0.0,"[5, 7, 3, 2, 0, 13, 9, 6, 8, 10, 1, 12, 11, 4, 15, 14]"
balanced,dense75,80006,23340930,0.75,qaoa_p1,1,stock_level3,11,stock_qiskit,stock Qiskit Level 3 baseline,358,358,264,155,59.19288888888893,0.0,0.01976969999668654,0.020835300005273893,0,1.2666322813562061e-14,1.2464261019798024e-14,44.83375895484586,44.83375895484698,False,0,nan,nan,0.0,"[9, 5, 3, 15, 8, 14, 11, 13, 10, 12, 6, 0, 2, 7, 1, 4]"
balanced,dense75,80006,23340930,0.75,qaoa_p1,1,hybrid_level3,11,v4_beam,"supported QAOA with density 0.750 inside [0.45, 0.80]",331,331,230,120,48.44088888888894,0.6890830000047572,0.018657799999346025,0.7088596999965375,63,1.2665986760280298e-14,1.249966720151366e-14,44.83375895484586,44.83375895484697,False,0,nan,nan,0.0,"[0, 15, 1, 13, 5, 6, 12, 3, 14, 10, 7, 2, 9, 4, 11, 8]"
balanced,dense75,80006,23340930,0.75,qaoa_p1,1,stock_level3,29,stock_qiskit,stock Qiskit Level 3 baseline,377,377,286,154,57.180444444444525,0.0,0.020786900000530295,0.021814300009282306,0,1.4781972655571748e-14,1.444997464635059e-14,44.83375895484586,44.83375895484716,False,0,nan,nan,0.0,"[0, 2, 1, 15, 6, 4, 7, 10, 12, 13, 14, 3, 9, 5, 11, 8]"
balanced,dense75,80006,23340930,0.75,qaoa_p1,1,hybrid_level3,29,v4_beam,"supported QAOA with density 0.750 inside [0.45, 0.80]",322,322,214,108,43.761777777777816,0.6813383999979123,0.015328699999372475,0.6978098999970825,63,1.264947180121195e-14,1.2486973240477332e-14,44.83375895484586,44.83375895484698,False,0,nan,nan,0.0,"[0, 15, 3, 13, 5, 6, 12, 2, 14, 10, 7, 1, 9, 4, 8, 11]"
balanced,dense75,80006,23340930,0.75,qaoa_p1,1,stock_level3,47,stock_qiskit,stock Qiskit Level 3 baseline,389,389,268,173,68.20266666666679,0.0,0.02128979998815339,0.022365699987858534,0,1.0591757744698002e-14,1.0272412003499675e-14,44.83375895484586,44.83375895484677,False,0,nan,nan,0.0,"[9, 5, 8, 15, 11, 14, 13, 12, 6, 7, 10, 3, 0, 2, 4, 1]"
balanced,dense75,80006,23340930,0.75,qaoa_p1,1,hybrid_level3,47,v4_beam,"supported QAOA with density 0.750 inside [0.45, 0.80]",330,330,216,111,44.71466666666672,0.6736829000001308,0.015480899994145148,0.6902441999991424,63,1.2809979109852982e-14,1.2652301146050324e-14,44.83375895484586,44.83375895484698,False,0,nan,nan,0.0,"[0, 15, 1, 13, 5, 6, 12, 3, 14, 10, 7, 2, 9, 4, 8, 11]"
balanced,dense75,80006,23340930,0.75,qaoa_p2,2,stock_level3,11,stock_qiskit,stock Qiskit Level 3 baseline,843,843,604,327,129.9128888888897,0.0,0.03417210000043269,0.03601599999819882,0,1.6485212720286468e-14,1.6001715726583286e-14,36.29941662797816,36.29941662797932,False,0,nan,nan,0.0,"[15, 6, 10, 1, 7, 0, 4, 2, 5, 3, 9, 12, 13, 8, 14, 11]"
balanced,dense75,80006,23340930,0.75,qaoa_p2,2,hybrid_level3,11,v4_beam,"supported QAOA with density 0.750 inside [0.45, 0.80]",721,721,502,276,109.63200000000045,1.375616799996351,0.0268660000001546,1.4043672999978298,126,1.623095913706186e-14,1.59022854901083e-14,36.29941662797816,36.29941662797931,False,0,nan,nan,0.0,"[3, 13, 1, 5, 8, 10, 6, 0, 11, 4, 14, 2, 12, 9, 7, 15]"
balanced,dense75,80006,23340930,0.75,qaoa_p2,2,stock_level3,29,stock_qiskit,stock Qiskit Level 3 baseline,861,861,574,333,128.40533333333389,0.0,0.03473149999626912,0.036538000000291504,0,1.3633703013286317e-14,1.2895482123621566e-14,36.29941662797816,36.299416627979085,False,0,nan,nan,0.0,"[8, 9, 5, 15, 11, 14, 13, 10, 12, 7, 0, 6, 3, 4, 2, 1]"
balanced,dense75,80006,23340930,0.75,qaoa_p2,2,hybrid_level3,29,v4_beam,"supported QAOA with density 0.750 inside [0.45, 0.80]",681,681,431,236,92.53688888888921,1.3483465000026627,0.02509700000518933,1.3753357999958098,126,1.652034961219449e-14,1.6237912486129726e-14,36.29941662797816,36.29941662797933,False,0,nan,nan,0.0,"[15, 6, 3, 2, 10, 12, 8, 0, 7, 1, 11, 4, 13, 9, 5, 14]"
balanced,dense75,80006,23340930,0.75,qaoa_p2,2,stock_level3,47,stock_qiskit,stock Qiskit Level 3 baseline,860,860,531,325,124.67911111111165,0.0,0.03548330000194255,0.037292599998181686,0,1.5188863037459757e-14,1.4568518173784047e-14,36.29941662797816,36.299416627979205,False,0,nan,nan,0.0,"[3, 2, 0, 6, 1, 4, 7, 15, 10, 12, 14, 9, 13, 5, 11, 8]"
balanced,dense75,80006,23340930,0.75,qaoa_p2,2,hybrid_level3,47,v4_beam,"supported QAOA with density 0.750 inside [0.45, 0.80]",719,719,449,230,91.75466666666699,1.3810671999963233,0.025505300000077114,1.4086257000017213,126,1.5242776622218484e-14,1.4862999468489114e-14,36.29941662797816,36.299416627979234,False,0,nan,nan,0.0,"[10, 6, 5, 3, 4, 12, 14, 0, 7, 2, 8, 1, 15, 9, 11, 13]"
balanced,dense75,80007,23340931,0.75,qaoa_p1,1,stock_level3,11,stock_qiskit,stock Qiskit Level 3 baseline,402,402,279,167,63.59466666666682,0.0,0.019818500004475936,0.020846500003244728,0,9.532371888094846e-15,9.082215461480938e-15,29.381190619067713,29.38119061906825,False,0,nan,nan,0.0,"[11, 8, 9, 0, 5, 3, 6, 2, 15, 1, 14, 13, 12, 4, 10, 7]"
balanced,dense75,80007,23340931,0.75,qaoa_p1,1,hybrid_level3,11,v4_beam,"supported QAOA with density 0.750 inside [0.45, 0.80]",326,326,195,101,40.68977777777782,0.7697321000014199,0.01604889999725856,0.7875248000054853,67,1.0610091415324206e-14,1.037020385481251e-14,29.381190619067713,29.38119061906833,False,0,nan,nan,0.0,"[10, 8, 15, 5, 3, 12, 13, 1, 4, 11, 2, 0, 7, 6, 14, 9]"
balanced,dense75,80007,23340931,0.75,qaoa_p1,1,stock_level3,29,stock_qiskit,stock Qiskit Level 3 baseline,406,406,305,175,67.37066666666685,0.0,0.020811299997149035,0.021839299995917827,0,9.09831667844057e-15,8.608512620271829e-15,29.381190619067713,29.381190619068224,False,0,nan,nan,0.0,"[2, 9, 3, 5, 8, 11, 15, 13, 14, 12, 0, 1, 4, 6, 10, 7]"
balanced,dense75,80007,23340931,0.75,qaoa_p1,1,hybrid_level3,29,v4_beam,"supported QAOA with density 0.750 inside [0.45, 0.80]",329,329,197,103,41.664000000000065,0.7815298999921652,0.01623380000819452,0.7990497999999207,67,1.0521280700976332e-14,1.0276248517263897e-14,29.381190619067713,29.381190619068324,False,0,nan,nan,0.0,"[7, 9, 15, 3, 2, 11, 8, 12, 10, 14, 4, 1, 0, 6, 13, 5]"
balanced,dense75,80007,23340931,0.75,qaoa_p1,1,stock_level3,47,stock_qiskit,stock Qiskit Level 3 baseline,392,392,265,153,63.75822222222231,0.0,0.02190399999381043,0.022988000011537224,0,9.780434755076029e-15,9.386110634401566e-15,29.381190619067713,29.38119061906827,False,0,nan,nan,0.0,"[6, 15, 12, 9, 13, 11, 8, 14, 7, 5, 10, 0, 1, 4, 3, 2]"
balanced,dense75,80007,23340931,0.75,qaoa_p1,1,hybrid_level3,47,v4_beam,"supported QAOA with density 0.750 inside [0.45, 0.80]",326,326,197,103,42.11911111111116,0.7932823000010103,0.017024600005242974,0.8114719000004698,67,1.0591918171449911e-14,1.0326991648225444e-14,29.381190619067713,29.381190619068324,False,0,nan,nan,0.0,"[10, 14, 15, 5, 3, 12, 13, 2, 1, 8, 4, 0, 7, 6, 11, 9]"
balanced,dense75,80007,23340931,0.75,qaoa_p2,2,stock_level3,11,stock_qiskit,stock Qiskit Level 3 baseline,840,840,554,350,128.7680000000005,0.0,0.04176920000463724,0.04406580000068061,0,1.723482961722742e-14,1.6883050698113748e-14,44.9669321616202,44.96693216162171,False,0,nan,nan,0.0,"[14, 9, 11, 8, 5, 3, 0, 2, 6, 1, 15, 13, 10, 12, 4, 7]"
balanced,dense75,80007,23340931,0.75,qaoa_p2,2,hybrid_level3,11,v4_beam,"supported QAOA with density 0.750 inside [0.45, 0.80]",695,695,385,222,88.49066666666695,1.538534899998922,0.026327100000344217,1.5669246000034036,131,1.578086049930243e-14,1.5538032655500653e-14,44.9669321616202,44.96693216162159,False,0,nan,nan,0.0,"[3, 7, 0, 1, 9, 11, 15, 13, 2, 4, 14, 6, 12, 10, 5, 8]"
balanced,dense75,80007,23340931,0.75,qaoa_p2,2,stock_level3,29,stock_qiskit,stock Qiskit Level 3 baseline,828,828,505,302,114.58133333333379,0.0,0.03419039999425877,0.03600929999083746,0,1.6701488913325616e-14,1.644170251169642e-14,44.9669321616202,44.96693216162166,False,0,nan,nan,0.0,"[3, 13, 9, 14, 11, 5, 12, 8, 15, 10, 6, 2, 0, 7, 1, 4]"
balanced,dense75,80007,23340931,0.75,qaoa_p2,2,hybrid_level3,29,v4_beam,"supported QAOA with density 0.750 inside [0.45, 0.80]",706,706,451,268,106.06222222222254,1.5505509000067832,0.02512219999334775,1.5776189000025624,131,1.5680620065649296e-14,1.5426178564512585e-14,44.9669321616202,44.96693216162157,False,0,nan,nan,0.0,"[13, 4, 6, 2, 9, 8, 15, 12, 3, 7, 11, 1, 10, 0, 14, 5]"
balanced,dense75,80007,23340931,0.75,qaoa_p2,2,stock_level3,47,stock_qiskit,stock Qiskit Level 3 baseline,892,892,524,333,124.16711111111167,0.0,0.037686100011342205,0.03997399999934714,0,1.246917049105975e-14,1.2188007245822496e-14,44.9669321616202,44.96693216162128,False,0,nan,nan,0.0,"[5, 8, 9, 13, 11, 14, 15, 6, 10, 3, 12, 7, 4, 0, 2, 1]"
balanced,dense75,80007,23340931,0.75,qaoa_p2,2,hybrid_level3,47,v4_beam,"supported QAOA with density 0.750 inside [0.45, 0.80]",717,717,427,240,96.14222222222254,1.553805999996257,0.029007900011492893,1.5849561999930302,131,1.6286924189456076e-14,1.6068235611588004e-14,44.9669321616202,44.96693216162162,False,0,nan,nan,0.0,"[3, 2, 10, 14, 11, 13, 12, 7, 9, 0, 4, 1, 15, 6, 5, 8]"
balanced,dense75,80008,23340932,0.75,qaoa_p1,1,stock_level3,11,stock_qiskit,stock Qiskit Level 3 baseline,364,364,286,153,58.21866666666674,0.0,0.021074000003864057,0.02265879999322351,0,1.2036890541446731e-14,1.181566334462185e-14,44.9869088941483,44.98690889414936,False,0,nan,nan,0.0,"[3, 9, 5, 8, 14, 11, 15, 13, 6, 12, 7, 2, 10, 0, 4, 1]"
balanced,dense75,80008,23340932,0.75,qaoa_p1,1,hybrid_level3,11,v4_beam,"supported QAOA with density 0.750 inside [0.45, 0.80]",333,333,196,107,43.84000000000005,0.7452856000018073,0.01700529998925049,0.7635379999992438,67,9.15285895304916e-15,8.977015011369333e-15,44.9869088941483,44.9869088941491,False,0,nan,nan,0.0,"[6, 9, 13, 7, 5, 11, 8, 1, 0, 15, 14, 12, 10, 2, 3, 4]"
balanced,dense75,80008,23340932,0.75,qaoa_p1,1,stock_level3,29,stock_qiskit,stock Qiskit Level 3 baseline,402,402,289,174,69.78844444444458,0.0,0.019875199999660254,0.020886899990728125,0,8.326224612554197e-15,8.072473278632096e-15,44.9869088941483,44.986908894149025,False,0,nan,nan,0.0,"[9, 8, 5, 11, 15, 14, 13, 6, 12, 10, 3, 7, 0, 2, 4, 1]"
balanced,dense75,80008,23340932,0.75,qaoa_p1,1,hybrid_level3,29,v4_beam,"supported QAOA with density 0.750 inside [0.45, 0.80]",333,333,201,112,45.6604444444445,0.7980305000091903,0.01601959999243263,0.8151472000026843,67,9.15285895304916e-15,8.977015011369333e-15,44.9869088941483,44.9869088941491,False,0,nan,nan,0.0,"[6, 9, 13, 7, 5, 11, 8, 1, 0, 15, 14, 12, 10, 2, 3, 4]"
balanced,dense75,80008,23340932,0.75,qaoa_p1,1,stock_level3,47,stock_qiskit,stock Qiskit Level 3 baseline,428,428,272,196,73.05244444444466,0.0,0.019713899993803352,0.020700299995951355,0,8.733566546086751e-15,8.499859791149632e-15,44.9869088941483,44.98690889414906,False,0,nan,nan,0.0,"[9, 8, 11, 14, 0, 5, 3, 2, 13, 1, 6, 15, 4, 12, 7, 10]"
balanced,dense75,80008,23340932,0.75,qaoa_p1,1,hybrid_level3,47,v4_beam,"supported QAOA with density 0.750 inside [0.45, 0.80]",333,333,201,112,45.660444444444494,0.721107999997912,0.015742599993245676,0.738606200000504,67,9.149629689900349e-15,8.97287647104798e-15,44.9869088941483,44.9869088941491,False,0,nan,nan,0.0,"[6, 9, 11, 7, 5, 14, 8, 1, 0, 15, 13, 12, 10, 2, 3, 4]"
balanced,dense75,80008,23340932,0.75,qaoa_p2,2,stock_level3,11,stock_qiskit,stock Qiskit Level 3 baseline,861,861,557,347,132.45866666666717,0.0,0.03320079999684822,0.035112700003082864,0,1.5180805993547286e-14,1.470462529058533e-14,44.98374737250454,44.98374737250586,False,0,nan,nan,0.0,"[0, 2, 6, 1, 4, 7, 10, 15, 13, 12, 11, 3, 14, 5, 9, 8]"
balanced,dense75,80008,23340932,0.75,qaoa_p2,2,hybrid_level3,11,v4_beam,"supported QAOA with density 0.750 inside [0.45, 0.80]",649,649,401,221,90.49600000000028,1.3757623999990756,0.023818799993023276,1.4014695000078063,124,1.740906971479798e-14,1.7087238394275443e-14,44.98374737250454,44.98374737250607,False,0,nan,nan,0.0,"[1, 13, 3, 8, 10, 6, 4, 0, 14, 9, 5, 15, 12, 7, 11, 2]"
balanced,dense75,80008,23340932,0.75,qaoa_p2,2,stock_level3,29,stock_qiskit,stock Qiskit Level 3 baseline,850,850,560,301,114.73777777777835,0.0,0.03498930000932887,0.03679779999947641,0,1.7752743411765158e-14,1.7288188257016455e-14,44.98374737250454,44.98374737250609,False,0,nan,nan,0.0,"[6, 11, 9, 14, 8, 5, 3, 0, 15, 1, 2, 4, 13, 12, 7, 10]"
balanced,dense75,80008,23340932,0.75,qaoa_p2,2,hybrid_level3,29,v4_beam,"supported QAOA with density 0.750 inside [0.45, 0.80]",647,647,401,219,87.43111111111136,1.329264800006058,0.023905400012154132,1.3550599000009242,124,1.7144628736889193e-14,1.6772524686958164e-14,44.98374737250454,44.98374737250605,False,0,nan,nan,0.0,"[4, 13, 2, 8, 6, 10, 5, 1, 14, 9, 3, 15, 12, 7, 11, 0]"
balanced,dense75,80008,23340932,0.75,qaoa_p2,2,stock_level3,47,stock_qiskit,stock Qiskit Level 3 baseline,809,809,581,317,119.61600000000054,0.0,0.035008000006200746,0.036912900002789684,0,2.0464666336702073e-14,2.005185772918166e-14,44.98374737250454,44.983747372506336,False,0,nan,nan,0.0,"[9, 5, 8, 11, 15, 14, 13, 12, 6, 10, 0, 7, 3, 2, 4, 1]"
balanced,dense75,80008,23340932,0.75,qaoa_p2,2,hybrid_level3,47,v4_beam,"supported QAOA with density 0.750 inside [0.45, 0.80]",651,651,397,219,87.92177777777802,1.416837700002361,0.024163899986888282,1.4428313999960665,124,1.7016422383245658e-14,1.6672164398238753e-14,44.98374737250454,44.98374737250604,False,0,nan,nan,0.0,"[4, 13, 3, 8, 6, 10, 2, 1, 14, 9, 5, 15, 12, 7, 11, 0]"
balanced,dense75,80009,23340933,0.75,qaoa_p1,1,stock_level3,11,stock_qiskit,stock Qiskit Level 3 baseline,398,398,267,152,58.00533333333338,0.0,0.020447299990337342,0.0215887000085786,0,1.057547686035395e-14,1.0355185663958345e-14,45.05664023192656,45.05664023192749,False,0,nan,nan,0.0,"[15, 6, 0, 13, 10, 7, 4, 2, 12, 1, 3, 9, 5, 14, 11, 8]"
balanced,dense75,80009,23340933,0.75,qaoa_p1,1,hybrid_level3,11,v4_beam,"supported QAOA with density 0.750 inside [0.45, 0.80]",360,360,276,167,65.13777777777787,0.6825605000049109,0.015202399998088367,0.6988891000073636,66,1.0228215487948839e-14,1.0019253143039105e-14,45.05664023192656,45.05664023192746,False,0,nan,nan,0.0,"[4, 11, 7, 12, 0, 1, 3, 8, 15, 10, 9, 13, 14, 6, 5, 2]"
balanced,dense75,80009,23340933,0.75,qaoa_p1,1,stock_level3,29,stock_qiskit,stock Qiskit Level 3 baseline,388,388,313,177,71.82222222222235,0.0,0.020839899996644817,0.02187959999719169,0,1.2372757350113248e-14,1.2194577982883958e-14,45.05664023192656,45.05664023192766,False,0,nan,nan,0.0,"[5, 11, 15, 9, 8, 14, 13, 6, 10, 12, 4, 7, 0, 3, 2, 1]"
balanced,dense75,80009,23340933,0.75,qaoa_p1,1,hybrid_level3,29,v4_beam,"supported QAOA with density 0.750 inside [0.45, 0.80]",356,356,258,142,55.63022222222229,0.715293200002634,0.015698100003646687,0.7326796999986982,66,1.0851293054508839e-14,1.0648830483332508e-14,45.05664023192656,45.056640231927524,False,0,nan,nan,0.0,"[10, 14, 12, 7, 0, 15, 8, 5, 6, 4, 9, 11, 13, 1, 3, 2]"
balanced,dense75,80009,23340933,0.75,qaoa_p1,1,stock_level3,47,stock_qiskit,stock Qiskit Level 3 baseline,390,390,314,170,64.6257777777779,0.0,0.02165289998811204,0.022666399992886,0,1.434058559971717e-14,1.4169300341374903e-14,45.05664023192656,45.05664023192784,False,0,nan,nan,0.0,"[3, 6, 15, 0, 2, 1, 10, 4, 7, 13, 12, 5, 9, 14, 11, 8]"
balanced,dense75,80009,23340933,0.75,qaoa_p1,1,hybrid_level3,47,v4_beam,"supported QAOA with density 0.750 inside [0.45, 0.80]",354,354,242,134,54.4142222222223,0.7282470999925863,0.01564919999509584,0.7450068999896757,66,1.0563277849323507e-14,1.0364416282945833e-14,45.05664023192656,45.056640231927496,False,0,nan,nan,0.0,"[1, 14, 4, 12, 2, 15, 8, 5, 7, 10, 9, 11, 13, 6, 3, 0]"
balanced,dense75,80009,23340933,0.75,qaoa_p2,2,stock_level3,11,stock_qiskit,stock Qiskit Level 3 baseline,853,853,566,342,128.61155555555612,0.0,0.03503149999596644,0.03695859998697415,0,1.8495969388024476e-14,1.829666765858802e-14,44.965714630135835,44.96571463013748,False,0,nan,nan,0.0,"[9, 3, 5, 8, 11, 14, 10, 13, 12, 15, 6, 7, 2, 0, 4, 1]"
balanced,dense75,80009,23340933,0.75,qaoa_p2,2,hybrid_level3,11,v4_beam,"supported QAOA with density 0.750 inside [0.45, 0.80]",749,749,501,302,122.65955555555597,1.3841994999966118,0.025127000000793487,1.411217700006091,131,1.543369712337737e-14,1.5152416890611452e-14,44.965714630135835,44.96571463013719,False,0,nan,nan,0.0,"[0, 5, 6, 2, 15, 8, 11, 10, 3, 9, 13, 7, 4, 14, 12, 1]"
balanced,dense75,80009,23340933,0.75,qaoa_p2,2,stock_level3,29,stock_qiskit,stock Qiskit Level 3 baseline,864,864,556,336,133.0702222222227,0.0,0.03543669999635313,0.03726479999022558,0,1.857392027202465e-14,1.8355851468681354e-14,44.965714630135835,44.96571463013748,False,0,nan,nan,0.0,"[3, 2, 6, 1, 0, 4, 15, 7, 10, 14, 13, 12, 9, 5, 8, 11]"
balanced,dense75,80009,23340933,0.75,qaoa_p2,2,hybrid_level3,29,v4_beam,"supported QAOA with density 0.750 inside [0.45, 0.80]",744,744,452,284,114.07644444444485,1.4236968000041088,0.024990599995362572,1.45060260000173,131,1.5605262170973276e-14,1.5296204943291898e-14,44.965714630135835,44.96571463013721,False,0,nan,nan,0.0,"[0, 11, 12, 2, 6, 1, 15, 13, 8, 9, 10, 4, 5, 14, 7, 3]"
balanced,dense75,80009,23340933,0.75,qaoa_p2,2,stock_level3,47,stock_qiskit,stock Qiskit Level 3 baseline,859,859,537,306,117.80977777777841,0.0,0.03620099999534432,0.038052699994295835,0,1.9631759620329122e-14,1.9433468987360277e-14,44.965714630135835,44.96571463013758,False,0,nan,nan,0.0,"[12, 6, 15, 9, 13, 14, 11, 8, 5, 3, 2, 10, 7, 0, 1, 4]"
balanced,dense75,80009,23340933,0.75,qaoa_p2,2,hybrid_level3,47,v4_beam,"supported QAOA with density 0.750 inside [0.45, 0.80]",706,706,432,233,94.14400000000037,1.4129566999909002,0.027229200000874698,1.4422342000034405,131,1.6240522171204538e-14,1.5975979261051084e-14,44.965714630135835,44.96571463013728,False,0,nan,nan,0.0,"[0, 8, 7, 1, 13, 11, 15, 10, 5, 9, 12, 4, 3, 6, 14, 2]"
balanced,dense75,80010,23340934,0.75,qaoa_p1,1,stock_level3,11,stock_qiskit,stock Qiskit Level 3 baseline,417,417,320,206,81.05955555555575,0.0,0.027445400002761744,0.028988999998546205,0,1.0690630558764301e-14,1.0514754629927029e-14,44.917282151546594,44.91728215154754,False,0,nan,nan,0.0,"[13, 15, 9, 8, 11, 12, 14, 5, 0, 10, 6, 7, 3, 2, 4, 1]"
balanced,dense75,80010,23340934,0.75,qaoa_p1,1,hybrid_level3,11,v4_beam,"supported QAOA with density 0.750 inside [0.45, 0.80]",350,350,275,141,57.1164444444445,0.7287844000093173,0.015409200001158752,0.745327399999951,63,9.275328408430521e-15,9.115651528701038e-15,44.917282151546594,44.91728215154741,False,0,nan,nan,0.0,"[14, 11, 8, 15, 12, 7, 10, 2, 6, 3, 4, 13, 0, 5, 1, 9]"
balanced,dense75,80010,23340934,0.75,qaoa_p1,1,stock_level3,29,stock_qiskit,stock Qiskit Level 3 baseline,421,421,286,178,67.4346666666668,0.0,0.01963150000665337,0.020674900006270036,0,8.675100898371418e-15,8.500769600701192e-15,44.917282151546594,44.91728215154736,False,0,nan,nan,0.0,"[3, 9, 5, 8, 15, 14, 11, 12, 13, 6, 10, 2, 0, 7, 1, 4]"
balanced,dense75,80010,23340934,0.75,qaoa_p1,1,hybrid_level3,29,v4_beam,"supported QAOA with density 0.750 inside [0.45, 0.80]",348,348,268,130,52.6933333333334,0.682742999997572,0.015429100007168017,0.6992877000011504,63,9.274764500401055e-15,9.10567455424343e-15,44.917282151546594,44.91728215154741,False,0,nan,nan,0.0,"[15, 11, 8, 13, 12, 7, 10, 2, 6, 3, 4, 14, 0, 5, 1, 9]"
balanced,dense75,80010,23340934,0.75,qaoa_p1,1,stock_level3,47,stock_qiskit,stock Qiskit Level 3 baseline,387,387,276,170,68.08177777777786,0.0,0.019742299991776235,0.02075199999671895,0,1.0490177292952745e-14,1.0289249180217889e-14,44.917282151546594,44.91728215154751,False,0,nan,nan,0.0,"[11, 8, 9, 14, 15, 5, 13, 12, 6, 10, 7, 3, 0, 4, 2, 1]"
balanced,dense75,80010,23340934,0.75,qaoa_p1,1,hybrid_level3,47,v4_beam,"supported QAOA with density 0.750 inside [0.45, 0.80]",340,340,235,119,46.96888888888895,0.7229616999975406,0.015497500004130416,0.7395867000013823,63,9.707379979039124e-15,9.54197263433444e-15,44.917282151546594,44.91728215154746,False,0,nan,nan,0.0,"[15, 8, 13, 6, 4, 7, 10, 5, 1, 11, 2, 12, 0, 14, 9, 3]"
balanced,dense75,80010,23340934,0.75,qaoa_p2,2,stock_level3,11,stock_qiskit,stock Qiskit Level 3 baseline,861,861,613,367,141.31911111111182,0.0,0.03501759999198839,0.03683599999931175,0,1.6844092212511535e-14,1.6503857676068045e-14,43.80386401628287,43.80386401628432,False,0,nan,nan,0.0,"[14, 8, 9, 11, 15, 5, 12, 13, 10, 2, 3, 0, 6, 1, 4, 7]"
balanced,dense75,80010,23340934,0.75,qaoa_p2,2,hybrid_level3,11,v4_beam,"supported QAOA with density 0.750 inside [0.45, 0.80]",807,807,499,294,116.53688888888941,1.4596922999917297,0.025225700010196306,1.4868158000026597,123,1.4601162672651714e-14,1.4323395054820087e-14,43.80386401628287,43.803864016284116,False,0,nan,nan,0.0,"[8, 6, 7, 4, 14, 9, 1, 0, 10, 2, 5, 13, 12, 3, 11, 15]"
balanced,dense75,80010,23340934,0.75,qaoa_p2,2,stock_level3,29,stock_qiskit,stock Qiskit Level 3 baseline,881,881,534,315,122.14044444444492,0.0,0.037822500002221204,0.039756699989084154,0,1.8152978535782078e-14,1.755105320957413e-14,43.80386401628287,43.80386401628441,False,0,nan,nan,0.0,"[5, 9, 8, 13, 14, 15, 11, 6, 0, 1, 12, 2, 3, 10, 4, 7]"
balanced,dense75,80010,23340934,0.75,qaoa_p2,2,hybrid_level3,29,v4_beam,"supported QAOA with density 0.750 inside [0.45, 0.80]",699,699,416,229,91.12888888888918,1.4264974999969127,0.035736599995289,1.4641548000072362,123,1.5209338186953145e-14,1.4926733522113832e-14,43.80386401628287,43.80386401628418,False,0,nan,nan,0.0,"[12, 10, 1, 3, 4, 13, 2, 0, 5, 9, 8, 7, 6, 14, 11, 15]"
balanced,dense75,80010,23340934,0.75,qaoa_p2,2,stock_level3,47,stock_qiskit,stock Qiskit Level 3 baseline,863,863,561,306,121.76355555555614,0.0,0.05041120000532828,0.05268870000145398,0,1.6675581679754565e-14,1.63622342589943e-14,43.80386401628287,43.8038640162843,False,0,nan,nan,0.0,"[15, 13, 14, 9, 8, 12, 11, 5, 3, 2, 6, 1, 0, 10, 4, 7]"
balanced,dense75,80010,23340934,0.75,qaoa_p2,2,hybrid_level3,47,v4_beam,"supported QAOA with density 0.750 inside [0.45, 0.80]",735,735,471,258,106.84444444444482,1.3904762999882223,0.02533679999760352,1.4177923000097508,123,1.5777558044038467e-14,1.5526081750123572e-14,43.80386401628287,43.80386401628423,False,0,nan,nan,0.0,"[10, 6, 4, 5, 2, 12, 3, 0, 1, 9, 8, 13, 7, 14, 11, 15]"
balanced,dense75,80011,23340935,0.75,qaoa_p1,1,stock_level3,11,stock_qiskit,stock Qiskit Level 3 baseline,359,359,320,150,56.34133333333342,0.0,0.023051900003338233,0.02413999999407679,0,1.0489234261675423e-14,1.0272499408366281e-14,43.51927996679179,43.519279966792695,False,0,nan,nan,0.0,"[3, 2, 0, 1, 6, 4, 7, 15, 9, 12, 10, 5, 13, 14, 8, 11]"
balanced,dense75,80011,23340935,0.75,qaoa_p1,1,hybrid_level3,11,v4_beam,"supported QAOA with density 0.750 inside [0.45, 0.80]",337,337,205,118,48.68977777777784,0.669445799998357,0.015043999999761581,0.6856537999992725,64,9.7624468599592e-15,9.605330057452668e-15,43.51927996679179,43.51927996679264,False,0,nan,nan,0.0,"[1, 14, 0, 4, 15, 11, 10, 8, 12, 6, 7, 3, 2, 9, 5, 13]"
balanced,dense75,80011,23340935,0.75,qaoa_p1,1,stock_level3,29,stock_qiskit,stock Qiskit Level 3 baseline,365,365,300,153,58.06933333333344,0.0,0.020189799994113855,0.021390199995948933,0,1.0396520304224586e-14,1.020388155220498e-14,43.51927996679179,43.51927996679269,False,0,nan,nan,0.0,"[3, 5, 11, 9, 8, 6, 15, 13, 2, 0, 14, 1, 12, 4, 7, 10]"
balanced,dense75,80011,23340935,0.75,qaoa_p1,1,hybrid_level3,29,v4_beam,"supported QAOA with density 0.750 inside [0.45, 0.80]",337,337,205,121,49.543111111111166,0.7121987999998964,0.015392499990412034,0.728723499996704,64,9.762808071339776e-15,9.604980532595027e-15,43.51927996679179,43.51927996679264,False,0,nan,nan,0.0,"[1, 13, 0, 4, 15, 14, 10, 9, 12, 6, 7, 5, 3, 11, 2, 8]"
balanced,dense75,80011,23340935,0.75,qaoa_p1,1,stock_level3,47,stock_qiskit,stock Qiskit Level 3 baseline,397,397,290,171,66.36088888888905,0.0,0.06632060000265483,0.06752630000119098,0,9.494321163864785e-15,9.241330002622774e-15,43.51927996679179,43.519279966792595,False,0,nan,nan,0.0,"[9, 5, 8, 11, 13, 14, 15, 6, 3, 0, 10, 12, 7, 2, 4, 1]"
balanced,dense75,80011,23340935,0.75,qaoa_p1,1,hybrid_level3,47,v4_beam,"supported QAOA with density 0.750 inside [0.45, 0.80]",345,345,199,123,48.99555555555561,0.7092447000031825,0.015016699995612726,0.725377099995967,64,9.374121341172549e-15,9.218849153563182e-15,43.51927996679179,43.519279966792595,False,0,nan,nan,0.0,"[1, 14, 0, 4, 15, 11, 12, 8, 7, 6, 10, 3, 2, 9, 5, 13]"
balanced,dense75,80011,23340935,0.75,qaoa_p2,2,stock_level3,11,stock_qiskit,stock Qiskit Level 3 baseline,828,828,461,295,113.11644444444491,0.0,0.03388830000767484,0.03574339998885989,0,1.7177506265908243e-14,1.6751613933892173e-14,44.563162187531454,44.563162187532946,False,0,nan,nan,0.0,"[6, 10, 0, 2, 7, 1, 4, 15, 3, 12, 13, 9, 11, 14, 5, 8]"
balanced,dense75,80011,23340935,0.75,qaoa_p2,2,hybrid_level3,11,v4_beam,"supported QAOA with density 0.750 inside [0.45, 0.80]",725,725,479,267,108.12444444444488,1.3840295000118203,0.02499159998842515,1.410867300000973,131,1.706495024132178e-14,1.626891827815028e-14,44.563162187531454,44.563162187532896,False,0,nan,nan,0.0,"[14, 5, 10, 2, 8, 12, 1, 7, 9, 11, 15, 4, 13, 6, 0, 3]"
balanced,dense75,80011,23340935,0.75,qaoa_p2,2,stock_level3,29,stock_qiskit,stock Qiskit Level 3 baseline,867,867,572,349,135.08977777777838,0.0,0.03492780000669882,0.03676719999930356,0,1.7209810102252018e-14,1.6886627997914598e-14,44.563162187531454,44.56316218753296,False,0,nan,nan,0.0,"[0, 2, 4, 1, 6, 7, 10, 15, 3, 9, 13, 12, 14, 5, 11, 8]"
balanced,dense75,80011,23340935,0.75,qaoa_p2,2,hybrid_level3,29,v4_beam,"supported QAOA with density 0.750 inside [0.45, 0.80]",723,723,485,290,115.85422222222269,1.4242818000057014,0.025373200012836605,1.4515396000060719,131,1.6600351681099893e-14,1.57905315151873e-14,44.563162187531454,44.56316218753285,False,0,nan,nan,0.0,"[11, 3, 12, 2, 8, 13, 4, 10, 5, 15, 9, 7, 14, 6, 1, 0]"
balanced,dense75,80011,23340935,0.75,qaoa_p2,2,stock_level3,47,stock_qiskit,stock Qiskit Level 3 baseline,850,850,580,317,124.52977777777832,0.0,0.03458959999261424,0.03640709999308456,0,1.8299708571810905e-14,1.7055791077626348e-14,44.563162187531454,44.56316218753297,False,0,nan,nan,0.0,"[0, 2, 1, 4, 15, 13, 6, 7, 3, 10, 12, 5, 11, 14, 9, 8]"
balanced,dense75,80011,23340935,0.75,qaoa_p2,2,hybrid_level3,47,v4_beam,"supported QAOA with density 0.750 inside [0.45, 0.80]",712,712,453,264,104.06400000000039,1.4327055000030668,0.0243929999996908,1.4589437999966322,131,1.5649532854713216e-14,1.534075296438655e-14,44.563162187531454,44.56316218753282,False,0,nan,nan,0.0,"[7, 5, 15, 2, 8, 14, 6, 13, 9, 11, 3, 12, 4, 10, 1, 0]"
balanced,nearcomplete90,80000,24340924,0.9,qaoa_p1,1,stock_level3,11,stock_qiskit,stock Qiskit Level 3 baseline,418,418,306,171,63.53066666666683,0.0,0.022264400002313778,0.023861599998781458,0,1.0593099593701065e-14,1.0386537630574115e-14,39.797842313865594,39.797842313866425,False,0,nan,nan,0.0,"[3, 0, 6, 2, 1, 4, 7, 15, 10, 13, 12, 9, 14, 5, 11, 8]"
balanced,nearcomplete90,80000,24340924,0.9,qaoa_p1,1,hybrid_level3,11,qiskit_fallback,density 0.900 is above the V4 window,418,418,306,171,63.53066666666683,0.0,0.022818800003733486,0.025985299987951294,0,1.0593099593701065e-14,1.0386537630574115e-14,39.797842313865594,39.797842313866425,False,0,nan,nan,0.0,"[3, 0, 6, 2, 1, 4, 7, 15, 10, 13, 12, 9, 14, 5, 11, 8]"
balanced,nearcomplete90,80000,24340924,0.9,qaoa_p1,1,stock_level3,29,stock_qiskit,stock Qiskit Level 3 baseline,424,424,305,167,62.869333333333486,0.0,0.023719899996649474,0.024899700001697056,0,1.3505286077059624e-14,1.3325777454348163e-14,39.797842313865594,39.79784231386666,False,0,nan,nan,0.0,"[0, 3, 2, 15, 1, 6, 4, 7, 10, 12, 14, 13, 5, 9, 11, 8]"
balanced,nearcomplete90,80000,24340924,0.9,qaoa_p1,1,hybrid_level3,29,qiskit_fallback,density 0.900 is above the V4 window,424,424,305,167,62.869333333333486,0.0,0.022337999995215796,0.02439220000815112,0,1.3505286077059624e-14,1.3325777454348163e-14,39.797842313865594,39.79784231386666,False,0,nan,nan,0.0,"[0, 3, 2, 15, 1, 6, 4, 7, 10, 12, 14, 13, 5, 9, 11, 8]"
balanced,nearcomplete90,80000,24340924,0.9,qaoa_p1,1,stock_level3,47,stock_qiskit,stock Qiskit Level 3 baseline,428,428,306,186,69.66044444444462,0.0,0.023373499992885627,0.02472190000116825,0,1.1626935964721364e-14,1.145410851214517e-14,39.797842313865594,39.797842313866504,False,0,nan,nan,0.0,"[9, 11, 5, 8, 2, 3, 1, 0, 6, 4, 14, 15, 10, 7, 13, 12]"
balanced,nearcomplete90,80000,24340924,0.9,qaoa_p1,1,hybrid_level3,47,qiskit_fallback,density 0.900 is above the V4 window,428,428,306,186,69.66044444444462,0.0,0.0222862999944482,0.024431499987258576,0,1.1626935964721364e-14,1.145410851214517e-14,39.797842313865594,39.797842313866504,False,0,nan,nan,0.0,"[9, 11, 5, 8, 2, 3, 1, 0, 6, 4, 14, 15, 10, 7, 13, 12]"
balanced,nearcomplete90,80000,24340924,0.9,qaoa_p2,2,stock_level3,11,stock_qiskit,stock Qiskit Level 3 baseline,872,872,587,302,117.95911111111184,0.0,0.08326550001220312,0.08554719999665394,0,1.815371091175098e-14,1.777810509031163e-14,51.09376560911376,51.09376560911558,False,0,nan,nan,0.0,"[3, 2, 6, 0, 1, 4, 7, 15, 10, 12, 14, 13, 9, 5, 11, 8]"
balanced,nearcomplete90,80000,24340924,0.9,qaoa_p2,2,hybrid_level3,11,qiskit_fallback,density 0.900 is above the V4 window,872,872,587,302,117.95911111111184,0.0,0.03975570001057349,0.04421870000078343,0,1.815371091175098e-14,1.777810509031163e-14,51.09376560911376,51.09376560911558,False,0,nan,nan,0.0,"[3, 2, 6, 0, 1, 4, 7, 15, 10, 12, 14, 13, 9, 5, 11, 8]"
balanced,nearcomplete90,80000,24340924,0.9,qaoa_p2,2,stock_level3,29,stock_qiskit,stock Qiskit Level 3 baseline,893,893,576,331,126.73422222222287,0.0,0.03846789999806788,0.040578200001618825,0,1.7306209786592803e-14,1.68944748049228e-14,51.09376560911376,51.09376560911548,False,0,nan,nan,0.0,"[2, 6, 1, 0, 4, 7, 15, 10, 12, 9, 3, 13, 5, 14, 8, 11]"
balanced,nearcomplete90,80000,24340924,0.9,qaoa_p2,2,hybrid_level3,29,qiskit_fallback,density 0.900 is above the V4 window,893,893,576,331,126.73422222222287,0.0,0.038400899997213855,0.04221260000485927,0,1.7306209786592803e-14,1.68944748049228e-14,51.09376560911376,51.09376560911548,False,0,nan,nan,0.0,"[2, 6, 1, 0, 4, 7, 15, 10, 12, 9, 3, 13, 5, 14, 8, 11]"
balanced,nearcomplete90,80000,24340924,0.9,qaoa_p2,2,stock_level3,47,stock_qiskit,stock Qiskit Level 3 baseline,875,875,580,330,124.74311111111177,0.0,0.040198899994720705,0.04244289999769535,0,1.7109832797389575e-14,1.6673280865508684e-14,51.09376560911376,51.093765609115465,False,0,nan,nan,0.0,"[0, 2, 6, 1, 4, 7, 15, 12, 10, 13, 9, 14, 3, 5, 11, 8]"
balanced,nearcomplete90,80000,24340924,0.9,qaoa_p2,2,hybrid_level3,47,qiskit_fallback,density 0.900 is above the V4 window,875,875,580,330,124.74311111111177,0.0,0.040314999991096556,0.0442097999912221,0,1.7109832797389575e-14,1.6673280865508684e-14,51.09376560911376,51.093765609115465,False,0,nan,nan,0.0,"[0, 2, 6, 1, 4, 7, 15, 12, 10, 13, 9, 14, 3, 5, 11, 8]"
balanced,nearcomplete90,80001,24340925,0.9,qaoa_p1,1,stock_level3,11,stock_qiskit,stock Qiskit Level 3 baseline,432,432,315,189,72.11377777777794,0.0,0.02452040000935085,0.026392500003566965,0,9.731198789351932e-15,9.376575213575518e-15,53.204590456223094,53.20459045622409,False,0,nan,nan,0.0,"[0, 2, 9, 3, 5, 8, 11, 14, 6, 4, 1, 7, 13, 15, 10, 12]"
balanced,nearcomplete90,80001,24340925,0.9,qaoa_p1,1,hybrid_level3,11,qiskit_fallback,density 0.900 is above the V4 window,432,432,315,189,72.11377777777794,0.0,0.02413620000879746,0.026880600009462796,0,9.731198789351932e-15,9.376575213575518e-15,53.204590456223094,53.20459045622409,False,0,nan,nan,0.0,"[0, 2, 9, 3, 5, 8, 11, 14, 6, 4, 1, 7, 13, 15, 10, 12]"
balanced,nearcomplete90,80001,24340925,0.9,qaoa_p1,1,stock_level3,29,stock_qiskit,stock Qiskit Level 3 baseline,404,404,319,165,63.089777777777876,0.0,0.0224476000003051,0.023954000003868714,0,1.066261636604881e-14,1.0296251345961719e-14,53.204590456223094,53.20459045622419,False,0,nan,nan,0.0,"[3, 5, 15, 9, 8, 11, 14, 13, 12, 10, 6, 7, 0, 2, 4, 1]"
balanced,nearcomplete90,80001,24340925,0.9,qaoa_p1,1,hybrid_level3,29,qiskit_fallback,density 0.900 is above the V4 window,404,404,319,165,63.089777777777876,0.0,0.0227654999907827,0.025325499998871237,0,1.066261636604881e-14,1.0296251345961719e-14,53.204590456223094,53.20459045622419,False,0,nan,nan,0.0,"[3, 5, 15, 9, 8, 11, 14, 13, 12, 10, 6, 7, 0, 2, 4, 1]"
balanced,nearcomplete90,80001,24340925,0.9,qaoa_p1,1,stock_level3,47,stock_qiskit,stock Qiskit Level 3 baseline,456,456,330,196,74.16177777777797,0.0,0.022880099990288727,0.024498800004948862,0,1.0440567238935828e-14,1.0120403971022894e-14,53.204590456223094,53.20459045622416,False,0,nan,nan,0.0,"[3, 5, 11, 9, 8, 13, 14, 15, 12, 6, 7, 10, 2, 0, 4, 1]"
balanced,nearcomplete90,80001,24340925,0.9,qaoa_p1,1,hybrid_level3,47,qiskit_fallback,density 0.900 is above the V4 window,456,456,330,196,74.16177777777797,0.0,0.021632499992847443,0.024054099994827993,0,1.0440567238935828e-14,1.0120403971022894e-14,53.204590456223094,53.20459045622416,False,0,nan,nan,0.0,"[3, 5, 11, 9, 8, 13, 14, 15, 12, 6, 7, 10, 2, 0, 4, 1]"
balanced,nearcomplete90,80001,24340925,0.9,qaoa_p2,2,stock_level3,11,stock_qiskit,stock Qiskit Level 3 baseline,839,839,589,314,118.72711111111164,0.0,0.037072499995701946,0.039135700004408136,0,2.1447727830676284e-14,2.1024266185105666e-14,53.00230426683724,53.00230426683948,False,0,nan,nan,0.0,"[0, 3, 6, 2, 1, 4, 7, 15, 12, 10, 13, 5, 8, 14, 9, 11]"
balanced,nearcomplete90,80001,24340925,0.9,qaoa_p2,2,hybrid_level3,11,qiskit_fallback,density 0.900 is above the V4 window,839,839,589,314,118.72711111111164,0.0,0.03788799999165349,0.04172379999363329,0,2.1447727830676284e-14,2.1024266185105666e-14,53.00230426683724,53.00230426683948,False,0,nan,nan,0.0,"[0, 3, 6, 2, 1, 4, 7, 15, 12, 10, 13, 5, 8, 14, 9, 11]"
balanced,nearcomplete90,80001,24340925,0.9,qaoa_p2,2,stock_level3,29,stock_qiskit,stock Qiskit Level 3 baseline,900,900,611,334,126.26488888888957,0.0,0.0403494999918621,0.042467899998882785,0,2.095102364613828e-14,2.0393008693930965e-14,53.00230426683724,53.00230426683942,False,0,nan,nan,0.0,"[0, 1, 2, 6, 4, 15, 7, 10, 13, 12, 9, 14, 5, 11, 3, 8]"
balanced,nearcomplete90,80001,24340925,0.9,qaoa_p2,2,hybrid_level3,29,qiskit_fallback,density 0.900 is above the V4 window,900,900,611,334,126.26488888888957,0.0,0.03993070000433363,0.045175000006565824,0,2.095102364613828e-14,2.0393008693930965e-14,53.00230426683724,53.00230426683942,False,0,nan,nan,0.0,"[0, 1, 2, 6, 4, 15, 7, 10, 13, 12, 9, 14, 5, 11, 3, 8]"
balanced,nearcomplete90,80001,24340925,0.9,qaoa_p2,2,stock_level3,47,stock_qiskit,stock Qiskit Level 3 baseline,877,877,551,318,120.20622222222293,0.0,0.04591489999438636,0.04982220000238158,0,2.3652454324891722e-14,2.3280349781384078e-14,53.00230426683724,53.002304266839715,False,0,nan,nan,0.0,"[2, 6, 0, 1, 4, 7, 15, 10, 13, 12, 14, 9, 5, 11, 3, 8]"
balanced,nearcomplete90,80001,24340925,0.9,qaoa_p2,2,hybrid_level3,47,qiskit_fallback,density 0.900 is above the V4 window,877,877,551,318,120.20622222222293,0.0,0.03877090000605676,0.04268729999603238,0,2.3652454324891722e-14,2.3280349781384078e-14,53.00230426683724,53.002304266839715,False,0,nan,nan,0.0,"[2, 6, 0, 1, 4, 7, 15, 10, 13, 12, 14, 9, 5, 11, 3, 8]"
balanced,nearcomplete90,80002,24340926,0.9,qaoa_p1,1,stock_level3,11,stock_qiskit,stock Qiskit Level 3 baseline,410,410,306,165,61.40444444444457,0.0,0.023225700002512895,0.024397000001044944,0,1.1651591573405271e-14,1.1373239674140875e-14,53.479847197142334,53.47984719714354,False,0,nan,nan,0.0,"[3, 6, 2, 0, 1, 4, 10, 7, 15, 12, 13, 5, 9, 14, 11, 8]"
balanced,nearcomplete90,80002,24340926,0.9,qaoa_p1,1,hybrid_level3,11,qiskit_fallback,density 0.900 is above the V4 window,410,410,306,165,61.40444444444457,0.0,0.02269470000464935,0.024817500001518056,0,1.1651591573405271e-14,1.1373239674140875e-14,53.479847197142334,53.47984719714354,False,0,nan,nan,0.0,"[3, 6, 2, 0, 1, 4, 10, 7, 15, 12, 13, 5, 9, 14, 11, 8]"
balanced,nearcomplete90,80002,24340926,0.9,qaoa_p1,1,stock_level3,29,stock_qiskit,stock Qiskit Level 3 baseline,411,411,322,175,69.5040000000001,0.0,0.023528699995949864,0.024714499988476746,0,1.227726722969697e-14,1.1917958311277183e-14,53.479847197142334,53.4798471971436,False,0,nan,nan,0.0,"[15, 12, 13, 9, 14, 11, 8, 5, 3, 0, 2, 6, 4, 1, 10, 7]"
balanced,nearcomplete90,80002,24340926,0.9,qaoa_p1,1,hybrid_level3,29,qiskit_fallback,density 0.900 is above the V4 window,411,411,322,175,69.5040000000001,0.0,0.02318099999683909,0.025279800000134856,0,1.227726722969697e-14,1.1917958311277183e-14,53.479847197142334,53.4798471971436,False,0,nan,nan,0.0,"[15, 12, 13, 9, 14, 11, 8, 5, 3, 0, 2, 6, 4, 1, 10, 7]"
balanced,nearcomplete90,80002,24340926,0.9,qaoa_p1,1,stock_level3,47,stock_qiskit,stock Qiskit Level 3 baseline,418,418,319,189,71.16088888888908,0.0,0.022196099991560914,0.026620300006470643,0,1.0459666639540708e-14,1.021160404360894e-14,53.479847197142334,53.479847197143414,False,0,nan,nan,0.0,"[9, 3, 5, 11, 8, 14, 10, 15, 13, 12, 6, 0, 7, 2, 4, 1]"
balanced,nearcomplete90,80002,24340926,0.9,qaoa_p1,1,hybrid_level3,47,qiskit_fallback,density 0.900 is above the V4 window,418,418,319,189,71.16088888888908,0.0,0.021362500003306195,0.023688899993430823,0,1.0459666639540708e-14,1.021160404360894e-14,53.479847197142334,53.479847197143414,False,0,nan,nan,0.0,"[9, 3, 5, 11, 8, 14, 10, 15, 13, 12, 6, 0, 7, 2, 4, 1]"
balanced,nearcomplete90,80002,24340926,0.9,qaoa_p2,2,stock_level3,11,stock_qiskit,stock Qiskit Level 3 baseline,915,915,593,323,129.50755555555614,0.0,0.05386939999880269,0.05771269999968354,0,1.745504234822802e-14,1.7169056775949622e-14,53.408178682319054,53.40817868232088,False,0,nan,nan,0.0,"[9, 5, 8, 14, 11, 15, 6, 13, 12, 10, 7, 3, 0, 2, 4, 1]"
balanced,nearcomplete90,80002,24340926,0.9,qaoa_p2,2,hybrid_level3,11,qiskit_fallback,density 0.900 is above the V4 window,915,915,593,323,129.50755555555614,0.0,0.03852639999240637,0.04236430001037661,0,1.745504234822802e-14,1.7169056775949622e-14,53.408178682319054,53.40817868232088,False,0,nan,nan,0.0,"[9, 5, 8, 14, 11, 15, 6, 13, 12, 10, 7, 3, 0, 2, 4, 1]"
balanced,nearcomplete90,80002,24340926,0.9,qaoa_p2,2,stock_level3,29,stock_qiskit,stock Qiskit Level 3 baseline,921,921,601,338,125.76000000000064,0.0,0.03767019999213517,0.03975880000507459,0,1.5624474152712272e-14,1.524361742052498e-14,53.408178682319054,53.40817868232067,False,0,nan,nan,0.0,"[9, 3, 5, 8, 15, 13, 11, 14, 12, 0, 2, 6, 1, 10, 4, 7]"
balanced,nearcomplete90,80002,24340926,0.9,qaoa_p2,2,hybrid_level3,29,qiskit_fallback,density 0.900 is above the V4 window,921,921,601,338,125.76000000000064,0.0,0.03880580000986811,0.04282940000121016,0,1.5624474152712272e-14,1.524361742052498e-14,53.408178682319054,53.40817868232067,False,0,nan,nan,0.0,"[9, 3, 5, 8, 15, 13, 11, 14, 12, 0, 2, 6, 1, 10, 4, 7]"
balanced,nearcomplete90,80002,24340926,0.9,qaoa_p2,2,stock_level3,47,stock_qiskit,stock Qiskit Level 3 baseline,895,895,615,338,132.6506666666672,0.0,0.041727200004970655,0.04410260000440758,0,1.727752656559649e-14,1.69682386197621e-14,53.408178682319054,53.40817868232086,False,0,nan,nan,0.0,"[9, 5, 8, 14, 11, 13, 12, 15, 10, 6, 4, 0, 7, 3, 1, 2]"
balanced,nearcomplete90,80002,24340926,0.9,qaoa_p2,2,hybrid_level3,47,qiskit_fallback,density 0.900 is above the V4 window,895,895,615,338,132.6506666666672,0.0,0.041763500004890375,0.04573270000400953,0,1.727752656559649e-14,1.69682386197621e-14,53.408178682319054,53.40817868232086,False,0,nan,nan,0.0,"[9, 5, 8, 14, 11, 13, 12, 15, 10, 6, 4, 0, 7, 3, 1, 2]"
balanced,nearcomplete90,80003,24340927,0.9,qaoa_p1,1,stock_level3,11,stock_qiskit,stock Qiskit Level 3 baseline,412,412,326,184,70.17955555555575,0.0,0.023901000007754192,0.02507480001077056,0,1.1328128978294339e-14,1.1030651743380658e-14,53.94991979951892,53.949919799520124,False,0,nan,nan,0.0,"[3, 9, 5, 11, 8, 15, 14, 13, 6, 12, 10, 7, 0, 4, 2, 1]"
balanced,nearcomplete90,80003,24340927,0.9,qaoa_p1,1,hybrid_level3,11,qiskit_fallback,density 0.900 is above the V4 window,412,412,326,184,70.17955555555575,0.0,0.022713099999236874,0.0247730999981286,0,1.1328128978294339e-14,1.1030651743380658e-14,53.94991979951892,53.949919799520124,False,0,nan,nan,0.0,"[3, 9, 5, 11, 8, 15, 14, 13, 6, 12, 10, 7, 0, 4, 2, 1]"
balanced,nearcomplete90,80003,24340927,0.9,qaoa_p1,1,stock_level3,29,stock_qiskit,stock Qiskit Level 3 baseline,422,422,327,179,67.40622222222238,0.0,0.021699000004446134,0.023134299990488216,0,1.0254958648806194e-14,9.963460603885214e-15,53.94991979951892,53.949919799519996,False,0,nan,nan,0.0,"[9, 11, 8, 3, 5, 6, 2, 0, 1, 4, 7, 14, 13, 10, 15, 12]"
balanced,nearcomplete90,80003,24340927,0.9,qaoa_p1,1,hybrid_level3,29,qiskit_fallback,density 0.900 is above the V4 window,422,422,327,179,67.40622222222238,0.0,0.021670100002666004,0.024184199995943345,0,1.0254958648806194e-14,9.963460603885214e-15,53.94991979951892,53.949919799519996,False,0,nan,nan,0.0,"[9, 11, 8, 3, 5, 6, 2, 0, 1, 4, 7, 14, 13, 10, 15, 12]"
balanced,nearcomplete90,80003,24340927,0.9,qaoa_p1,1,stock_level3,47,stock_qiskit,stock Qiskit Level 3 baseline,419,419,286,168,66.95822222222242,0.0,0.02138619999459479,0.022565799998119473,0,8.704610687974055e-15,8.39435845284944e-15,53.94991979951892,53.94991979951984,False,0,nan,nan,0.0,"[9, 8, 11, 6, 5, 0, 3, 2, 1, 4, 7, 10, 15, 14, 12, 13]"
balanced,nearcomplete90,80003,24340927,0.9,qaoa_p1,1,hybrid_level3,47,qiskit_fallback,density 0.900 is above the V4 window,419,419,286,168,66.95822222222242,0.0,0.021646699999109842,0.023745300000882708,0,8.704610687974055e-15,8.39435845284944e-15,53.94991979951892,53.94991979951984,False,0,nan,nan,0.0,"[9, 8, 11, 6, 5, 0, 3, 2, 1, 4, 7, 10, 15, 14, 12, 13]"
balanced,nearcomplete90,80003,24340927,0.9,qaoa_p2,2,stock_level3,11,stock_qiskit,stock Qiskit Level 3 baseline,892,892,589,334,127.48088888888944,0.0,0.037916400004178286,0.04008799999428447,0,1.6828952106118312e-14,1.6357462677886536e-14,51.62896536182458,51.62896536182628,False,0,nan,nan,0.0,"[3, 9, 5, 8, 11, 14, 15, 12, 13, 10, 6, 2, 0, 7, 1, 4]"
balanced,nearcomplete90,80003,24340927,0.9,qaoa_p2,2,hybrid_level3,11,qiskit_fallback,density 0.900 is above the V4 window,892,892,589,334,127.48088888888944,0.0,0.03758630000811536,0.04142479998699855,0,1.6828952106118312e-14,1.6357462677886536e-14,51.62896536182458,51.62896536182628,False,0,nan,nan,0.0,"[3, 9, 5, 8, 11, 14, 15, 12, 13, 10, 6, 2, 0, 7, 1, 4]"
balanced,nearcomplete90,80003,24340927,0.9,qaoa_p2,2,stock_level3,29,stock_qiskit,stock Qiskit Level 3 baseline,904,904,545,306,123.55555555555614,0.0,0.043624400001135655,0.045932499997434206,0,1.7673239198167356e-14,1.6942530286209554e-14,51.62896536182458,51.628965361826346,False,0,nan,nan,0.0,"[15, 13, 14, 12, 9, 11, 8, 5, 3, 0, 2, 4, 1, 6, 10, 7]"
balanced,nearcomplete90,80003,24340927,0.9,qaoa_p2,2,hybrid_level3,29,qiskit_fallback,density 0.900 is above the V4 window,904,904,545,306,123.55555555555614,0.0,0.03821280000556726,0.042080500003066845,0,1.7673239198167356e-14,1.6942530286209554e-14,51.62896536182458,51.628965361826346,False,0,nan,nan,0.0,"[15, 13, 14, 12, 9, 11, 8, 5, 3, 0, 2, 4, 1, 6, 10, 7]"
balanced,nearcomplete90,80003,24340927,0.9,qaoa_p2,2,stock_level3,47,stock_qiskit,stock Qiskit Level 3 baseline,866,866,558,298,111.4595555555561,0.0,0.03933159999724012,0.04156910000892822,0,1.9528065950251655e-14,1.9079885959874812e-14,51.62896536182458,51.62896536182656,False,0,nan,nan,0.0,"[3, 9, 5, 11, 8, 15, 14, 13, 12, 10, 6, 7, 0, 2, 4, 1]"
balanced,nearcomplete90,80003,24340927,0.9,qaoa_p2,2,hybrid_level3,47,qiskit_fallback,density 0.900 is above the V4 window,866,866,558,298,111.4595555555561,0.0,0.03954800000065006,0.04369060001045,0,1.9528065950251655e-14,1.9079885959874812e-14,51.62896536182458,51.62896536182656,False,0,nan,nan,0.0,"[3, 9, 5, 11, 8, 15, 14, 13, 12, 10, 6, 7, 0, 2, 4, 1]"
balanced,nearcomplete90,80004,24340928,0.9,qaoa_p1,1,stock_level3,11,stock_qiskit,stock Qiskit Level 3 baseline,425,425,308,173,63.416888888889,0.0,0.02336500000092201,0.024537999997846782,0,1.1781575898489245e-14,1.1376440451291832e-14,44.208360293878926,44.20836029387994,False,0,nan,nan,0.0,"[6, 0, 2, 4, 1, 15, 7, 10, 12, 13, 14, 9, 5, 11, 3, 8]"
balanced,nearcomplete90,80004,24340928,0.9,qaoa_p1,1,hybrid_level3,11,qiskit_fallback,density 0.900 is above the V4 window,425,425,308,173,63.416888888889,0.0,0.0228167999885045,0.02498109999578446,0,1.1781575898489245e-14,1.1376440451291832e-14,44.208360293878926,44.20836029387994,False,0,nan,nan,0.0,"[6, 0, 2, 4, 1, 15, 7, 10, 12, 13, 14, 9, 5, 11, 3, 8]"
balanced,nearcomplete90,80004,24340928,0.9,qaoa_p1,1,stock_level3,29,stock_qiskit,stock Qiskit Level 3 baseline,434,434,327,190,70.93333333333354,0.0,0.024815299999318086,0.02663310000207275,0,1.0791485732321851e-14,1.0434718621080271e-14,44.208360293878926,44.208360293879856,False,0,nan,nan,0.0,"[3, 9, 8, 5, 11, 15, 14, 13, 12, 10, 7, 6, 0, 4, 2, 1]"
balanced,nearcomplete90,80004,24340928,0.9,qaoa_p1,1,hybrid_level3,29,qiskit_fallback,density 0.900 is above the V4 window,434,434,327,190,70.93333333333354,0.0,0.022387800010619685,0.02487160000600852,0,1.0791485732321851e-14,1.0434718621080271e-14,44.208360293878926,44.208360293879856,False,0,nan,nan,0.0,"[3, 9, 8, 5, 11, 15, 14, 13, 12, 10, 7, 6, 0, 4, 2, 1]"
balanced,nearcomplete90,80004,24340928,0.9,qaoa_p1,1,stock_level3,47,stock_qiskit,stock Qiskit Level 3 baseline,417,417,316,165,63.90755555555572,0.0,0.025826999990385957,0.02706979999493342,0,1.1080483416399516e-14,1.0523108667343873e-14,44.208360293878926,44.20836029387986,False,0,nan,nan,0.0,"[9, 8, 5, 0, 3, 6, 2, 1, 4, 7, 12, 15, 10, 14, 11, 13]"
balanced,nearcomplete90,80004,24340928,0.9,qaoa_p1,1,hybrid_level3,47,qiskit_fallback,density 0.900 is above the V4 window,417,417,316,165,63.90755555555572,0.0,0.02732090000063181,0.030059099997743033,0,1.1080483416399516e-14,1.0523108667343873e-14,44.208360293878926,44.20836029387986,False,0,nan,nan,0.0,"[9, 8, 5, 0, 3, 6, 2, 1, 4, 7, 12, 15, 10, 14, 11, 13]"
balanced,nearcomplete90,80004,24340928,0.9,qaoa_p2,2,stock_level3,11,stock_qiskit,stock Qiskit Level 3 baseline,914,914,603,362,135.7226666666673,0.0,0.038112900001578964,0.040253900006064214,0,1.8064935719250966e-14,1.7386547719445903e-14,54.051292019680076,54.05129201968194,False,0,nan,nan,0.0,"[0, 2, 1, 6, 4, 15, 12, 7, 10, 13, 14, 3, 9, 5, 11, 8]"
balanced,nearcomplete90,80004,24340928,0.9,qaoa_p2,2,hybrid_level3,11,qiskit_fallback,density 0.900 is above the V4 window,914,914,603,362,135.7226666666673,0.0,0.04245759999321308,0.04685899999458343,0,1.8064935719250966e-14,1.7386547719445903e-14,54.051292019680076,54.05129201968194,False,0,nan,nan,0.0,"[0, 2, 1, 6, 4, 15, 12, 7, 10, 13, 14, 3, 9, 5, 11, 8]"
balanced,nearcomplete90,80004,24340928,0.9,qaoa_p2,2,stock_level3,29,stock_qiskit,stock Qiskit Level 3 baseline,900,900,547,308,117.87377777777836,0.0,0.04202439999789931,0.04463410000607837,0,1.8395310574082995e-14,1.8002475404932313e-14,54.051292019680076,54.05129201968201,False,0,nan,nan,0.0,"[8, 9, 5, 14, 11, 13, 15, 12, 6, 10, 7, 0, 2, 4, 3, 1]"
balanced,nearcomplete90,80004,24340928,0.9,qaoa_p2,2,hybrid_level3,29,qiskit_fallback,density 0.900 is above the V4 window,900,900,547,308,117.87377777777836,0.0,0.04155009999522008,0.04598009999608621,0,1.8395310574082995e-14,1.8002475404932313e-14,54.051292019680076,54.05129201968201,False,0,nan,nan,0.0,"[8, 9, 5, 14, 11, 13, 15, 12, 6, 10, 7, 0, 2, 4, 3, 1]"
balanced,nearcomplete90,80004,24340928,0.9,qaoa_p2,2,stock_level3,47,stock_qiskit,stock Qiskit Level 3 baseline,850,850,551,298,112.32000000000068,0.0,0.03838570001244079,0.04062710001016967,0,1.8801974415050883e-14,1.818008291278457e-14,54.051292019680076,54.05129201968202,False,0,nan,nan,0.0,"[0, 2, 1, 6, 7, 4, 15, 10, 12, 13, 14, 8, 9, 3, 11, 5]"
balanced,nearcomplete90,80004,24340928,0.9,qaoa_p2,2,hybrid_level3,47,qiskit_fallback,density 0.900 is above the V4 window,850,850,551,298,112.32000000000068,0.0,0.043953100001090206,0.048262399999657646,0,1.8801974415050883e-14,1.818008291278457e-14,54.051292019680076,54.05129201968202,False,0,nan,nan,0.0,"[0, 2, 1, 6, 7, 4, 15, 10, 12, 13, 14, 8, 9, 3, 11, 5]"
balanced,nearcomplete90,80005,24340929,0.9,qaoa_p1,1,stock_level3,11,stock_qiskit,stock Qiskit Level 3 baseline,425,425,358,221,82.58133333333356,0.0,0.022098400004324503,0.023814499989384785,0,8.729722809296763e-15,8.485210364908868e-15,53.92484416491658,53.9248441649175,False,0,nan,nan,0.0,"[9, 3, 5, 8, 15, 11, 14, 13, 6, 10, 12, 2, 0, 7, 1, 4]"
balanced,nearcomplete90,80005,24340929,0.9,qaoa_p1,1,hybrid_level3,11,qiskit_fallback,density 0.900 is above the V4 window,425,425,358,221,82.58133333333356,0.0,0.021268099997541867,0.023648999995202757,0,8.729722809296763e-15,8.485210364908868e-15,53.92484416491658,53.9248441649175,False,0,nan,nan,0.0,"[9, 3, 5, 8, 15, 11, 14, 13, 6, 10, 12, 2, 0, 7, 1, 4]"
balanced,nearcomplete90,80005,24340929,0.9,qaoa_p1,1,stock_level3,29,stock_qiskit,stock Qiskit Level 3 baseline,421,421,333,179,69.63911111111129,0.0,0.023184799996670336,0.02436860000307206,0,1.0385572905083028e-14,1.015189595579342e-14,53.92484416491658,53.92484416491768,False,0,nan,nan,0.0,"[11, 9, 8, 5, 0, 3, 2, 1, 6, 4, 7, 10, 15, 14, 12, 13]"
balanced,nearcomplete90,80005,24340929,0.9,qaoa_p1,1,hybrid_level3,29,qiskit_fallback,density 0.900 is above the V4 window,421,421,333,179,69.63911111111129,0.0,0.023010899996734224,0.025093200005358085,0,1.0385572905083028e-14,1.015189595579342e-14,53.92484416491658,53.92484416491768,False,0,nan,nan,0.0,"[11, 9, 8, 5, 0, 3, 2, 1, 6, 4, 7, 10, 15, 14, 12, 13]"
balanced,nearcomplete90,80005,24340929,0.9,qaoa_p1,1,stock_level3,47,stock_qiskit,stock Qiskit Level 3 baseline,406,406,315,169,66.70933333333352,0.0,0.022705199997290038,0.02389460000267718,0,9.614823430070692e-15,9.366263512023827e-15,53.92484416491658,53.924844164917594,False,0,nan,nan,0.0,"[6, 4, 1, 0, 9, 2, 5, 3, 8, 7, 15, 12, 10, 11, 13, 14]"
balanced,nearcomplete90,80005,24340929,0.9,qaoa_p1,1,hybrid_level3,47,qiskit_fallback,density 0.900 is above the V4 window,406,406,315,169,66.70933333333352,0.0,0.02360880000924226,0.026157300002523698,0,9.614823430070692e-15,9.366263512023827e-15,53.92484416491658,53.924844164917594,False,0,nan,nan,0.0,"[6, 4, 1, 0, 9, 2, 5, 3, 8, 7, 15, 12, 10, 11, 13, 14]"
balanced,nearcomplete90,80005,24340929,0.9,qaoa_p2,2,stock_level3,11,stock_qiskit,stock Qiskit Level 3 baseline,914,914,602,344,130.32533333333396,0.0,0.03946369999903254,0.041577399999368936,0,2.2891045398264423e-14,2.247750859408576e-14,53.52395705279664,53.52395705279904,False,0,nan,nan,0.0,"[0, 2, 1, 6, 15, 4, 7, 10, 12, 13, 11, 14, 3, 9, 5, 8]"
balanced,nearcomplete90,80005,24340929,0.9,qaoa_p2,2,hybrid_level3,11,qiskit_fallback,density 0.900 is above the V4 window,914,914,602,344,130.32533333333396,0.0,0.04173899999295827,0.045637899995199405,0,2.2891045398264423e-14,2.247750859408576e-14,53.52395705279664,53.52395705279904,False,0,nan,nan,0.0,"[0, 2, 1, 6, 15, 4, 7, 10, 12, 13, 11, 14, 3, 9, 5, 8]"
balanced,nearcomplete90,80005,24340929,0.9,qaoa_p2,2,stock_level3,29,stock_qiskit,stock Qiskit Level 3 baseline,922,922,573,354,132.97777777777833,0.0,0.037225499996566214,0.039310000007390045,0,1.904130528957182e-14,1.8668965303693716e-14,53.52395705279664,53.523957052798636,False,0,nan,nan,0.0,"[3, 9, 5, 8, 15, 11, 14, 13, 6, 12, 10, 4, 7, 2, 0, 1]"
balanced,nearcomplete90,80005,24340929,0.9,qaoa_p2,2,hybrid_level3,29,qiskit_fallback,density 0.900 is above the V4 window,922,922,573,354,132.97777777777833,0.0,0.03709160001017153,0.0410052000079304,0,1.904130528957182e-14,1.8668965303693716e-14,53.52395705279664,53.523957052798636,False,0,nan,nan,0.0,"[3, 9, 5, 8, 15, 11, 14, 13, 6, 12, 10, 4, 7, 2, 0, 1]"
balanced,nearcomplete90,80005,24340929,0.9,qaoa_p2,2,stock_level3,47,stock_qiskit,stock Qiskit Level 3 baseline,880,880,531,283,106.68800000000053,0.0,0.05362619999505114,0.0605438999918988,0,2.1664958410717644e-14,2.125666535484096e-14,53.52395705279664,53.52395705279891,False,0,nan,nan,0.0,"[1, 2, 0, 4, 6, 7, 10, 15, 9, 12, 13, 14, 11, 3, 8, 5]"
balanced,nearcomplete90,80005,24340929,0.9,qaoa_p2,2,hybrid_level3,47,qiskit_fallback,density 0.900 is above the V4 window,880,880,531,283,106.68800000000053,0.0,0.03880220001155976,0.042842900002142414,0,2.1664958410717644e-14,2.125666535484096e-14,53.52395705279664,53.52395705279891,False,0,nan,nan,0.0,"[1, 2, 0, 4, 6, 7, 10, 15, 9, 12, 13, 14, 11, 3, 8, 5]"
balanced,nearcomplete90,80006,24340930,0.9,qaoa_p1,1,stock_level3,11,stock_qiskit,stock Qiskit Level 3 baseline,445,445,316,180,67.5555555555558,0.0,0.02349960000719875,0.02541559998644516,0,1.1314558009603972e-14,1.1033203751700725e-14,54.19356683726825,54.19356683726945,False,0,nan,nan,0.0,"[2, 1, 0, 4, 15, 12, 6, 10, 7, 13, 3, 5, 14, 9, 11, 8]"
balanced,nearcomplete90,80006,24340930,0.9,qaoa_p1,1,hybrid_level3,11,qiskit_fallback,density 0.900 is above the V4 window,445,445,316,180,67.5555555555558,0.0,0.021517799992579967,0.023846100011724047,0,1.1314558009603972e-14,1.1033203751700725e-14,54.19356683726825,54.19356683726945,False,0,nan,nan,0.0,"[2, 1, 0, 4, 15, 12, 6, 10, 7, 13, 3, 5, 14, 9, 11, 8]"
balanced,nearcomplete90,80006,24340930,0.9,qaoa_p1,1,stock_level3,29,stock_qiskit,stock Qiskit Level 3 baseline,415,415,309,170,64.61866666666684,0.0,0.02271449999534525,0.02389759999641683,0,1.354097594435562e-14,1.300630745525168e-14,54.19356683726825,54.19356683726968,False,0,nan,nan,0.0,"[8, 9, 0, 5, 2, 3, 1, 6, 4, 11, 7, 14, 10, 13, 15, 12]"
balanced,nearcomplete90,80006,24340930,0.9,qaoa_p1,1,hybrid_level3,29,qiskit_fallback,density 0.900 is above the V4 window,415,415,309,170,64.61866666666684,0.0,0.03830939999897964,0.04067420000501443,0,1.354097594435562e-14,1.300630745525168e-14,54.19356683726825,54.19356683726968,False,0,nan,nan,0.0,"[8, 9, 0, 5, 2, 3, 1, 6, 4, 11, 7, 14, 10, 13, 15, 12]"
balanced,nearcomplete90,80006,24340930,0.9,qaoa_p1,1,stock_level3,47,stock_qiskit,stock Qiskit Level 3 baseline,421,421,320,199,80.12088888888908,0.0,0.022068300007958896,0.023210400002426468,0,1.1855940648503428e-14,1.1455110121987853e-14,54.19356683726825,54.1935668372695,False,0,nan,nan,0.0,"[15, 12, 13, 9, 14, 11, 8, 5, 3, 2, 0, 10, 6, 1, 7, 4]"
balanced,nearcomplete90,80006,24340930,0.9,qaoa_p1,1,hybrid_level3,47,qiskit_fallback,density 0.900 is above the V4 window,421,421,320,199,80.12088888888908,0.0,0.022576500006834976,0.02471749999676831,0,1.1855940648503428e-14,1.1455110121987853e-14,54.19356683726825,54.1935668372695,False,0,nan,nan,0.0,"[15, 12, 13, 9, 14, 11, 8, 5, 3, 2, 0, 10, 6, 1, 7, 4]"
balanced,nearcomplete90,80006,24340930,0.9,qaoa_p2,2,stock_level3,11,stock_qiskit,stock Qiskit Level 3 baseline,899,899,551,325,122.01244444444502,0.0,0.04008780000731349,0.042337499995483086,0,1.7303175219891676e-14,1.6697222467243377e-14,53.91266743747157,53.91266743747335,False,0,nan,nan,0.0,"[3, 9, 5, 8, 11, 14, 13, 15, 12, 6, 10, 4, 7, 2, 0, 1]"
balanced,nearcomplete90,80006,24340930,0.9,qaoa_p2,2,hybrid_level3,11,qiskit_fallback,density 0.900 is above the V4 window,899,899,551,325,122.01244444444502,0.0,0.039199000006192364,0.04312750000099186,0,1.7303175219891676e-14,1.6697222467243377e-14,53.91266743747157,53.91266743747335,False,0,nan,nan,0.0,"[3, 9, 5, 8, 11, 14, 13, 15, 12, 6, 10, 4, 7, 2, 0, 1]"
balanced,nearcomplete90,80006,24340930,0.9,qaoa_p2,2,stock_level3,29,stock_qiskit,stock Qiskit Level 3 baseline,936,936,589,339,127.92177777777843,0.0,0.03762869999627583,0.039732800010824576,0,1.8431599681559117e-14,1.8101871514520166e-14,53.91266743747157,53.912667437473516,False,0,nan,nan,0.0,"[0, 2, 1, 4, 6, 7, 14, 15, 12, 11, 10, 13, 9, 3, 8, 5]"
balanced,nearcomplete90,80006,24340930,0.9,qaoa_p2,2,hybrid_level3,29,qiskit_fallback,density 0.900 is above the V4 window,936,936,589,339,127.92177777777843,0.0,0.0373468000034336,0.041284400009317324,0,1.8431599681559117e-14,1.8101871514520166e-14,53.91266743747157,53.912667437473516,False,0,nan,nan,0.0,"[0, 2, 1, 4, 6, 7, 14, 15, 12, 11, 10, 13, 9, 3, 8, 5]"
balanced,nearcomplete90,80006,24340930,0.9,qaoa_p2,2,stock_level3,47,stock_qiskit,stock Qiskit Level 3 baseline,889,889,546,308,116.34488888888934,0.0,0.0397992000071099,0.041902899989509024,0,1.9593052352165035e-14,1.9327913844580153e-14,53.91266743747157,53.91266743747365,False,0,nan,nan,0.0,"[3, 0, 2, 4, 1, 6, 7, 15, 10, 9, 13, 12, 5, 8, 14, 11]"
balanced,nearcomplete90,80006,24340930,0.9,qaoa_p2,2,hybrid_level3,47,qiskit_fallback,density 0.900 is above the V4 window,889,889,546,308,116.34488888888934,0.0,0.039720399989164434,0.04370259999996051,0,1.9593052352165035e-14,1.9327913844580153e-14,53.91266743747157,53.91266743747365,False,0,nan,nan,0.0,"[3, 0, 2, 4, 1, 6, 7, 15, 10, 9, 13, 12, 5, 8, 14, 11]"
balanced,nearcomplete90,80007,24340931,0.9,qaoa_p1,1,stock_level3,11,stock_qiskit,stock Qiskit Level 3 baseline,390,390,300,146,54.59911111111123,0.0,0.02625860000262037,0.027513399996678345,0,1.3454263173086842e-14,1.3042227042899616e-14,54.114795223935396,54.114795223936824,False,0,nan,nan,0.0,"[3, 6, 0, 2, 1, 4, 7, 15, 10, 12, 13, 14, 8, 9, 5, 11]"
balanced,nearcomplete90,80007,24340931,0.9,qaoa_p1,1,hybrid_level3,11,qiskit_fallback,density 0.900 is above the V4 window,390,390,300,146,54.59911111111123,0.0,0.025042000008397736,0.027247100006206892,0,1.3454263173086842e-14,1.3042227042899616e-14,54.114795223935396,54.114795223936824,False,0,nan,nan,0.0,"[3, 6, 0, 2, 1, 4, 7, 15, 10, 12, 13, 14, 8, 9, 5, 11]"
balanced,nearcomplete90,80007,24340931,0.9,qaoa_p1,1,stock_level3,29,stock_qiskit,stock Qiskit Level 3 baseline,410,410,313,173,68.30933333333341,0.0,0.028936099988641217,0.030564200002118014,0,1.2767966148943056e-14,1.2438978250269003e-14,54.114795223935396,54.11479522393674,False,0,nan,nan,0.0,"[15, 9, 12, 13, 14, 11, 8, 5, 6, 3, 2, 10, 4, 0, 1, 7]"
balanced,nearcomplete90,80007,24340931,0.9,qaoa_p1,1,hybrid_level3,29,qiskit_fallback,density 0.900 is above the V4 window,410,410,313,173,68.30933333333341,0.0,0.02498600000399165,0.0270788000052562,0,1.2767966148943056e-14,1.2438978250269003e-14,54.114795223935396,54.11479522393674,False,0,nan,nan,0.0,"[15, 9, 12, 13, 14, 11, 8, 5, 6, 3, 2, 10, 4, 0, 1, 7]"
balanced,nearcomplete90,80007,24340931,0.9,qaoa_p1,1,stock_level3,47,stock_qiskit,stock Qiskit Level 3 baseline,418,418,333,201,77.18400000000022,0.0,0.025517200003378093,0.026791500000399537,0,1.388973009858063e-14,1.3472043057151126e-14,54.114795223935396,54.114795223936866,False,0,nan,nan,0.0,"[0, 9, 2, 3, 5, 8, 11, 14, 15, 13, 12, 6, 4, 10, 1, 7]"
balanced,nearcomplete90,80007,24340931,0.9,qaoa_p1,1,hybrid_level3,47,qiskit_fallback,density 0.900 is above the V4 window,418,418,333,201,77.18400000000022,0.0,0.02319619999616407,0.025496500005829148,0,1.388973009858063e-14,1.3472043057151126e-14,54.114795223935396,54.114795223936866,False,0,nan,nan,0.0,"[0, 9, 2, 3, 5, 8, 11, 14, 15, 13, 12, 6, 4, 10, 1, 7]"
balanced,nearcomplete90,80007,24340931,0.9,qaoa_p2,2,stock_level3,11,stock_qiskit,stock Qiskit Level 3 baseline,894,894,587,331,122.88711111111168,0.0,0.04623530000390019,0.048486900006537326,0,2.1083006329198675e-14,2.0799631274742375e-14,48.6699830413671,48.66998304136912,False,0,nan,nan,0.0,"[9, 3, 5, 8, 11, 14, 0, 13, 2, 15, 12, 10, 4, 6, 7, 1]"
balanced,nearcomplete90,80007,24340931,0.9,qaoa_p2,2,hybrid_level3,11,qiskit_fallback,density 0.900 is above the V4 window,894,894,587,331,122.88711111111168,0.0,0.041248499997891486,0.04532180000387598,0,2.1083006329198675e-14,2.0799631274742375e-14,48.6699830413671,48.66998304136912,False,0,nan,nan,0.0,"[9, 3, 5, 8, 11, 14, 0, 13, 2, 15, 12, 10, 4, 6, 7, 1]"
balanced,nearcomplete90,80007,24340931,0.9,qaoa_p2,2,stock_level3,29,stock_qiskit,stock Qiskit Level 3 baseline,930,930,581,337,125.1200000000006,0.0,0.08627889999479521,0.08849029999691993,0,1.960059538880831e-14,1.934994928820935e-14,48.6699830413671,48.66998304136899,False,0,nan,nan,0.0,"[2, 0, 1, 6, 7, 4, 15, 10, 12, 13, 14, 9, 5, 11, 3, 8]"
balanced,nearcomplete90,80007,24340931,0.9,qaoa_p2,2,hybrid_level3,29,qiskit_fallback,density 0.900 is above the V4 window,930,930,581,337,125.1200000000006,0.0,0.036985099999583326,0.04082880000350997,0,1.960059538880831e-14,1.934994928820935e-14,48.6699830413671,48.66998304136899,False,0,nan,nan,0.0,"[2, 0, 1, 6, 7, 4, 15, 10, 12, 13, 14, 9, 5, 11, 3, 8]"
balanced,nearcomplete90,80007,24340931,0.9,qaoa_p2,2,stock_level3,47,stock_qiskit,stock Qiskit Level 3 baseline,864,864,570,297,109.0560000000005,0.0,0.03953199999523349,0.041710899997269735,0,2.6322196812190827e-14,2.6094555347329814e-14,48.6699830413671,48.66998304136964,False,0,nan,nan,0.0,"[2, 0, 6, 1, 4, 7, 10, 15, 12, 9, 3, 11, 5, 13, 14, 8]"
balanced,nearcomplete90,80007,24340931,0.9,qaoa_p2,2,hybrid_level3,47,qiskit_fallback,density 0.900 is above the V4 window,864,864,570,297,109.0560000000005,0.0,0.038608400005614385,0.04251020000083372,0,2.6322196812190827e-14,2.6094555347329814e-14,48.6699830413671,48.66998304136964,False,0,nan,nan,0.0,"[2, 0, 6, 1, 4, 7, 10, 15, 12, 9, 3, 11, 5, 13, 14, 8]"
balanced,nearcomplete90,80008,24340932,0.9,qaoa_p1,1,stock_level3,11,stock_qiskit,stock Qiskit Level 3 baseline,389,389,294,148,56.86755555555568,0.0,0.02448700000240933,0.025685500004328787,0,1.711304005083598e-14,1.688972725060071e-14,52.22823918996016,52.228239189961926,False,0,nan,nan,0.0,"[6, 0, 7, 4, 1, 2, 3, 9, 5, 8, 11, 15, 10, 14, 12, 13]"
balanced,nearcomplete90,80008,24340932,0.9,qaoa_p1,1,hybrid_level3,11,qiskit_fallback,density 0.900 is above the V4 window,389,389,294,148,56.86755555555568,0.0,0.023320099993725307,0.025618200001190417,0,1.711304005083598e-14,1.688972725060071e-14,52.22823918996016,52.228239189961926,False,0,nan,nan,0.0,"[6, 0, 7, 4, 1, 2, 3, 9, 5, 8, 11, 15, 10, 14, 12, 13]"
balanced,nearcomplete90,80008,24340932,0.9,qaoa_p1,1,stock_level3,29,stock_qiskit,stock Qiskit Level 3 baseline,412,412,324,182,68.87111111111128,0.0,0.0282298000092851,0.02956189999531489,0,1.5982197527168638e-14,1.577599611143189e-14,52.22823918996016,52.228239189961805,False,0,nan,nan,0.0,"[2, 9, 3, 5, 8, 14, 11, 15, 12, 13, 6, 0, 10, 1, 7, 4]"
balanced,nearcomplete90,80008,24340932,0.9,qaoa_p1,1,hybrid_level3,29,qiskit_fallback,density 0.900 is above the V4 window,412,412,324,182,68.87111111111128,0.0,0.02390499999455642,0.026175399994826876,0,1.5982197527168638e-14,1.577599611143189e-14,52.22823918996016,52.228239189961805,False,0,nan,nan,0.0,"[2, 9, 3, 5, 8, 14, 11, 15, 12, 13, 6, 0, 10, 1, 7, 4]"
balanced,nearcomplete90,80008,24340932,0.9,qaoa_p1,1,stock_level3,47,stock_qiskit,stock Qiskit Level 3 baseline,410,410,301,149,60.849777777777824,0.0,0.022573299997020513,0.023735900002066046,0,1.5574687007821798e-14,1.539590785060173e-14,52.22823918996016,52.22823918996176,False,0,nan,nan,0.0,"[15, 12, 13, 11, 14, 9, 8, 0, 5, 3, 2, 4, 6, 1, 10, 7]"
balanced,nearcomplete90,80008,24340932,0.9,qaoa_p1,1,hybrid_level3,47,qiskit_fallback,density 0.900 is above the V4 window,410,410,301,149,60.849777777777824,0.0,0.022312499990221113,0.02440369999385439,0,1.5574687007821798e-14,1.539590785060173e-14,52.22823918996016,52.22823918996176,False,0,nan,nan,0.0,"[15, 12, 13, 11, 14, 9, 8, 0, 5, 3, 2, 4, 6, 1, 10, 7]"
balanced,nearcomplete90,80008,24340932,0.9,qaoa_p2,2,stock_level3,11,stock_qiskit,stock Qiskit Level 3 baseline,905,905,593,314,119.46666666666722,0.0,0.03926560000400059,0.041758899998967536,0,2.010297234547343e-14,1.9748024305306683e-14,53.399566689631605,53.39956668963371,False,0,nan,nan,0.0,"[1, 0, 4, 6, 10, 7, 15, 2, 8, 5, 3, 9, 12, 11, 13, 14]"
balanced,nearcomplete90,80008,24340932,0.9,qaoa_p2,2,hybrid_level3,11,qiskit_fallback,density 0.900 is above the V4 window,905,905,593,314,119.46666666666722,0.0,0.038412900001276284,0.04236399999354035,0,2.010297234547343e-14,1.9748024305306683e-14,53.399566689631605,53.39956668963371,False,0,nan,nan,0.0,"[1, 0, 4, 6, 10, 7, 15, 2, 8, 5, 3, 9, 12, 11, 13, 14]"
balanced,nearcomplete90,80008,24340932,0.9,qaoa_p2,2,stock_level3,29,stock_qiskit,stock Qiskit Level 3 baseline,882,882,558,308,116.72177777777823,0.0,0.03880389999540057,0.04094489999988582,0,1.9914469028370847e-14,1.954280772839828e-14,53.399566689631605,53.39956668963367,False,0,nan,nan,0.0,"[9, 3, 5, 8, 11, 15, 14, 6, 13, 10, 12, 0, 2, 7, 1, 4]"
balanced,nearcomplete90,80008,24340932,0.9,qaoa_p2,2,hybrid_level3,29,qiskit_fallback,density 0.900 is above the V4 window,882,882,558,308,116.72177777777823,0.0,0.0463877999864053,0.05099780000455212,0,1.9914469028370847e-14,1.954280772839828e-14,53.399566689631605,53.39956668963367,False,0,nan,nan,0.0,"[9, 3, 5, 8, 11, 15, 14, 6, 13, 10, 12, 0, 2, 7, 1, 4]"
balanced,nearcomplete90,80008,24340932,0.9,qaoa_p2,2,stock_level3,47,stock_qiskit,stock Qiskit Level 3 baseline,897,897,709,409,165.80266666666733,0.0,0.04666560000623576,0.04895099998975638,0,2.3593656755452136e-14,2.3180888943258932e-14,53.399566689631605,53.39956668963407,False,0,nan,nan,0.0,"[0, 6, 4, 1, 2, 3, 9, 5, 8, 11, 14, 7, 15, 10, 13, 12]"
balanced,nearcomplete90,80008,24340932,0.9,qaoa_p2,2,hybrid_level3,47,qiskit_fallback,density 0.900 is above the V4 window,897,897,709,409,165.80266666666733,0.0,0.04489530000137165,0.04882720000750851,0,2.3593656755452136e-14,2.3180888943258932e-14,53.399566689631605,53.39956668963407,False,0,nan,nan,0.0,"[0, 6, 4, 1, 2, 3, 9, 5, 8, 11, 14, 7, 15, 10, 13, 12]"
balanced,nearcomplete90,80009,24340933,0.9,qaoa_p1,1,stock_level3,11,stock_qiskit,stock Qiskit Level 3 baseline,440,440,358,204,76.06044444444466,0.0,0.021640000006300397,0.023167699997429736,0,1.026693906326224e-14,9.89033335555398e-15,54.17572783620664,54.175727836207706,False,0,nan,nan,0.0,"[9, 3, 5, 8, 11, 15, 12, 14, 13, 6, 10, 1, 2, 7, 0, 4]"
balanced,nearcomplete90,80009,24340933,0.9,qaoa_p1,1,hybrid_level3,11,qiskit_fallback,density 0.900 is above the V4 window,440,440,358,204,76.06044444444466,0.0,0.021435899994685315,0.023780000003171153,0,1.026693906326224e-14,9.89033335555398e-15,54.17572783620664,54.175727836207706,False,0,nan,nan,0.0,"[9, 3, 5, 8, 11, 15, 12, 14, 13, 6, 10, 1, 2, 7, 0, 4]"
balanced,nearcomplete90,80009,24340933,0.9,qaoa_p1,1,stock_level3,29,stock_qiskit,stock Qiskit Level 3 baseline,397,397,312,139,53.02755555555566,0.0,0.023888900002930313,0.025107599998591468,0,1.4395373087395758e-14,1.401821799178068e-14,54.17572783620664,54.17572783620816,False,0,nan,nan,0.0,"[3, 0, 2, 1, 6, 4, 15, 7, 10, 12, 13, 8, 5, 14, 9, 11]"
balanced,nearcomplete90,80009,24340933,0.9,qaoa_p1,1,hybrid_level3,29,qiskit_fallback,density 0.900 is above the V4 window,397,397,312,139,53.02755555555566,0.0,0.023514899992733262,0.0256606000039028,0,1.4395373087395758e-14,1.401821799178068e-14,54.17572783620664,54.17572783620816,False,0,nan,nan,0.0,"[3, 0, 2, 1, 6, 4, 15, 7, 10, 12, 13, 8, 5, 14, 9, 11]"
balanced,nearcomplete90,80009,24340933,0.9,qaoa_p1,1,stock_level3,47,stock_qiskit,stock Qiskit Level 3 baseline,417,417,325,175,69.66044444444455,0.0,0.02330960000108462,0.024494899989804253,0,1.2881963526699511e-14,1.2495188086222098e-14,54.17572783620664,54.17572783620799,False,0,nan,nan,0.0,"[15, 12, 13, 14, 9, 11, 8, 5, 3, 2, 7, 0, 6, 4, 10, 1]"
balanced,nearcomplete90,80009,24340933,0.9,qaoa_p1,1,hybrid_level3,47,qiskit_fallback,density 0.900 is above the V4 window,417,417,325,175,69.66044444444455,0.0,0.025286999996751547,0.027365300004021265,0,1.2881963526699511e-14,1.2495188086222098e-14,54.17572783620664,54.17572783620799,False,0,nan,nan,0.0,"[15, 12, 13, 14, 9, 11, 8, 5, 3, 2, 7, 0, 6, 4, 10, 1]"
balanced,nearcomplete90,80009,24340933,0.9,qaoa_p2,2,stock_level3,11,stock_qiskit,stock Qiskit Level 3 baseline,877,877,572,277,111.42400000000056,0.0,0.04308099999616388,0.045368799997959286,0,2.3488481341074014e-14,2.2988716324719726e-14,47.05040588228726,47.050405882289425,False,0,nan,nan,0.0,"[15, 12, 13, 14, 9, 11, 8, 5, 3, 2, 1, 0, 6, 7, 10, 4]"
balanced,nearcomplete90,80009,24340933,0.9,qaoa_p2,2,hybrid_level3,11,qiskit_fallback,density 0.900 is above the V4 window,877,877,572,277,111.42400000000056,0.0,0.041659000009531155,0.045659399998839945,0,2.3488481341074014e-14,2.2988716324719726e-14,47.05040588228726,47.050405882289425,False,0,nan,nan,0.0,"[15, 12, 13, 14, 9, 11, 8, 5, 3, 2, 1, 0, 6, 7, 10, 4]"
balanced,nearcomplete90,80009,24340933,0.9,qaoa_p2,2,stock_level3,29,stock_qiskit,stock Qiskit Level 3 baseline,922,922,563,308,115.69066666666718,0.0,0.03600140000344254,0.03826350001327228,0,1.5932645808630193e-14,1.5405036366963898e-14,47.05040588228726,47.050405882288715,False,0,nan,nan,0.0,"[3, 5, 9, 8, 11, 14, 15, 13, 12, 6, 10, 1, 2, 7, 0, 4]"
balanced,nearcomplete90,80009,24340933,0.9,qaoa_p2,2,hybrid_level3,29,qiskit_fallback,density 0.900 is above the V4 window,922,922,563,308,115.69066666666718,0.0,0.0369868999987375,0.04090949999226723,0,1.5932645808630193e-14,1.5405036366963898e-14,47.05040588228726,47.050405882288715,False,0,nan,nan,0.0,"[3, 5, 9, 8, 11, 14, 15, 13, 12, 6, 10, 1, 2, 7, 0, 4]"
balanced,nearcomplete90,80009,24340933,0.9,qaoa_p2,2,stock_level3,47,stock_qiskit,stock Qiskit Level 3 baseline,850,850,558,320,120.86755555555627,0.0,0.04463899999973364,0.04678740000235848,0,2.0312297020594063e-14,1.9805610300706874e-14,47.05040588228726,47.05040588228913,False,0,nan,nan,0.0,"[0, 2, 1, 4, 6, 7, 10, 15, 12, 13, 14, 3, 9, 8, 11, 5]"
balanced,nearcomplete90,80009,24340933,0.9,qaoa_p2,2,hybrid_level3,47,qiskit_fallback,density 0.900 is above the V4 window,850,850,558,320,120.86755555555627,0.0,0.047898700009682216,0.052210900001227856,0,2.0312297020594063e-14,1.9805610300706874e-14,47.05040588228726,47.05040588228913,False,0,nan,nan,0.0,"[0, 2, 1, 4, 6, 7, 10, 15, 12, 13, 14, 3, 9, 8, 11, 5]"
balanced,nearcomplete90,80010,24340934,0.9,qaoa_p1,1,stock_level3,11,stock_qiskit,stock Qiskit Level 3 baseline,426,426,331,184,74.65955555555568,0.0,0.022130299999844283,0.02410730000701733,0,1.325048210299178e-14,1.2909216952699245e-14,42.7504920077083,42.750492007709425,False,0,nan,nan,0.0,"[15, 12, 13, 14, 9, 11, 8, 5, 0, 3, 1, 2, 6, 10, 4, 7]"
balanced,nearcomplete90,80010,24340934,0.9,qaoa_p1,1,hybrid_level3,11,qiskit_fallback,density 0.900 is above the V4 window,426,426,331,184,74.65955555555568,0.0,0.021265500006848015,0.023661999992327765,0,1.325048210299178e-14,1.2909216952699245e-14,42.7504920077083,42.750492007709425,False,0,nan,nan,0.0,"[15, 12, 13, 14, 9, 11, 8, 5, 0, 3, 1, 2, 6, 10, 4, 7]"
balanced,nearcomplete90,80010,24340934,0.9,qaoa_p1,1,stock_level3,29,stock_qiskit,stock Qiskit Level 3 baseline,419,419,333,186,71.33155555555571,0.0,0.021142500001587905,0.022345799996401183,0,1.1778681112030699e-14,1.136996595162816e-14,42.7504920077083,42.75049200770928,False,0,nan,nan,0.0,"[9, 3, 5, 8, 11, 14, 13, 15, 6, 12, 4, 10, 7, 0, 2, 1]"
balanced,nearcomplete90,80010,24340934,0.9,qaoa_p1,1,hybrid_level3,29,qiskit_fallback,density 0.900 is above the V4 window,419,419,333,186,71.33155555555571,0.0,0.02143860000069253,0.023721799996565096,0,1.1778681112030699e-14,1.136996595162816e-14,42.7504920077083,42.75049200770928,False,0,nan,nan,0.0,"[9, 3, 5, 8, 11, 14, 13, 15, 6, 12, 4, 10, 7, 0, 2, 1]"
balanced,nearcomplete90,80010,24340934,0.9,qaoa_p1,1,stock_level3,47,stock_qiskit,stock Qiskit Level 3 baseline,441,441,330,184,68.50133333333353,0.0,0.022257600008742884,0.023516899993410334,0,1.3342333290364347e-14,1.2982727689510482e-14,42.7504920077083,42.750492007709425,False,0,nan,nan,0.0,"[0, 3, 2, 1, 6, 4, 15, 10, 7, 12, 14, 13, 9, 5, 11, 8]"
balanced,nearcomplete90,80010,24340934,0.9,qaoa_p1,1,hybrid_level3,47,qiskit_fallback,density 0.900 is above the V4 window,441,441,330,184,68.50133333333353,0.0,0.021784099997603334,0.024281499994685873,0,1.3342333290364347e-14,1.2982727689510482e-14,42.7504920077083,42.750492007709425,False,0,nan,nan,0.0,"[0, 3, 2, 1, 6, 4, 15, 10, 7, 12, 14, 13, 9, 5, 11, 8]"
balanced,nearcomplete90,80010,24340934,0.9,qaoa_p2,2,stock_level3,11,stock_qiskit,stock Qiskit Level 3 baseline,888,888,570,319,123.71200000000063,0.0,0.04685539999627508,0.049440600007073954,0,2.290358465749287e-14,2.2625015925682703e-14,55.02393915795911,55.02393915796161,False,0,nan,nan,0.0,"[0, 1, 6, 4, 7, 15, 10, 12, 13, 14, 9, 11, 2, 8, 5, 3]"
balanced,nearcomplete90,80010,24340934,0.9,qaoa_p2,2,hybrid_level3,11,qiskit_fallback,density 0.900 is above the V4 window,888,888,570,319,123.71200000000063,0.0,0.062270900001749396,0.06927249999716878,0,2.290358465749287e-14,2.2625015925682703e-14,55.02393915795911,55.02393915796161,False,0,nan,nan,0.0,"[0, 1, 6, 4, 7, 15, 10, 12, 13, 14, 9, 11, 2, 8, 5, 3]"
balanced,nearcomplete90,80010,24340934,0.9,qaoa_p2,2,stock_level3,29,stock_qiskit,stock Qiskit Level 3 baseline,910,910,561,324,122.06222222222289,0.0,0.040486899990355596,0.04327069999999367,0,1.785774447708067e-14,1.757440304414018e-14,55.02393915795911,55.02393915796104,False,0,nan,nan,0.0,"[0, 2, 1, 6, 4, 7, 15, 10, 12, 13, 3, 9, 5, 14, 8, 11]"
balanced,nearcomplete90,80010,24340934,0.9,qaoa_p2,2,hybrid_level3,29,qiskit_fallback,density 0.900 is above the V4 window,910,910,561,324,122.06222222222289,0.0,0.03952860001299996,0.04360030000680126,0,1.785774447708067e-14,1.757440304414018e-14,55.02393915795911,55.02393915796104,False,0,nan,nan,0.0,"[0, 2, 1, 6, 4, 7, 15, 10, 12, 13, 3, 9, 5, 14, 8, 11]"
balanced,nearcomplete90,80010,24340934,0.9,qaoa_p2,2,stock_level3,47,stock_qiskit,stock Qiskit Level 3 baseline,876,876,597,325,124.01777777777828,0.0,0.04615379999449942,0.04864730000554118,0,2.1332075259969295e-14,2.096388645320593e-14,55.02393915795911,55.02393915796142,False,0,nan,nan,0.0,"[5, 9, 8, 11, 15, 14, 13, 6, 12, 10, 7, 4, 3, 2, 0, 1]"
balanced,nearcomplete90,80010,24340934,0.9,qaoa_p2,2,hybrid_level3,47,qiskit_fallback,density 0.900 is above the V4 window,876,876,597,325,124.01777777777828,0.0,0.03949359999387525,0.043450899989693426,0,2.1332075259969295e-14,2.096388645320593e-14,55.02393915795911,55.02393915796142,False,0,nan,nan,0.0,"[5, 9, 8, 11, 15, 14, 13, 6, 12, 10, 7, 4, 3, 2, 0, 1]"
balanced,nearcomplete90,80011,24340935,0.9,qaoa_p1,1,stock_level3,11,stock_qiskit,stock Qiskit Level 3 baseline,386,386,300,158,60.046222222222355,0.0,0.026557499993941747,0.0278695000015432,0,1.4794256364046522e-14,1.4598398114700534e-14,53.886787241753936,53.886787241755506,False,0,nan,nan,0.0,"[9, 8, 5, 3, 0, 2, 1, 6, 4, 7, 15, 11, 10, 14, 12, 13]"
balanced,nearcomplete90,80011,24340935,0.9,qaoa_p1,1,hybrid_level3,11,qiskit_fallback,density 0.900 is above the V4 window,386,386,300,158,60.046222222222355,0.0,0.025989300003857352,0.028188600001158193,0,1.4794256364046522e-14,1.4598398114700534e-14,53.886787241753936,53.886787241755506,False,0,nan,nan,0.0,"[9, 8, 5, 3, 0, 2, 1, 6, 4, 7, 15, 11, 10, 14, 12, 13]"
balanced,nearcomplete90,80011,24340935,0.9,qaoa_p1,1,stock_level3,29,stock_qiskit,stock Qiskit Level 3 baseline,414,414,327,171,63.94311111111125,0.0,0.02435749999131076,0.025685400003567338,0,1.130099812448418e-14,1.1102556853294854e-14,53.886787241753936,53.88678724175512,False,0,nan,nan,0.0,"[9, 3, 5, 8, 11, 14, 15, 13, 6, 12, 10, 2, 7, 0, 4, 1]"
balanced,nearcomplete90,80011,24340935,0.9,qaoa_p1,1,hybrid_level3,29,qiskit_fallback,density 0.900 is above the V4 window,414,414,327,171,63.94311111111125,0.0,0.032638199991197325,0.03658240000368096,0,1.130099812448418e-14,1.1102556853294854e-14,53.886787241753936,53.88678724175512,False,0,nan,nan,0.0,"[9, 3, 5, 8, 11, 14, 15, 13, 6, 12, 10, 2, 7, 0, 4, 1]"
balanced,nearcomplete90,80011,24340935,0.9,qaoa_p1,1,stock_level3,47,stock_qiskit,stock Qiskit Level 3 baseline,410,410,321,164,61.539555555555715,0.0,0.036525200004689395,0.03869180000037886,0,1.588739703420523e-14,1.5684673817637062e-14,53.886787241753936,53.88678724175561,False,0,nan,nan,0.0,"[0, 3, 2, 1, 6, 4, 7, 10, 15, 12, 13, 9, 14, 5, 11, 8]"
balanced,nearcomplete90,80011,24340935,0.9,qaoa_p1,1,hybrid_level3,47,qiskit_fallback,density 0.900 is above the V4 window,410,410,321,164,61.539555555555715,0.0,0.03549179999390617,0.038832299993373454,0,1.588739703420523e-14,1.5684673817637062e-14,53.886787241753936,53.88678724175561,False,0,nan,nan,0.0,"[0, 3, 2, 1, 6, 4, 7, 10, 15, 12, 13, 9, 14, 5, 11, 8]"
balanced,nearcomplete90,80011,24340935,0.9,qaoa_p2,2,stock_level3,11,stock_qiskit,stock Qiskit Level 3 baseline,906,906,558,309,116.4871111111117,0.0,0.05194099999789614,0.054507399996509776,0,1.9260012858243e-14,1.891245384645545e-14,45.53229286696552,45.53229286696725,False,0,nan,nan,0.0,"[2, 0, 1, 4, 6, 7, 15, 3, 12, 10, 13, 9, 14, 5, 11, 8]"
balanced,nearcomplete90,80011,24340935,0.9,qaoa_p2,2,hybrid_level3,11,qiskit_fallback,density 0.900 is above the V4 window,906,906,558,309,116.4871111111117,0.0,0.0403189999924507,0.04591519999667071,0,1.9260012858243e-14,1.891245384645545e-14,45.53229286696552,45.53229286696725,False,0,nan,nan,0.0,"[2, 0, 1, 4, 6, 7, 15, 3, 12, 10, 13, 9, 14, 5, 11, 8]"
balanced,nearcomplete90,80011,24340935,0.9,qaoa_p2,2,stock_level3,29,stock_qiskit,stock Qiskit Level 3 baseline,874,874,587,325,127.39555555555611,0.0,0.057389299996430054,0.05970060000254307,0,2.3012279637531286e-14,2.2583520422765087e-14,45.53229286696552,45.53229286696758,False,0,nan,nan,0.0,"[9, 3, 5, 8, 11, 14, 13, 15, 10, 12, 6, 0, 2, 1, 7, 4]"
balanced,nearcomplete90,80011,24340935,0.9,qaoa_p2,2,hybrid_level3,29,qiskit_fallback,density 0.900 is above the V4 window,874,874,587,325,127.39555555555611,0.0,0.06176559999585152,0.06750359998841304,0,2.3012279637531286e-14,2.2583520422765087e-14,45.53229286696552,45.53229286696758,False,0,nan,nan,0.0,"[9, 3, 5, 8, 11, 14, 13, 15, 10, 12, 6, 0, 2, 1, 7, 4]"
balanced,nearcomplete90,80011,24340935,0.9,qaoa_p2,2,stock_level3,47,stock_qiskit,stock Qiskit Level 3 baseline,862,862,555,292,109.46133333333385,0.0,0.06175010000879411,0.06419299999834038,0,2.2218231432428638e-14,2.1702749432333744e-14,45.53229286696552,45.532292866967495,False,0,nan,nan,0.0,"[2, 0, 1, 6, 4, 7, 15, 12, 10, 13, 14, 3, 9, 5, 11, 8]"
balanced,nearcomplete90,80011,24340935,0.9,qaoa_p2,2,hybrid_level3,47,qiskit_fallback,density 0.900 is above the V4 window,862,862,555,292,109.46133333333385,0.0,0.049646300001768395,0.05748789999051951,0,2.2218231432428638e-14,2.1702749432333744e-14,45.53229286696552,45.532292866967495,False,0,nan,nan,0.0,"[2, 0, 1, 6, 4, 7, 15, 12, 10, 13, 14, 3, 9, 5, 11, 8]"
balanced,ring,80000,25340924,0.13333333333333333,qaoa_p1,1,stock_level3,11,stock_qiskit,stock Qiskit Level 3 baseline,38,38,81,35,14.179555555555561,0.0,0.011745399999199435,0.01262249999854248,0,4.2491836627325435e-15,4.039508595785231e-15,7.764298512032471,7.764298512032534,False,0,nan,nan,0.0,"[9, 5, 3, 2, 0, 1, 4, 6, 7, 10, 15, 12, 13, 14, 11, 8]"
balanced,ring,80000,25340924,0.13333333333333333,qaoa_p1,1,hybrid_level3,11,qiskit_fallback,density 0.133 is below the V4 window,38,38,81,35,14.179555555555561,0.0,0.011612599992076866,0.01272620000236202,0,4.2491836627325435e-15,4.039508595785231e-15,7.764298512032471,7.764298512032534,False,0,nan,nan,0.0,"[9, 5, 3, 2, 0, 1, 4, 6, 7, 10, 15, 12, 13, 14, 11, 8]"
balanced,ring,80000,25340924,0.13333333333333333,qaoa_p1,1,stock_level3,29,stock_qiskit,stock Qiskit Level 3 baseline,38,38,81,35,14.072888888888892,0.0,0.012697599988314323,0.01350790000287816,0,4.210178558022243e-15,4.015568056564035e-15,7.764298512032471,7.764298512032533,False,0,nan,nan,0.0,"[15, 10, 6, 7, 4, 0, 1, 2, 3, 5, 9, 8, 11, 14, 13, 12]"
balanced,ring,80000,25340924,0.13333333333333333,qaoa_p1,1,hybrid_level3,29,qiskit_fallback,density 0.133 is below the V4 window,38,38,81,35,14.072888888888892,0.0,0.013035700001637451,0.01433089999773074,0,4.210178558022243e-15,4.015568056564035e-15,7.764298512032471,7.764298512032533,False,0,nan,nan,0.0,"[15, 10, 6, 7, 4, 0, 1, 2, 3, 5, 9, 8, 11, 14, 13, 12]"
balanced,ring,80000,25340924,0.13333333333333333,qaoa_p1,1,stock_level3,47,stock_qiskit,stock Qiskit Level 3 baseline,38,38,84,38,15.068444444444449,0.0,0.009732599995913915,0.010310400000889786,0,4.030064623109153e-15,3.823198403913111e-15,7.764298512032471,7.76429851203253,False,0,nan,nan,0.0,"[13, 15, 12, 10, 6, 7, 4, 0, 1, 2, 3, 5, 9, 8, 11, 14]"
balanced,ring,80000,25340924,0.13333333333333333,qaoa_p1,1,hybrid_level3,47,qiskit_fallback,density 0.133 is below the V4 window,38,38,84,38,15.068444444444449,0.0,0.01457170001231134,0.016108399999211542,0,4.030064623109153e-15,3.823198403913111e-15,7.764298512032471,7.76429851203253,False,0,nan,nan,0.0,"[13, 15, 12, 10, 6, 7, 4, 0, 1, 2, 3, 5, 9, 8, 11, 14]"
balanced,ring,80000,25340924,0.13333333333333333,qaoa_p2,2,stock_level3,11,stock_qiskit,stock Qiskit Level 3 baseline,86,86,157,71,28.487111111111112,0.0,0.01580120000289753,0.01755540000158362,0,6.637205478641581e-15,5.9480803034649526e-15,7.7144064004640835,7.714406400464177,False,0,nan,nan,0.0,"[12, 15, 10, 6, 7, 4, 0, 1, 2, 3, 5, 9, 8, 11, 14, 13]"
balanced,ring,80000,25340924,0.13333333333333333,qaoa_p2,2,hybrid_level3,11,qiskit_fallback,density 0.133 is below the V4 window,86,86,157,71,28.487111111111112,0.0,0.011096800008090213,0.012296700006118044,0,6.637205478641581e-15,5.9480803034649526e-15,7.7144064004640835,7.714406400464177,False,0,nan,nan,0.0,"[12, 15, 10, 6, 7, 4, 0, 1, 2, 3, 5, 9, 8, 11, 14, 13]"
balanced,ring,80000,25340924,0.13333333333333333,qaoa_p2,2,stock_level3,29,stock_qiskit,stock Qiskit Level 3 baseline,86,86,162,74,29.85244444444445,0.0,0.014046500000404194,0.015161000002990477,0,7.41750056664458e-15,6.754514895382905e-15,7.7144064004640835,7.7144064004641875,False,0,nan,nan,0.0,"[0, 4, 6, 7, 10, 15, 12, 13, 14, 11, 9, 8, 5, 3, 2, 1]"
balanced,ring,80000,25340924,0.13333333333333333,qaoa_p2,2,hybrid_level3,29,qiskit_fallback,density 0.133 is below the V4 window,86,86,162,74,29.85244444444445,0.0,0.016643300012219697,0.01866869999503251,0,7.41750056664458e-15,6.754514895382905e-15,7.7144064004640835,7.7144064004641875,False,0,nan,nan,0.0,"[0, 4, 6, 7, 10, 15, 12, 13, 14, 11, 9, 8, 5, 3, 2, 1]"
balanced,ring,80000,25340924,0.13333333333333333,qaoa_p2,2,stock_level3,47,stock_qiskit,stock Qiskit Level 3 baseline,84,84,168,72,28.650666666666673,0.0,0.020797499993932433,0.02380490000359714,0,6.8400856869816686e-15,6.0272622800981544e-15,7.7144064004640835,7.714406400464176,False,0,nan,nan,0.0,"[2, 3, 5, 9, 8, 11, 14, 13, 15, 12, 10, 6, 7, 4, 0, 1]"
balanced,ring,80000,25340924,0.13333333333333333,qaoa_p2,2,hybrid_level3,47,qiskit_fallback,density 0.133 is below the V4 window,84,84,168,72,28.650666666666673,0.0,0.014985599991632625,0.016646400006720796,0,6.8400856869816686e-15,6.0272622800981544e-15,7.7144064004640835,7.714406400464176,False,0,nan,nan,0.0,"[2, 3, 5, 9, 8, 11, 14, 13, 15, 12, 10, 6, 7, 4, 0, 1]"
balanced,all_to_all,80000,26340924,1.0,qaoa_p1,1,stock_level3,11,stock_qiskit,stock Qiskit Level 3 baseline,447,447,328,199,78.66311111111128,0.0,0.027323099988279864,0.02968559999135323,0,1.3786425505890302e-14,1.2954202563886155e-14,32.84172095429813,32.84172095429899,False,0,nan,nan,0.0,"[15, 12, 13, 14, 9, 11, 8, 5, 2, 3, 1, 0, 10, 4, 6, 7]"
balanced,all_to_all,80000,26340924,1.0,qaoa_p1,1,hybrid_level3,11,qiskit_fallback,density 1.000 is above the V4 window,447,447,328,199,78.66311111111128,0.0,0.03697190000093542,0.04121779999695718,0,1.3786425505890302e-14,1.2954202563886155e-14,32.84172095429813,32.84172095429899,False,0,nan,nan,0.0,"[15, 12, 13, 14, 9, 11, 8, 5, 2, 3, 1, 0, 10, 4, 6, 7]"
balanced,all_to_all,80000,26340924,1.0,qaoa_p1,1,stock_level3,29,stock_qiskit,stock Qiskit Level 3 baseline,442,442,347,197,78.57066666666684,0.0,0.03786569999647327,0.040358799989917316,0,1.3801763535535975e-14,1.2946828718563832e-14,32.84172095429813,32.84172095429899,False,0,nan,nan,0.0,"[15, 12, 13, 9, 14, 11, 8, 5, 0, 3, 1, 2, 6, 10, 4, 7]"
balanced,all_to_all,80000,26340924,1.0,qaoa_p1,1,hybrid_level3,29,qiskit_fallback,density 1.000 is above the V4 window,442,442,347,197,78.57066666666684,0.0,0.03786290000425652,0.0413226999953622,0,1.3801763535535975e-14,1.2946828718563832e-14,32.84172095429813,32.84172095429899,False,0,nan,nan,0.0,"[15, 12, 13, 9, 14, 11, 8, 5, 0, 3, 1, 2, 6, 10, 4, 7]"
balanced,all_to_all,80000,26340924,1.0,qaoa_p1,1,stock_level3,47,stock_qiskit,stock Qiskit Level 3 baseline,414,414,324,169,63.91466666666683,0.0,0.035742099993512966,0.03798619999724906,0,1.3236018791402684e-14,1.2153661772798985e-14,32.84172095429813,32.841720954298914,False,0,nan,nan,0.0,"[11, 9, 8, 5, 3, 0, 2, 1, 6, 4, 7, 15, 10, 14, 12, 13]"
balanced,all_to_all,80000,26340924,1.0,qaoa_p1,1,hybrid_level3,47,qiskit_fallback,density 1.000 is above the V4 window,414,414,324,169,63.91466666666683,0.0,0.03494719999434892,0.03792450000764802,0,1.3236018791402684e-14,1.2153661772798985e-14,32.84172095429813,32.841720954298914,False,0,nan,nan,0.0,"[11, 9, 8, 5, 3, 0, 2, 1, 6, 4, 7, 15, 10, 14, 12, 13]"
balanced,all_to_all,80000,26340924,1.0,qaoa_p2,2,stock_level3,11,stock_qiskit,stock Qiskit Level 3 baseline,939,939,589,326,122.11911111111165,0.0,0.05904549999104347,0.06347210000967607,0,1.7131533772193007e-14,1.6529471036006143e-14,54.743701617222406,54.743701617224374,False,0,nan,nan,0.0,"[3, 11, 9, 5, 8, 14, 15, 12, 13, 6, 10, 7, 2, 0, 4, 1]"
balanced,all_to_all,80000,26340924,1.0,qaoa_p2,2,hybrid_level3,11,qiskit_fallback,density 1.000 is above the V4 window,939,939,589,326,122.11911111111165,0.0,0.07003909999912139,0.07724839998991229,0,1.7131533772193007e-14,1.6529471036006143e-14,54.743701617222406,54.743701617224374,False,0,nan,nan,0.0,"[3, 11, 9, 5, 8, 14, 15, 12, 13, 6, 10, 7, 2, 0, 4, 1]"
balanced,all_to_all,80000,26340924,1.0,qaoa_p2,2,stock_level3,29,stock_qiskit,stock Qiskit Level 3 baseline,913,913,578,324,131.02933333333408,0.0,0.06221469999582041,0.06633780000265688,0,1.8237398161474228e-14,1.7537187403904005e-14,54.743701617222406,54.74370161722449,False,0,nan,nan,0.0,"[15, 13, 12, 6, 10, 7, 0, 4, 1, 2, 9, 3, 5, 14, 8, 11]"
balanced,all_to_all,80000,26340924,1.0,qaoa_p2,2,hybrid_level3,29,qiskit_fallback,density 1.000 is above the V4 window,913,913,578,324,131.02933333333408,0.0,0.045315399998798966,0.04984150000382215,0,1.8237398161474228e-14,1.7537187403904005e-14,54.743701617222406,54.74370161722449,False,0,nan,nan,0.0,"[15, 13, 12, 6, 10, 7, 0, 4, 1, 2, 9, 3, 5, 14, 8, 11]"
balanced,all_to_all,80000,26340924,1.0,qaoa_p2,2,stock_level3,47,stock_qiskit,stock Qiskit Level 3 baseline,889,889,522,297,110.52800000000059,0.0,0.041212299998733215,0.043695499989553355,0,1.7768352599821092e-14,1.6972200757975862e-14,54.743701617222406,54.74370161722442,False,0,nan,nan,0.0,"[15, 2, 0, 6, 1, 4, 7, 10, 12, 13, 14, 9, 3, 11, 5, 8]"
balanced,all_to_all,80000,26340924,1.0,qaoa_p2,2,hybrid_level3,47,qiskit_fallback,density 1.000 is above the V4 window,889,889,522,297,110.52800000000059,0.0,0.038998000003630295,0.04312509999726899,0,1.7768352599821092e-14,1.6972200757975862e-14,54.743701617222406,54.74370161722442,False,0,nan,nan,0.0,"[15, 2, 0, 6, 1, 4, 7, 10, 12, 13, 14, 9, 3, 11, 5, 8]"
workload,cubic,80000,30340924,0.2,qaoa_p1,1,stock_level3,11,stock_qiskit,stock Qiskit Level 3 baseline,91,91,101,55,21.504000000000005,0.0,0.010076599995954894,0.01066819998959545,0,5.9882189450817886e-15,5.651134081310119e-15,10.554958459122872,10.554958459122991,True,128,10.8515625,0.2966040408771278,7.385151199996471,"[6, 1, 0, 2, 3, 5, 11, 15, 9, 8, 14, 13, 12, 10, 7, 4]"
workload,cubic,80000,30340924,0.2,qaoa_p1,1,hybrid_level3,11,qiskit_fallback,density 0.200 is below the V4 window,91,91,101,55,21.504000000000005,0.0,0.010215200003585778,0.011192500009201467,0,5.9882189450817886e-15,5.651134081310119e-15,10.554958459122872,10.554958459122991,True,128,10.8515625,0.2966040408771278,7.38147310000204,"[6, 1, 0, 2, 3, 5, 11, 15, 9, 8, 14, 13, 12, 10, 7, 4]"
workload,cubic,80000,30340924,0.2,qaoa_p1,1,stock_level3,29,stock_qiskit,stock Qiskit Level 3 baseline,93,93,108,68,25.607111111111116,0.0,0.010143899999093264,0.010695000004488975,0,5.4809366318734595e-15,5.252615227995713e-15,10.554958459122872,10.554958459122984,True,128,10.7265625,0.17160404087712777,7.517623199993977,"[9, 3, 14, 13, 15, 12, 7, 1, 6, 10, 4, 0, 2, 5, 8, 11]"
workload,cubic,80000,30340924,0.2,qaoa_p1,1,hybrid_level3,29,qiskit_fallback,density 0.200 is below the V4 window,93,93,108,68,25.607111111111116,0.0,0.01000959999510087,0.010978300007991493,0,5.4809366318734595e-15,5.252615227995713e-15,10.554958459122872,10.554958459122984,True,128,10.7265625,0.17160404087712777,7.546901599998819,"[9, 3, 14, 13, 15, 12, 7, 1, 6, 10, 4, 0, 2, 5, 8, 11]"
workload,cubic,80000,30340924,0.2,qaoa_p1,1,stock_level3,47,stock_qiskit,stock Qiskit Level 3 baseline,104,104,118,65,26.70933333333334,0.0,0.010180500001297332,0.010771900007966906,0,6.230957566882638e-15,5.980217379822032e-15,10.554958459122872,10.554958459122998,True,128,11.0078125,0.4528540408771278,7.889930000004824,"[12, 13, 15, 14, 10, 0, 6, 3, 7, 4, 1, 2, 5, 9, 11, 8]"
workload,cubic,80000,30340924,0.2,qaoa_p1,1,hybrid_level3,47,qiskit_fallback,density 0.200 is below the V4 window,104,104,118,65,26.70933333333334,0.0,0.010773100002552383,0.01185789999726694,0,6.230957566882638e-15,5.980217379822032e-15,10.554958459122872,10.554958459122998,True,128,11.0078125,0.4528540408771278,7.851004299998749,"[12, 13, 15, 14, 10, 0, 6, 3, 7, 4, 1, 2, 5, 9, 11, 8]"
workload,cubic,80000,30340924,0.2,qaoa_p2,2,stock_level3,11,stock_qiskit,stock Qiskit Level 3 baseline,202,202,172,93,36.48711111111112,0.0,0.016523400001460686,0.01735270000062883,0,8.64594766038137e-15,8.397787630788018e-15,11.920480062669535,11.92048006266974,True,128,11.3828125,-0.5376675626695349,12.313876899992465,"[11, 8, 9, 2, 14, 15, 6, 0, 13, 12, 10, 7, 4, 1, 3, 5]"
workload,cubic,80000,30340924,0.2,qaoa_p2,2,hybrid_level3,11,qiskit_fallback,density 0.200 is below the V4 window,202,202,172,93,36.48711111111112,0.0,0.01385610000579618,0.01536280001164414,0,8.64594766038137e-15,8.397787630788018e-15,11.920480062669535,11.92048006266974,True,128,11.3828125,-0.5376675626695349,12.42052590000094,"[11, 8, 9, 2, 14, 15, 6, 0, 13, 12, 10, 7, 4, 1, 3, 5]"
workload,cubic,80000,30340924,0.2,qaoa_p2,2,stock_level3,29,stock_qiskit,stock Qiskit Level 3 baseline,200,200,169,90,34.54577777777779,0.0,0.014759800003957935,0.015747699988423847,0,8.344253543932636e-15,7.918354029872571e-15,11.920480062669535,11.920480062669725,True,128,11.7890625,-0.13141756266953486,12.168811399998958,"[1, 6, 0, 4, 2, 9, 15, 14, 3, 5, 8, 11, 13, 12, 10, 7]"
workload,cubic,80000,30340924,0.2,qaoa_p2,2,hybrid_level3,29,qiskit_fallback,density 0.200 is below the V4 window,200,200,169,90,34.54577777777779,0.0,0.014590899998438545,0.016242400000919588,0,8.344253543932636e-15,7.918354029872571e-15,11.920480062669535,11.920480062669725,True,128,11.7890625,-0.13141756266953486,12.01915320000262,"[1, 6, 0, 4, 2, 9, 15, 14, 3, 5, 8, 11, 13, 12, 10, 7]"
workload,cubic,80000,30340924,0.2,qaoa_p2,2,stock_level3,47,stock_qiskit,stock Qiskit Level 3 baseline,194,194,186,105,39.99288888888893,0.0,0.014440899991313927,0.015265399997588247,0,8.557037525759944e-15,8.238165547028559e-15,11.920480062669535,11.920480062669736,True,128,11.5859375,-0.33454256266953486,11.70498709999083,"[9, 13, 3, 11, 2, 0, 6, 15, 1, 4, 7, 10, 12, 14, 8, 5]"
workload,cubic,80000,30340924,0.2,qaoa_p2,2,hybrid_level3,47,qiskit_fallback,density 0.200 is below the V4 window,194,194,186,105,39.99288888888893,0.0,0.013879799997084774,0.015591200004564598,0,8.557037525759944e-15,8.238165547028559e-15,11.920480062669535,11.920480062669736,True,128,11.5859375,-0.33454256266953486,11.82550559999072,"[9, 13, 3, 11, 2, 0, 6, 15, 1, 4, 7, 10, 12, 14, 8, 5]"
workload,cubic,80001,30340925,0.2,qaoa_p1,1,stock_level3,11,stock_qiskit,stock Qiskit Level 3 baseline,110,110,105,63,24.938666666666673,0.0,0.010483499994734302,0.011076900002080947,0,4.8576091644965496e-15,4.719386943584575e-15,11.960050492149874,11.960050492149987,False,0,nan,nan,0.0,"[12, 14, 6, 0, 1, 10, 15, 13, 11, 8, 9, 5, 3, 2, 4, 7]"
workload,cubic,80001,30340925,0.2,qaoa_p1,1,hybrid_level3,11,qiskit_fallback,density 0.200 is below the V4 window,110,110,105,63,24.938666666666673,0.0,0.01049580000108108,0.01151650000247173,0,4.8576091644965496e-15,4.719386943584575e-15,11.960050492149874,11.960050492149987,False,0,nan,nan,0.0,"[12, 14, 6, 0, 1, 10, 15, 13, 11, 8, 9, 5, 3, 2, 4, 7]"
workload,cubic,80001,30340925,0.2,qaoa_p1,1,stock_level3,29,stock_qiskit,stock Qiskit Level 3 baseline,96,96,104,61,24.305777777777784,0.0,0.010476700001163408,0.011015900003258139,0,4.469629003631424e-15,4.2794642775058714e-15,11.960050492149874,11.960050492149978,False,0,nan,nan,0.0,"[10, 8, 3, 2, 6, 0, 5, 9, 11, 13, 14, 15, 12, 7, 4, 1]"
workload,cubic,80001,30340925,0.2,qaoa_p1,1,hybrid_level3,29,qiskit_fallback,density 0.200 is below the V4 window,96,96,104,61,24.305777777777784,0.0,0.009843399995588697,0.010709700000006706,0,4.469629003631424e-15,4.2794642775058714e-15,11.960050492149874,11.960050492149978,False,0,nan,nan,0.0,"[10, 8, 3, 2, 6, 0, 5, 9, 11, 13, 14, 15, 12, 7, 4, 1]"
workload,cubic,80001,30340925,0.2,qaoa_p1,1,stock_level3,47,stock_qiskit,stock Qiskit Level 3 baseline,103,103,109,65,26.21866666666667,0.0,0.010064100002637133,0.01065789999847766,0,3.968862094631971e-15,3.807830392232204e-15,11.960050492149874,11.960050492149964,False,0,nan,nan,0.0,"[6, 11, 3, 1, 0, 2, 5, 9, 8, 13, 14, 15, 12, 10, 7, 4]"
workload,cubic,80001,30340925,0.2,qaoa_p1,1,hybrid_level3,47,qiskit_fallback,density 0.200 is below the V4 window,103,103,109,65,26.21866666666667,0.0,0.010663599998224527,0.011571800001547672,0,3.968862094631971e-15,3.807830392232204e-15,11.960050492149874,11.960050492149964,False,0,nan,nan,0.0,"[6, 11, 3, 1, 0, 2, 5, 9, 8, 13, 14, 15, 12, 10, 7, 4]"
workload,cubic,80001,30340925,0.2,qaoa_p2,2,stock_level3,11,stock_qiskit,stock Qiskit Level 3 baseline,228,228,167,101,40.576000000000015,0.0,0.01434259999950882,0.01512880000518635,0,7.472170068190228e-15,7.0985131525568375e-15,11.03613043661156,11.036130436611714,False,0,nan,nan,0.0,"[2, 6, 15, 11, 1, 9, 14, 13, 12, 7, 10, 4, 0, 3, 5, 8]"
workload,cubic,80001,30340925,0.2,qaoa_p2,2,hybrid_level3,11,qiskit_fallback,density 0.200 is below the V4 window,228,228,167,101,40.576000000000015,0.0,0.01409139999304898,0.015475300009711646,0,7.472170068190228e-15,7.0985131525568375e-15,11.03613043661156,11.036130436611714,False,0,nan,nan,0.0,"[2, 6, 15, 11, 1, 9, 14, 13, 12, 7, 10, 4, 0, 3, 5, 8]"
workload,cubic,80001,30340925,0.2,qaoa_p2,2,stock_level3,29,stock_qiskit,stock Qiskit Level 3 baseline,219,219,168,104,42.06933333333339,0.0,0.013867200003005564,0.014740200000233017,0,6.706540641339777e-15,6.465678766332254e-15,11.03613043661156,11.036130436611701,False,0,nan,nan,0.0,"[14, 6, 2, 3, 13, 5, 0, 1, 4, 15, 7, 10, 12, 11, 9, 8]"
workload,cubic,80001,30340925,0.2,qaoa_p2,2,hybrid_level3,29,qiskit_fallback,density 0.200 is below the V4 window,219,219,168,104,42.06933333333339,0.0,0.01594969999860041,0.017339700003503822,0,6.706540641339777e-15,6.465678766332254e-15,11.03613043661156,11.036130436611701,False,0,nan,nan,0.0,"[14, 6, 2, 3, 13, 5, 0, 1, 4, 15, 7, 10, 12, 11, 9, 8]"
workload,cubic,80001,30340925,0.2,qaoa_p2,2,stock_level3,47,stock_qiskit,stock Qiskit Level 3 baseline,227,227,171,110,44.45155555555561,0.0,0.01365290000103414,0.014482799990219064,0,5.944033041456002e-15,5.627488676758136e-15,11.03613043661156,11.036130436611682,False,0,nan,nan,0.0,"[15, 6, 2, 3, 9, 8, 0, 1, 4, 10, 7, 12, 5, 13, 14, 11]"
workload,cubic,80001,30340925,0.2,qaoa_p2,2,hybrid_level3,47,qiskit_fallback,density 0.200 is below the V4 window,227,227,171,110,44.45155555555561,0.0,0.013286700006574392,0.015092399989953265,0,5.944033041456002e-15,5.627488676758136e-15,11.03613043661156,11.036130436611682,False,0,nan,nan,0.0,"[15, 6, 2, 3, 9, 8, 0, 1, 4, 10, 7, 12, 5, 13, 14, 11]"
workload,cubic,80002,30340926,0.2,qaoa_p1,1,stock_level3,11,stock_qiskit,stock Qiskit Level 3 baseline,103,103,143,74,28.928000000000008,0.0,0.010185499995714054,0.01069409999763593,0,4.843457122244158e-15,4.557214101866093e-15,10.471878844917917,10.471878844918015,False,0,nan,nan,0.0,"[3, 9, 8, 5, 14, 11, 13, 12, 15, 7, 6, 10, 2, 4, 0, 1]"
workload,cubic,80002,30340926,0.2,qaoa_p1,1,hybrid_level3,11,qiskit_fallback,density 0.200 is below the V4 window,103,103,143,74,28.928000000000008,0.0,0.010177500007557683,0.011059600001317449,0,4.843457122244158e-15,4.557214101866093e-15,10.471878844917917,10.471878844918015,False,0,nan,nan,0.0,"[3, 9, 8, 5, 14, 11, 13, 12, 15, 7, 6, 10, 2, 4, 0, 1]"
workload,cubic,80002,30340926,0.2,qaoa_p1,1,stock_level3,29,stock_qiskit,stock Qiskit Level 3 baseline,96,96,130,71,26.915555555555567,0.0,0.009945999991032295,0.0104667999985395,0,5.8380557407943475e-15,5.712959671402658e-15,10.471878844917917,10.471878844918038,False,0,nan,nan,0.0,"[2, 0, 6, 1, 7, 4, 10, 12, 15, 3, 14, 13, 11, 9, 8, 5]"
workload,cubic,80002,30340926,0.2,qaoa_p1,1,hybrid_level3,29,qiskit_fallback,density 0.200 is below the V4 window,96,96,130,71,26.915555555555567,0.0,0.010298900000634603,0.011206199997104704,0,5.8380557407943475e-15,5.712959671402658e-15,10.471878844917917,10.471878844918038,False,0,nan,nan,0.0,"[2, 0, 6, 1, 7, 4, 10, 12, 15, 3, 14, 13, 11, 9, 8, 5]"
workload,cubic,80002,30340926,0.2,qaoa_p1,1,stock_level3,47,stock_qiskit,stock Qiskit Level 3 baseline,96,96,118,64,24.974222222222227,0.0,0.011673100001644343,0.012303800001973286,0,4.928623486881535e-15,4.5963039727752965e-15,10.471878844917917,10.471878844918017,False,0,nan,nan,0.0,"[8, 9, 15, 11, 13, 14, 12, 10, 6, 5, 4, 7, 0, 1, 2, 3]"
workload,cubic,80002,30340926,0.2,qaoa_p1,1,hybrid_level3,47,qiskit_fallback,density 0.200 is below the V4 window,96,96,118,64,24.974222222222227,0.0,0.011036999989300966,0.011922799996682443,0,4.928623486881535e-15,4.5963039727752965e-15,10.471878844917917,10.471878844918017,False,0,nan,nan,0.0,"[8, 9, 15, 11, 13, 14, 12, 10, 6, 5, 4, 7, 0, 1, 2, 3]"
workload,cubic,80002,30340926,0.2,qaoa_p2,2,stock_level3,11,stock_qiskit,stock Qiskit Level 3 baseline,211,211,196,116,43.01511111111113,0.0,0.014370100005180575,0.01563239999813959,0,7.881438717074314e-15,7.485516560137515e-15,8.716379130818053,8.716379130818186,False,0,nan,nan,0.0,"[3, 5, 9, 8, 15, 11, 14, 13, 12, 4, 6, 10, 7, 0, 2, 1]"
workload,cubic,80002,30340926,0.2,qaoa_p2,2,hybrid_level3,11,qiskit_fallback,density 0.200 is below the V4 window,211,211,196,116,43.01511111111113,0.0,0.01372639999317471,0.015188699995633215,0,7.881438717074314e-15,7.485516560137515e-15,8.716379130818053,8.716379130818186,False,0,nan,nan,0.0,"[3, 5, 9, 8, 15, 11, 14, 13, 12, 4, 6, 10, 7, 0, 2, 1]"
workload,cubic,80002,30340926,0.2,qaoa_p2,2,stock_level3,29,stock_qiskit,stock Qiskit Level 3 baseline,215,215,221,123,46.385777777777825,0.0,0.013696399997570552,0.014886499993735924,0,8.005692544307906e-15,7.622565735496556e-15,8.716379130818053,8.716379130818188,False,0,nan,nan,0.0,"[2, 0, 6, 1, 15, 4, 7, 10, 12, 11, 9, 13, 14, 3, 8, 5]"
workload,cubic,80002,30340926,0.2,qaoa_p2,2,hybrid_level3,29,qiskit_fallback,density 0.200 is below the V4 window,215,215,221,123,46.385777777777825,0.0,0.014522400000714697,0.01612050000403542,0,8.005692544307906e-15,7.622565735496556e-15,8.716379130818053,8.716379130818188,False,0,nan,nan,0.0,"[2, 0, 6, 1, 15, 4, 7, 10, 12, 11, 9, 13, 14, 3, 8, 5]"
workload,cubic,80002,30340926,0.2,qaoa_p2,2,stock_level3,47,stock_qiskit,stock Qiskit Level 3 baseline,209,209,205,111,41.88444444444447,0.0,0.013436699999147095,0.014548100007232279,0,8.239779244302955e-15,7.906750192529777e-15,8.716379130818053,8.716379130818193,False,0,nan,nan,0.0,"[2, 0, 6, 1, 15, 4, 7, 10, 12, 11, 9, 13, 14, 3, 5, 8]"
workload,cubic,80002,30340926,0.2,qaoa_p2,2,hybrid_level3,47,qiskit_fallback,density 0.200 is below the V4 window,209,209,205,111,41.88444444444447,0.0,0.013544299989007413,0.014981900007114746,0,8.239779244302955e-15,7.906750192529777e-15,8.716379130818053,8.716379130818193,False,0,nan,nan,0.0,"[2, 0, 6, 1, 15, 4, 7, 10, 12, 11, 9, 13, 14, 3, 5, 8]"
workload,cubic,80003,30340927,0.2,qaoa_p1,1,stock_level3,11,stock_qiskit,stock Qiskit Level 3 baseline,98,98,106,56,21.027555555555566,0.0,0.010345500006224029,0.010859500005608425,0,5.06479301898672e-15,4.7245209005617395e-15,7.457243046876123,7.457243046876194,False,0,nan,nan,0.0,"[9, 3, 8, 5, 11, 15, 12, 6, 2, 4, 1, 0, 7, 10, 13, 14]"
workload,cubic,80003,30340927,0.2,qaoa_p1,1,hybrid_level3,11,qiskit_fallback,density 0.200 is below the V4 window,98,98,106,56,21.027555555555566,0.0,0.01029349998862017,0.011223099994822405,0,5.06479301898672e-15,4.7245209005617395e-15,7.457243046876123,7.457243046876194,False,0,nan,nan,0.0,"[9, 3, 8, 5, 11, 15, 12, 6, 2, 4, 1, 0, 7, 10, 13, 14]"
workload,cubic,80003,30340927,0.2,qaoa_p1,1,stock_level3,29,stock_qiskit,stock Qiskit Level 3 baseline,94,94,92,53,19.90400000000001,0.0,0.010183199992752634,0.0107245000108378,0,5.031617040794136e-15,4.7331212359997515e-15,7.457243046876123,7.457243046876194,False,0,nan,nan,0.0,"[9, 3, 8, 5, 11, 15, 7, 1, 6, 0, 2, 4, 10, 12, 13, 14]"
workload,cubic,80003,30340927,0.2,qaoa_p1,1,hybrid_level3,29,qiskit_fallback,density 0.200 is below the V4 window,94,94,92,53,19.90400000000001,0.0,0.0104328000015812,0.011350300002959557,0,5.031617040794136e-15,4.7331212359997515e-15,7.457243046876123,7.457243046876194,False,0,nan,nan,0.0,"[9, 3, 8, 5, 11, 15, 7, 1, 6, 0, 2, 4, 10, 12, 13, 14]"
workload,cubic,80003,30340927,0.2,qaoa_p1,1,stock_level3,47,stock_qiskit,stock Qiskit Level 3 baseline,97,97,108,64,25.991111111111117,0.0,0.010330100005376153,0.011258400001679547,0,5.479425530549439e-15,5.061938089254598e-15,7.457243046876123,7.457243046876199,False,0,nan,nan,0.0,"[0, 7, 4, 6, 1, 5, 8, 12, 13, 15, 10, 14, 11, 9, 3, 2]"
workload,cubic,80003,30340927,0.2,qaoa_p1,1,hybrid_level3,47,qiskit_fallback,density 0.200 is below the V4 window,97,97,108,64,25.991111111111117,0.0,0.010215100002824329,0.01112180000927765,0,5.479425530549439e-15,5.061938089254598e-15,7.457243046876123,7.457243046876199,False,0,nan,nan,0.0,"[0, 7, 4, 6, 1, 5, 8, 12, 13, 15, 10, 14, 11, 9, 3, 2]"
workload,cubic,80003,30340927,0.2,qaoa_p2,2,stock_level3,11,stock_qiskit,stock Qiskit Level 3 baseline,209,209,174,102,39.51644444444449,0.0,0.013714599990635179,0.014509699991322123,0,7.876041494876284e-15,7.515396956701272e-15,11.64991272017617,11.649912720176344,False,0,nan,nan,0.0,"[6, 0, 4, 1, 15, 7, 14, 9, 5, 2, 3, 8, 11, 13, 12, 10]"
workload,cubic,80003,30340927,0.2,qaoa_p2,2,hybrid_level3,11,qiskit_fallback,density 0.200 is below the V4 window,209,209,174,102,39.51644444444449,0.0,0.014097599996603094,0.015489099998376332,0,7.876041494876284e-15,7.515396956701272e-15,11.64991272017617,11.649912720176344,False,0,nan,nan,0.0,"[6, 0, 4, 1, 15, 7, 14, 9, 5, 2, 3, 8, 11, 13, 12, 10]"
workload,cubic,80003,30340927,0.2,qaoa_p2,2,stock_level3,29,stock_qiskit,stock Qiskit Level 3 baseline,207,207,220,122,46.31466666666671,0.0,0.01354699999501463,0.01435959999798797,0,7.455835832766448e-15,7.04234181529551e-15,11.64991272017617,11.649912720176332,False,0,nan,nan,0.0,"[6, 0, 1, 2, 4, 15, 13, 9, 8, 3, 5, 11, 14, 12, 10, 7]"
workload,cubic,80003,30340927,0.2,qaoa_p2,2,hybrid_level3,29,qiskit_fallback,density 0.200 is below the V4 window,207,207,220,122,46.31466666666671,0.0,0.01417090000177268,0.01563460000033956,0,7.455835832766448e-15,7.04234181529551e-15,11.64991272017617,11.649912720176332,False,0,nan,nan,0.0,"[6, 0, 1, 2, 4, 15, 13, 9, 8, 3, 5, 11, 14, 12, 10, 7]"
workload,cubic,80003,30340927,0.2,qaoa_p2,2,stock_level3,47,stock_qiskit,stock Qiskit Level 3 baseline,211,211,224,131,50.08355555555562,0.0,0.013931300010881387,0.01471740000124555,0,6.93346669651918e-15,6.4751008164718824e-15,11.64991272017617,11.649912720176319,False,0,nan,nan,0.0,"[6, 0, 1, 2, 4, 15, 13, 9, 8, 3, 5, 11, 14, 12, 10, 7]"
workload,cubic,80003,30340927,0.2,qaoa_p2,2,hybrid_level3,47,qiskit_fallback,density 0.200 is below the V4 window,211,211,224,131,50.08355555555562,0.0,0.014379400003235787,0.015800999986822717,0,6.93346669651918e-15,6.4751008164718824e-15,11.64991272017617,11.649912720176319,False,0,nan,nan,0.0,"[6, 0, 1, 2, 4, 15, 13, 9, 8, 3, 5, 11, 14, 12, 10, 7]"
workload,cubic,80004,30340928,0.2,qaoa_p1,1,stock_level3,11,stock_qiskit,stock Qiskit Level 3 baseline,96,96,123,57,23.381333333333345,0.0,0.010436500000650994,0.010940099993604235,0,5.958242092290634e-15,5.7840100802082205e-15,11.794971732341258,11.794971732341391,False,0,nan,nan,0.0,"[9, 15, 13, 10, 14, 12, 6, 0, 7, 4, 1, 2, 3, 11, 8, 5]"
workload,cubic,80004,30340928,0.2,qaoa_p1,1,hybrid_level3,11,qiskit_fallback,density 0.200 is below the V4 window,96,96,123,57,23.381333333333345,0.0,0.01028740000037942,0.011191700003109872,0,5.958242092290634e-15,5.7840100802082205e-15,11.794971732341258,11.794971732341391,False,0,nan,nan,0.0,"[9, 15, 13, 10, 14, 12, 6, 0, 7, 4, 1, 2, 3, 11, 8, 5]"
workload,cubic,80004,30340928,0.2,qaoa_p1,1,stock_level3,29,stock_qiskit,stock Qiskit Level 3 baseline,96,96,108,64,25.60000000000001,0.0,0.012508599989814684,0.01329599999007769,0,5.947058860109057e-15,5.776879863008771e-15,11.794971732341258,11.794971732341391,False,0,nan,nan,0.0,"[6, 15, 14, 11, 12, 13, 0, 3, 8, 9, 5, 1, 2, 10, 7, 4]"
workload,cubic,80004,30340928,0.2,qaoa_p1,1,hybrid_level3,29,qiskit_fallback,density 0.200 is below the V4 window,96,96,108,64,25.60000000000001,0.0,0.013243699999293312,0.01460350000706967,0,5.947058860109057e-15,5.776879863008771e-15,11.794971732341258,11.794971732341391,False,0,nan,nan,0.0,"[6, 15, 14, 11, 12, 13, 0, 3, 8, 9, 5, 1, 2, 10, 7, 4]"
workload,cubic,80004,30340928,0.2,qaoa_p1,1,stock_level3,47,stock_qiskit,stock Qiskit Level 3 baseline,97,97,124,65,26.531555555555567,0.0,0.010625399998389184,0.01118599998881109,0,6.280500999772132e-15,6.126454227681403e-15,11.794971732341258,11.7949717323414,False,0,nan,nan,0.0,"[9, 12, 15, 6, 14, 13, 10, 0, 7, 4, 1, 2, 3, 11, 8, 5]"
workload,cubic,80004,30340928,0.2,qaoa_p1,1,hybrid_level3,47,qiskit_fallback,density 0.200 is below the V4 window,97,97,124,65,26.531555555555567,0.0,0.010074699996039271,0.013116900008753873,0,6.280500999772132e-15,6.126454227681403e-15,11.794971732341258,11.7949717323414,False,0,nan,nan,0.0,"[9, 12, 15, 6, 14, 13, 10, 0, 7, 4, 1, 2, 3, 11, 8, 5]"
workload,cubic,80004,30340928,0.2,qaoa_p2,2,stock_level3,11,stock_qiskit,stock Qiskit Level 3 baseline,217,217,177,103,40.149333333333374,0.0,0.013661699995282106,0.014429599992581643,0,5.86442326766793e-15,5.610655115174629e-15,12.00361368065224,12.003613680652377,False,0,nan,nan,0.0,"[15, 6, 7, 1, 4, 0, 2, 9, 3, 5, 8, 14, 11, 10, 12, 13]"
workload,cubic,80004,30340928,0.2,qaoa_p2,2,hybrid_level3,11,qiskit_fallback,density 0.200 is below the V4 window,217,217,177,103,40.149333333333374,0.0,0.01379810000071302,0.015177799999946728,0,5.86442326766793e-15,5.610655115174629e-15,12.00361368065224,12.003613680652377,False,0,nan,nan,0.0,"[15, 6, 7, 1, 4, 0, 2, 9, 3, 5, 8, 14, 11, 10, 12, 13]"
workload,cubic,80004,30340928,0.2,qaoa_p2,2,stock_level3,29,stock_qiskit,stock Qiskit Level 3 baseline,215,215,166,91,36.55822222222225,0.0,0.016901999988476746,0.018062000002828427,0,7.352254392906275e-15,7.060381176656575e-15,12.00361368065224,12.003613680652414,False,0,nan,nan,0.0,"[7, 4, 6, 2, 10, 0, 1, 5, 3, 9, 8, 14, 11, 13, 12, 15]"
workload,cubic,80004,30340928,0.2,qaoa_p2,2,hybrid_level3,29,qiskit_fallback,density 0.200 is below the V4 window,215,215,166,91,36.55822222222225,0.0,0.015149500002735294,0.01696609999635257,0,7.352254392906275e-15,7.060381176656575e-15,12.00361368065224,12.003613680652414,False,0,nan,nan,0.0,"[7, 4, 6, 2, 10, 0, 1, 5, 3, 9, 8, 14, 11, 13, 12, 15]"
workload,cubic,80004,30340928,0.2,qaoa_p2,2,stock_level3,47,stock_qiskit,stock Qiskit Level 3 baseline,210,210,201,113,46.57066666666668,0.0,0.013619399993331172,0.01441540000087116,0,5.520335850528651e-15,5.05479003170804e-15,12.00361368065224,12.003613680652363,False,0,nan,nan,0.0,"[9, 15, 13, 10, 14, 12, 6, 0, 7, 4, 1, 3, 2, 11, 8, 5]"
workload,cubic,80004,30340928,0.2,qaoa_p2,2,hybrid_level3,47,qiskit_fallback,density 0.200 is below the V4 window,210,210,201,113,46.57066666666668,0.0,0.014199399985955097,0.015748999998322688,0,5.520335850528651e-15,5.05479003170804e-15,12.00361368065224,12.003613680652363,False,0,nan,nan,0.0,"[9, 15, 13, 10, 14, 12, 6, 0, 7, 4, 1, 3, 2, 11, 8, 5]"
workload,cubic,80005,30340929,0.2,qaoa_p1,1,stock_level3,11,stock_qiskit,stock Qiskit Level 3 baseline,97,97,97,56,20.62222222222223,0.0,0.010886899995966814,0.01138320000609383,0,4.671134591769436e-15,4.353159022983943e-15,12.034201074513707,12.034201074513811,False,0,nan,nan,0.0,"[3, 7, 6, 15, 11, 2, 5, 13, 8, 9, 14, 12, 10, 4, 1, 0]"
workload,cubic,80005,30340929,0.2,qaoa_p1,1,hybrid_level3,11,qiskit_fallback,density 0.200 is below the V4 window,97,97,97,56,20.62222222222223,0.0,0.01056819999939762,0.011453300001448952,0,4.671134591769436e-15,4.353159022983943e-15,12.034201074513707,12.034201074513811,False,0,nan,nan,0.0,"[3, 7, 6, 15, 11, 2, 5, 13, 8, 9, 14, 12, 10, 4, 1, 0]"
workload,cubic,80005,30340929,0.2,qaoa_p1,1,stock_level3,29,stock_qiskit,stock Qiskit Level 3 baseline,107,107,102,69,28.14577777777778,0.0,0.010838400005013682,0.011395499997888692,0,4.714976149328182e-15,4.545941155424514e-15,12.034201074513707,12.034201074513815,False,0,nan,nan,0.0,"[0, 6, 7, 15, 8, 11, 3, 9, 2, 1, 10, 4, 5, 14, 13, 12]"
workload,cubic,80005,30340929,0.2,qaoa_p1,1,hybrid_level3,29,qiskit_fallback,density 0.200 is below the V4 window,107,107,102,69,28.14577777777778,0.0,0.08799200000066776,0.0891222999925958,0,4.714976149328182e-15,4.545941155424514e-15,12.034201074513707,12.034201074513815,False,0,nan,nan,0.0,"[0, 6, 7, 15, 8, 11, 3, 9, 2, 1, 10, 4, 5, 14, 13, 12]"
workload,cubic,80005,30340929,0.2,qaoa_p1,1,stock_level3,47,stock_qiskit,stock Qiskit Level 3 baseline,103,103,113,72,28.12444444444445,0.0,0.010837599998922087,0.011424900003476068,0,4.042327383786433e-15,3.686302162763315e-15,12.034201074513707,12.034201074513796,False,0,nan,nan,0.0,"[1, 4, 0, 3, 8, 6, 9, 13, 14, 11, 5, 2, 7, 15, 12, 10]"
workload,cubic,80005,30340929,0.2,qaoa_p1,1,hybrid_level3,47,qiskit_fallback,density 0.200 is below the V4 window,103,103,113,72,28.12444444444445,0.0,0.01111200000741519,0.012352899997495115,0,4.042327383786433e-15,3.686302162763315e-15,12.034201074513707,12.034201074513796,False,0,nan,nan,0.0,"[1, 4, 0, 3, 8, 6, 9, 13, 14, 11, 5, 2, 7, 15, 12, 10]"
workload,cubic,80005,30340929,0.2,qaoa_p2,2,stock_level3,11,stock_qiskit,stock Qiskit Level 3 baseline,219,219,166,97,36.30222222222225,0.0,0.01369900000281632,0.014486000000033528,0,8.037373293458523e-15,7.769661685598564e-15,11.076824594998834,11.076824594999007,False,0,nan,nan,0.0,"[0, 2, 6, 15, 8, 12, 9, 3, 5, 11, 14, 13, 10, 7, 4, 1]"
workload,cubic,80005,30340929,0.2,qaoa_p2,2,hybrid_level3,11,qiskit_fallback,density 0.200 is below the V4 window,219,219,166,97,36.30222222222225,0.0,0.01416130000143312,0.015624199993908405,0,8.037373293458523e-15,7.769661685598564e-15,11.076824594998834,11.076824594999007,False,0,nan,nan,0.0,"[0, 2, 6, 15, 8, 12, 9, 3, 5, 11, 14, 13, 10, 7, 4, 1]"
workload,cubic,80005,30340929,0.2,qaoa_p2,2,stock_level3,29,stock_qiskit,stock Qiskit Level 3 baseline,238,238,168,101,38.71288888888892,0.0,0.01461090000520926,0.015444699994986877,0,8.73735354681455e-15,8.365983270358148e-15,11.076824594998834,11.076824594999021,False,0,nan,nan,0.0,"[9, 14, 12, 15, 6, 2, 7, 1, 0, 4, 10, 13, 11, 3, 5, 8]"
workload,cubic,80005,30340929,0.2,qaoa_p2,2,hybrid_level3,29,qiskit_fallback,density 0.200 is below the V4 window,238,238,168,101,38.71288888888892,0.0,0.015278299993951805,0.016778100005467422,0,8.73735354681455e-15,8.365983270358148e-15,11.076824594998834,11.076824594999021,False,0,nan,nan,0.0,"[9, 14, 12, 15, 6, 2, 7, 1, 0, 4, 10, 13, 11, 3, 5, 8]"
workload,cubic,80005,30340929,0.2,qaoa_p2,2,stock_level3,47,stock_qiskit,stock Qiskit Level 3 baseline,229,229,151,95,38.69155555555559,0.0,0.01430699999036733,0.01523099999758415,0,8.060253653794302e-15,7.779525575457922e-15,11.076824594998834,11.076824594999007,False,0,nan,nan,0.0,"[15, 13, 9, 8, 5, 6, 4, 2, 0, 12, 14, 11, 3, 1, 7, 10]"
workload,cubic,80005,30340929,0.2,qaoa_p2,2,hybrid_level3,47,qiskit_fallback,density 0.200 is below the V4 window,229,229,151,95,38.69155555555559,0.0,0.01982509999652393,0.021445200007292442,0,8.060253653794302e-15,7.779525575457922e-15,11.076824594998834,11.076824594999007,False,0,nan,nan,0.0,"[15, 13, 9, 8, 5, 6, 4, 2, 0, 12, 14, 11, 3, 1, 7, 10]"
workload,cubic,80006,30340930,0.2,qaoa_p1,1,stock_level3,11,stock_qiskit,stock Qiskit Level 3 baseline,101,101,103,65,25.294222222222228,0.0,0.009586899992427789,0.010088499999255873,0,4.305552687229406e-15,4.1067819495545094e-15,10.757411544435264,10.757411544435355,False,0,nan,nan,0.0,"[11, 5, 7, 4, 6, 0, 15, 14, 9, 8, 3, 2, 1, 10, 12, 13]"
workload,cubic,80006,30340930,0.2,qaoa_p1,1,hybrid_level3,11,qiskit_fallback,density 0.200 is below the V4 window,101,101,103,65,25.294222222222228,0.0,0.009814499993808568,0.010704600004828535,0,4.305552687229406e-15,4.1067819495545094e-15,10.757411544435264,10.757411544435355,False,0,nan,nan,0.0,"[11, 5, 7, 4, 6, 0, 15, 14, 9, 8, 3, 2, 1, 10, 12, 13]"
workload,cubic,80006,30340930,0.2,qaoa_p1,1,stock_level3,29,stock_qiskit,stock Qiskit Level 3 baseline,100,100,103,65,24.775111111111116,0.0,0.010018800006946549,0.010542500007431954,0,4.8982985961083506e-15,4.702541197585409e-15,10.757411544435264,10.757411544435367,False,0,nan,nan,0.0,"[8, 12, 11, 4, 0, 1, 2, 5, 3, 9, 15, 7, 6, 10, 13, 14]"
workload,cubic,80006,30340930,0.2,qaoa_p1,1,hybrid_level3,29,qiskit_fallback,density 0.200 is below the V4 window,100,100,103,65,24.775111111111116,0.0,0.010525599995162338,0.011469899996882305,0,4.8982985961083506e-15,4.702541197585409e-15,10.757411544435264,10.757411544435367,False,0,nan,nan,0.0,"[8, 12, 11, 4, 0, 1, 2, 5, 3, 9, 15, 7, 6, 10, 13, 14]"
workload,cubic,80006,30340930,0.2,qaoa_p1,1,stock_level3,47,stock_qiskit,stock Qiskit Level 3 baseline,89,89,111,60,24.142222222222227,0.0,0.010037100000772625,0.010553899992373772,0,5.570838146243085e-15,5.382867358602201e-15,10.757411544435264,10.757411544435383,False,0,nan,nan,0.0,"[9, 8, 1, 0, 6, 10, 12, 11, 15, 14, 13, 7, 4, 2, 3, 5]"
workload,cubic,80006,30340930,0.2,qaoa_p1,1,hybrid_level3,47,qiskit_fallback,density 0.200 is below the V4 window,89,89,111,60,24.142222222222227,0.0,0.010318999993614852,0.01125510000565555,0,5.570838146243085e-15,5.382867358602201e-15,10.757411544435264,10.757411544435383,False,0,nan,nan,0.0,"[9, 8, 1, 0, 6, 10, 12, 11, 15, 14, 13, 7, 4, 2, 3, 5]"
workload,cubic,80006,30340930,0.2,qaoa_p2,2,stock_level3,11,stock_qiskit,stock Qiskit Level 3 baseline,211,211,154,92,37.34044444444447,0.0,0.014575599998352118,0.015379999997094274,0,8.6777575665061e-15,8.252716544569924e-15,8.309932866328632,8.309932866328763,False,0,nan,nan,0.0,"[11, 5, 6, 12, 15, 4, 13, 14, 9, 8, 3, 2, 0, 1, 7, 10]"
workload,cubic,80006,30340930,0.2,qaoa_p2,2,hybrid_level3,11,qiskit_fallback,density 0.200 is below the V4 window,211,211,154,92,37.34044444444447,0.0,0.013729600002989173,0.015152899999520741,0,8.6777575665061e-15,8.252716544569924e-15,8.309932866328632,8.309932866328763,False,0,nan,nan,0.0,"[11, 5, 6, 12, 15, 4, 13, 14, 9, 8, 3, 2, 0, 1, 7, 10]"
workload,cubic,80006,30340930,0.2,qaoa_p2,2,stock_level3,29,stock_qiskit,stock Qiskit Level 3 baseline,220,220,178,106,42.00533333333337,0.0,0.014132900003460236,0.014948900003219023,0,7.722863909086473e-15,7.256716752570498e-15,8.309932866328632,8.309932866328747,False,0,nan,nan,0.0,"[0, 14, 8, 9, 15, 10, 6, 3, 4, 7, 12, 13, 11, 5, 2, 1]"
workload,cubic,80006,30340930,0.2,qaoa_p2,2,hybrid_level3,29,qiskit_fallback,density 0.200 is below the V4 window,220,220,178,106,42.00533333333337,0.0,0.013567200003308244,0.015022199993836693,0,7.722863909086473e-15,7.256716752570498e-15,8.309932866328632,8.309932866328747,False,0,nan,nan,0.0,"[0, 14, 8, 9, 15, 10, 6, 3, 4, 7, 12, 13, 11, 5, 2, 1]"
workload,cubic,80006,30340930,0.2,qaoa_p2,2,stock_level3,47,stock_qiskit,stock Qiskit Level 3 baseline,212,212,171,101,39.63022222222226,0.0,0.015403400000650436,0.01619330000539776,0,8.804927077924014e-15,8.274029529249886e-15,8.309932866328632,8.309932866328765,False,0,nan,nan,0.0,"[4, 2, 11, 13, 15, 8, 6, 7, 0, 1, 3, 5, 9, 14, 12, 10]"
workload,cubic,80006,30340930,0.2,qaoa_p2,2,hybrid_level3,47,qiskit_fallback,density 0.200 is below the V4 window,212,212,171,101,39.63022222222226,0.0,0.013530900003388524,0.014928499993402511,0,8.804927077924014e-15,8.274029529249886e-15,8.309932866328632,8.309932866328765,False,0,nan,nan,0.0,"[4, 2, 11, 13, 15, 8, 6, 7, 0, 1, 3, 5, 9, 14, 12, 10]"
workload,cubic,80007,30340931,0.2,qaoa_p1,1,stock_level3,11,stock_qiskit,stock Qiskit Level 3 baseline,104,104,98,57,22.80533333333334,0.0,0.010167099986574613,0.01069140000618063,0,5.710713489339643e-15,5.47302492083149e-15,9.134228203417798,9.134228203417896,False,0,nan,nan,0.0,"[15, 11, 14, 9, 8, 7, 6, 0, 1, 5, 3, 2, 4, 10, 12, 13]"
workload,cubic,80007,30340931,0.2,qaoa_p1,1,hybrid_level3,11,qiskit_fallback,density 0.200 is below the V4 window,104,104,98,57,22.80533333333334,0.0,0.010391400006483309,0.011294600000837818,0,5.710713489339643e-15,5.47302492083149e-15,9.134228203417798,9.134228203417896,False,0,nan,nan,0.0,"[15, 11, 14, 9, 8, 7, 6, 0, 1, 5, 3, 2, 4, 10, 12, 13]"
workload,cubic,80007,30340931,0.2,qaoa_p1,1,stock_level3,29,stock_qiskit,stock Qiskit Level 3 baseline,101,101,84,49,18.88711111111112,0.0,0.00996389999636449,0.010578300003544427,0,3.981419141128161e-15,3.6603664302899275e-15,9.134228203417798,9.134228203417862,False,0,nan,nan,0.0,"[8, 13, 9, 5, 3, 2, 6, 4, 15, 1, 0, 7, 10, 12, 14, 11]"
workload,cubic,80007,30340931,0.2,qaoa_p1,1,hybrid_level3,29,qiskit_fallback,density 0.200 is below the V4 window,101,101,84,49,18.88711111111112,0.0,0.010121999992406927,0.010999799997080117,0,3.981419141128161e-15,3.6603664302899275e-15,9.134228203417798,9.134228203417862,False,0,nan,nan,0.0,"[8, 13, 9, 5, 3, 2, 6, 4, 15, 1, 0, 7, 10, 12, 14, 11]"
workload,cubic,80007,30340931,0.2,qaoa_p1,1,stock_level3,47,stock_qiskit,stock Qiskit Level 3 baseline,101,101,90,55,22.42844444444446,0.0,0.010931900003924966,0.011536300007719547,0,4.020181094789304e-15,3.642605178812277e-15,9.134228203417798,9.13422820341786,False,0,nan,nan,0.0,"[15, 11, 14, 9, 8, 0, 7, 6, 1, 5, 3, 2, 4, 10, 12, 13]"
workload,cubic,80007,30340931,0.2,qaoa_p1,1,hybrid_level3,47,qiskit_fallback,density 0.200 is below the V4 window,101,101,90,55,22.42844444444446,0.0,0.010800499992910773,0.011731099992175587,0,4.020181094789304e-15,3.642605178812277e-15,9.134228203417798,9.13422820341786,False,0,nan,nan,0.0,"[15, 11, 14, 9, 8, 0, 7, 6, 1, 5, 3, 2, 4, 10, 12, 13]"
workload,cubic,80007,30340931,0.2,qaoa_p2,2,stock_level3,11,stock_qiskit,stock Qiskit Level 3 baseline,208,208,149,84,32.384,0.0,0.014186500004143454,0.015004799992311746,0,7.697527283842149e-15,7.36122886252591e-15,12.101688803395831,12.10168880339601,False,0,nan,nan,0.0,"[0, 5, 3, 8, 9, 15, 6, 13, 10, 11, 14, 12, 7, 4, 1, 2]"
workload,cubic,80007,30340931,0.2,qaoa_p2,2,hybrid_level3,11,qiskit_fallback,density 0.200 is below the V4 window,208,208,149,84,32.384,0.0,0.014371299999766052,0.0157953999878373,0,7.697527283842149e-15,7.36122886252591e-15,12.101688803395831,12.10168880339601,False,0,nan,nan,0.0,"[0, 5, 3, 8, 9, 15, 6, 13, 10, 11, 14, 12, 7, 4, 1, 2]"
workload,cubic,80007,30340931,0.2,qaoa_p2,2,stock_level3,29,stock_qiskit,stock Qiskit Level 3 baseline,224,224,169,102,39.36711111111115,0.0,0.015795400002389215,0.016741500003263354,0,7.359183832640694e-15,7.0884299226330314e-15,12.101688803395831,12.101688803396002,False,0,nan,nan,0.0,"[13, 9, 5, 3, 0, 4, 12, 6, 15, 2, 1, 7, 10, 14, 11, 8]"
workload,cubic,80007,30340931,0.2,qaoa_p2,2,hybrid_level3,29,qiskit_fallback,density 0.200 is below the V4 window,224,224,169,102,39.36711111111115,0.0,0.016712500000721775,0.019241999994846992,0,7.359183832640694e-15,7.0884299226330314e-15,12.101688803395831,12.101688803396002,False,0,nan,nan,0.0,"[13, 9, 5, 3, 0, 4, 12, 6, 15, 2, 1, 7, 10, 14, 11, 8]"
workload,cubic,80007,30340931,0.2,qaoa_p2,2,stock_level3,47,stock_qiskit,stock Qiskit Level 3 baseline,214,214,150,90,36.046222222222255,0.0,0.015346999993198551,0.016376500003389083,0,7.559173853816798e-15,7.237832431099246e-15,12.101688803395831,12.101688803396007,False,0,nan,nan,0.0,"[14, 15, 11, 8, 9, 0, 6, 2, 1, 5, 3, 4, 7, 10, 12, 13]"
workload,cubic,80007,30340931,0.2,qaoa_p2,2,hybrid_level3,47,qiskit_fallback,density 0.200 is below the V4 window,214,214,150,90,36.046222222222255,0.0,0.014005300006829202,0.015421700009028427,0,7.559173853816798e-15,7.237832431099246e-15,12.101688803395831,12.101688803396007,False,0,nan,nan,0.0,"[14, 15, 11, 8, 9, 0, 6, 2, 1, 5, 3, 4, 7, 10, 12, 13]"
workload,cubic,80008,30340932,0.2,qaoa_p1,1,stock_level3,11,stock_qiskit,stock Qiskit Level 3 baseline,103,103,100,60,24.007111111111115,0.0,0.010362499990151264,0.010938399995211512,0,4.691336928560996e-15,4.4057891283171225e-15,12.9404889277639,12.940488927764008,False,0,nan,nan,0.0,"[15, 6, 11, 3, 1, 0, 2, 5, 9, 8, 14, 13, 12, 4, 7, 10]"
workload,cubic,80008,30340932,0.2,qaoa_p1,1,hybrid_level3,11,qiskit_fallback,density 0.200 is below the V4 window,103,103,100,60,24.007111111111115,0.0,0.010149299996555783,0.011122900003101677,0,4.691336928560996e-15,4.4057891283171225e-15,12.9404889277639,12.940488927764008,False,0,nan,nan,0.0,"[15, 6, 11, 3, 1, 0, 2, 5, 9, 8, 14, 13, 12, 4, 7, 10]"
workload,cubic,80008,30340932,0.2,qaoa_p1,1,stock_level3,29,stock_qiskit,stock Qiskit Level 3 baseline,108,108,120,76,31.018666666666675,0.0,0.010276400003931485,0.011303099992801435,0,5.678321327000612e-15,5.4438181836482645e-15,12.9404889277639,12.940488927764033,False,0,nan,nan,0.0,"[1, 6, 2, 9, 14, 11, 13, 8, 5, 3, 0, 10, 12, 15, 7, 4]"
workload,cubic,80008,30340932,0.2,qaoa_p1,1,hybrid_level3,29,qiskit_fallback,density 0.200 is below the V4 window,108,108,120,76,31.018666666666675,0.0,0.012056099993060343,0.013273800010210834,0,5.678321327000612e-15,5.4438181836482645e-15,12.9404889277639,12.940488927764033,False,0,nan,nan,0.0,"[1, 6, 2, 9, 14, 11, 13, 8, 5, 3, 0, 10, 12, 15, 7, 4]"
workload,cubic,80008,30340932,0.2,qaoa_p1,1,stock_level3,47,stock_qiskit,stock Qiskit Level 3 baseline,104,104,121,59,24.405333333333335,0.0,0.01306109999131877,0.013839499995810911,0,4.605641628053065e-15,4.273326519857782e-15,12.9404889277639,12.940488927764008,False,0,nan,nan,0.0,"[14, 9, 11, 5, 8, 3, 1, 0, 2, 4, 12, 13, 15, 10, 7, 6]"
workload,cubic,80008,30340932,0.2,qaoa_p1,1,hybrid_level3,47,qiskit_fallback,density 0.200 is below the V4 window,104,104,121,59,24.405333333333335,0.0,0.010193999987677671,0.011539099999936298,0,4.605641628053065e-15,4.273326519857782e-15,12.9404889277639,12.940488927764008,False,0,nan,nan,0.0,"[14, 9, 11, 5, 8, 3, 1, 0, 2, 4, 12, 13, 15, 10, 7, 6]"
workload,cubic,80008,30340932,0.2,qaoa_p2,2,stock_level3,11,stock_qiskit,stock Qiskit Level 3 baseline,230,230,175,100,38.414222222222264,0.0,0.014420899999095127,0.015512400001171045,0,6.247222300561444e-15,5.882886352017523e-15,11.999565747604507,11.999565747604649,False,0,nan,nan,0.0,"[9, 15, 12, 4, 1, 0, 2, 6, 7, 10, 14, 13, 11, 3, 5, 8]"
workload,cubic,80008,30340932,0.2,qaoa_p2,2,hybrid_level3,11,qiskit_fallback,density 0.200 is below the V4 window,230,230,175,100,38.414222222222264,0.0,0.01428049999231007,0.015731500010588206,0,6.247222300561444e-15,5.882886352017523e-15,11.999565747604507,11.999565747604649,False,0,nan,nan,0.0,"[9, 15, 12, 4, 1, 0, 2, 6, 7, 10, 14, 13, 11, 3, 5, 8]"
workload,cubic,80008,30340932,0.2,qaoa_p2,2,stock_level3,29,stock_qiskit,stock Qiskit Level 3 baseline,232,232,146,86,33.24444444444447,0.0,0.015102300007129088,0.015946900006383657,0,8.51199853345403e-15,8.285707543522972e-15,11.999565747604507,11.999565747604706,False,0,nan,nan,0.0,"[2, 0, 1, 13, 6, 15, 10, 8, 9, 5, 3, 4, 7, 12, 14, 11]"
workload,cubic,80008,30340932,0.2,qaoa_p2,2,hybrid_level3,29,qiskit_fallback,density 0.200 is below the V4 window,232,232,146,86,33.24444444444447,0.0,0.015142499993089586,0.016739500002586283,0,8.51199853345403e-15,8.285707543522972e-15,11.999565747604507,11.999565747604706,False,0,nan,nan,0.0,"[2, 0, 1, 13, 6, 15, 10, 8, 9, 5, 3, 4, 7, 12, 14, 11]"
workload,cubic,80008,30340932,0.2,qaoa_p2,2,stock_level3,47,stock_qiskit,stock Qiskit Level 3 baseline,229,229,151,92,35.29955555555557,0.0,0.014779499993892387,0.015632800001185387,0,8.017849706484122e-15,7.574623055330673e-15,11.999565747604507,11.99956574760469,False,0,nan,nan,0.0,"[0, 11, 6, 14, 8, 9, 5, 13, 15, 12, 7, 10, 4, 3, 2, 1]"
workload,cubic,80008,30340932,0.2,qaoa_p2,2,hybrid_level3,47,qiskit_fallback,density 0.200 is below the V4 window,229,229,151,92,35.29955555555557,0.0,0.01469169999472797,0.016143800006830133,0,8.017849706484122e-15,7.574623055330673e-15,11.999565747604507,11.99956574760469,False,0,nan,nan,0.0,"[0, 11, 6, 14, 8, 9, 5, 13, 15, 12, 7, 10, 4, 3, 2, 1]"
workload,cubic,80009,30340933,0.2,qaoa_p1,1,stock_level3,11,stock_qiskit,stock Qiskit Level 3 baseline,97,97,107,63,24.142222222222227,0.0,0.011486399991554208,0.012096599995857105,0,4.336063271732753e-15,4.054661507815468e-15,12.00171551251558,12.001715512515679,False,0,nan,nan,0.0,"[14, 12, 15, 1, 7, 6, 0, 2, 3, 4, 10, 13, 11, 9, 8, 5]"
workload,cubic,80009,30340933,0.2,qaoa_p1,1,hybrid_level3,11,qiskit_fallback,density 0.200 is below the V4 window,97,97,107,63,24.142222222222227,0.0,0.011313099996186793,0.012243600009242073,0,4.336063271732753e-15,4.054661507815468e-15,12.00171551251558,12.001715512515679,False,0,nan,nan,0.0,"[14, 12, 15, 1, 7, 6, 0, 2, 3, 4, 10, 13, 11, 9, 8, 5]"
workload,cubic,80009,30340933,0.2,qaoa_p1,1,stock_level3,29,stock_qiskit,stock Qiskit Level 3 baseline,95,95,119,70,26.126222222222232,0.0,0.010618999993312173,0.011813300006906502,0,5.982815953521121e-15,5.734166143271162e-15,12.00171551251558,12.001715512515716,False,0,nan,nan,0.0,"[3, 13, 12, 6, 15, 4, 1, 0, 2, 7, 10, 14, 11, 9, 8, 5]"
workload,cubic,80009,30340933,0.2,qaoa_p1,1,hybrid_level3,29,qiskit_fallback,density 0.200 is below the V4 window,95,95,119,70,26.126222222222232,0.0,0.010543099997448735,0.011521099993842654,0,5.982815953521121e-15,5.734166143271162e-15,12.00171551251558,12.001715512515716,False,0,nan,nan,0.0,"[3, 13, 12, 6, 15, 4, 1, 0, 2, 7, 10, 14, 11, 9, 8, 5]"
workload,cubic,80009,30340933,0.2,qaoa_p1,1,stock_level3,47,stock_qiskit,stock Qiskit Level 3 baseline,100,100,124,74,28.13155555555556,0.0,0.011121299990918487,0.011711200000718236,0,6.483275004995271e-15,6.283774492251264e-15,12.00171551251558,12.001715512515728,False,0,nan,nan,0.0,"[3, 6, 12, 7, 15, 4, 0, 1, 2, 10, 13, 14, 11, 9, 8, 5]"
workload,cubic,80009,30340933,0.2,qaoa_p1,1,hybrid_level3,47,qiskit_fallback,density 0.200 is below the V4 window,100,100,124,74,28.13155555555556,0.0,0.010824900004081428,0.011886499996762723,0,6.483275004995271e-15,6.283774492251264e-15,12.00171551251558,12.001715512515728,False,0,nan,nan,0.0,"[3, 6, 12, 7, 15, 4, 0, 1, 2, 10, 13, 14, 11, 9, 8, 5]"
workload,cubic,80009,30340933,0.2,qaoa_p2,2,stock_level3,11,stock_qiskit,stock Qiskit Level 3 baseline,218,218,206,118,45.84533333333337,0.0,0.01876250001078006,0.01973549999820534,0,5.403937486124971e-15,5.114001605873065e-15,12.003653807297873,12.003653807297997,False,0,nan,nan,0.0,"[15, 0, 2, 9, 5, 8, 11, 13, 14, 3, 1, 4, 6, 7, 10, 12]"
workload,cubic,80009,30340933,0.2,qaoa_p2,2,hybrid_level3,11,qiskit_fallback,density 0.200 is below the V4 window,218,218,206,118,45.84533333333337,0.0,0.014365900002303533,0.015918799996143207,0,5.403937486124971e-15,5.114001605873065e-15,12.003653807297873,12.003653807297997,False,0,nan,nan,0.0,"[15, 0, 2, 9, 5, 8, 11, 13, 14, 3, 1, 4, 6, 7, 10, 12]"
workload,cubic,80009,30340933,0.2,qaoa_p2,2,stock_level3,29,stock_qiskit,stock Qiskit Level 3 baseline,213,213,194,106,43.84000000000003,0.0,0.01431379999849014,0.015140699993935414,0,6.448455830240916e-15,6.1855880402643275e-15,12.003653807297873,12.003653807298022,False,0,nan,nan,0.0,"[0, 12, 15, 9, 14, 8, 5, 3, 2, 11, 13, 10, 6, 7, 4, 1]"
workload,cubic,80009,30340933,0.2,qaoa_p2,2,hybrid_level3,29,qiskit_fallback,density 0.200 is below the V4 window,213,213,194,106,43.84000000000003,0.0,0.020378799992613494,0.022775700010242872,0,6.448455830240916e-15,6.1855880402643275e-15,12.003653807297873,12.003653807298022,False,0,nan,nan,0.0,"[0, 12, 15, 9, 14, 8, 5, 3, 2, 11, 13, 10, 6, 7, 4, 1]"
workload,cubic,80009,30340933,0.2,qaoa_p2,2,stock_level3,47,stock_qiskit,stock Qiskit Level 3 baseline,219,219,164,103,43.08622222222229,0.0,0.013895399999455549,0.01518489999580197,0,5.8104266114826584e-15,5.585408661860104e-15,12.003653807297873,12.003653807298013,False,0,nan,nan,0.0,"[13, 6, 4, 1, 0, 2, 5, 9, 8, 3, 7, 10, 15, 12, 14, 11]"
workload,cubic,80009,30340933,0.2,qaoa_p2,2,hybrid_level3,47,qiskit_fallback,density 0.200 is below the V4 window,219,219,164,103,43.08622222222229,0.0,0.01412999999593012,0.015853999997489154,0,5.8104266114826584e-15,5.585408661860104e-15,12.003653807297873,12.003653807298013,False,0,nan,nan,0.0,"[13, 6, 4, 1, 0, 2, 5, 9, 8, 3, 7, 10, 15, 12, 14, 11]"
workload,cubic,80010,30340934,0.2,qaoa_p1,1,stock_level3,11,stock_qiskit,stock Qiskit Level 3 baseline,95,95,99,54,21.397333333333336,0.0,0.011118700000224635,0.011764499999117106,0,4.45451983862552e-15,4.233647761396786e-15,11.998686431866348,11.998686431866446,False,0,nan,nan,0.0,"[3, 10, 6, 0, 7, 15, 4, 1, 2, 5, 13, 12, 14, 11, 8, 9]"
workload,cubic,80010,30340934,0.2,qaoa_p1,1,hybrid_level3,11,qiskit_fallback,density 0.200 is below the V4 window,95,95,99,54,21.397333333333336,0.0,0.0103674999991199,0.01134230000025127,0,4.45451983862552e-15,4.233647761396786e-15,11.998686431866348,11.998686431866446,False,0,nan,nan,0.0,"[3, 10, 6, 0, 7, 15, 4, 1, 2, 5, 13, 12, 14, 11, 8, 9]"
workload,cubic,80010,30340934,0.2,qaoa_p1,1,stock_level3,29,stock_qiskit,stock Qiskit Level 3 baseline,100,100,111,66,25.9128888888889,0.0,0.01112019999709446,0.011742300004698336,0,3.454366470694768e-15,3.2213212054163945e-15,11.998686431866348,11.998686431866423,False,0,nan,nan,0.0,"[3, 10, 6, 0, 1, 7, 4, 2, 9, 14, 12, 15, 13, 11, 8, 5]"
workload,cubic,80010,30340934,0.2,qaoa_p1,1,hybrid_level3,29,qiskit_fallback,density 0.200 is below the V4 window,100,100,111,66,25.9128888888889,0.0,0.010169199988013133,0.011099399998784065,0,3.454366470694768e-15,3.2213212054163945e-15,11.998686431866348,11.998686431866423,False,0,nan,nan,0.0,"[3, 10, 6, 0, 1, 7, 4, 2, 9, 14, 12, 15, 13, 11, 8, 5]"
workload,cubic,80010,30340934,0.2,qaoa_p1,1,stock_level3,47,stock_qiskit,stock Qiskit Level 3 baseline,94,94,111,63,24.888888888888893,0.0,0.012674700003117323,0.014019299997016788,0,3.869812958918663e-15,3.534596244682329e-15,11.998686431866348,11.998686431866435,False,0,nan,nan,0.0,"[10, 5, 2, 1, 6, 3, 0, 4, 7, 13, 8, 9, 11, 14, 12, 15]"
workload,cubic,80010,30340934,0.2,qaoa_p1,1,hybrid_level3,47,qiskit_fallback,density 0.200 is below the V4 window,94,94,111,63,24.888888888888893,0.0,0.010265699995215982,0.011314500006847084,0,3.869812958918663e-15,3.534596244682329e-15,11.998686431866348,11.998686431866435,False,0,nan,nan,0.0,"[10, 5, 2, 1, 6, 3, 0, 4, 7, 13, 8, 9, 11, 14, 12, 15]"
workload,cubic,80010,30340934,0.2,qaoa_p2,2,stock_level3,11,stock_qiskit,stock Qiskit Level 3 baseline,207,207,172,102,41.9484444444445,0.0,0.014074799997615628,0.014927099997294135,0,7.374822133485908e-15,7.10244403298527e-15,14.019394158053345,14.019394158053545,False,0,nan,nan,0.0,"[15, 0, 3, 9, 8, 2, 5, 11, 14, 7, 6, 1, 4, 10, 12, 13]"
workload,cubic,80010,30340934,0.2,qaoa_p2,2,hybrid_level3,11,qiskit_fallback,density 0.200 is below the V4 window,207,207,172,102,41.9484444444445,0.0,0.014347299991641194,0.01588499998615589,0,7.374822133485908e-15,7.10244403298527e-15,14.019394158053345,14.019394158053545,False,0,nan,nan,0.0,"[15, 0, 3, 9, 8, 2, 5, 11, 14, 7, 6, 1, 4, 10, 12, 13]"
workload,cubic,80010,30340934,0.2,qaoa_p2,2,stock_level3,29,stock_qiskit,stock Qiskit Level 3 baseline,208,208,164,97,39.886222222222266,0.0,0.014605100004700944,0.015621900005498901,0,8.55894350686498e-15,8.327538475623604e-15,14.019394158053345,14.019394158053576,False,0,nan,nan,0.0,"[15, 0, 3, 9, 8, 2, 5, 11, 14, 13, 6, 1, 4, 7, 10, 12]"
workload,cubic,80010,30340934,0.2,qaoa_p2,2,hybrid_level3,29,qiskit_fallback,density 0.200 is below the V4 window,208,208,164,97,39.886222222222266,0.0,0.014741599996341392,0.016333599996869452,0,8.55894350686498e-15,8.327538475623604e-15,14.019394158053345,14.019394158053576,False,0,nan,nan,0.0,"[15, 0, 3, 9, 8, 2, 5, 11, 14, 13, 6, 1, 4, 7, 10, 12]"
workload,cubic,80010,30340934,0.2,qaoa_p2,2,stock_level3,47,stock_qiskit,stock Qiskit Level 3 baseline,219,219,178,89,35.00088888888891,0.0,0.016725299996323884,0.017998799987253733,0,6.966851112679332e-15,6.7299580950119045e-15,14.019394158053345,14.019394158053531,False,0,nan,nan,0.0,"[10, 15, 7, 6, 0, 3, 4, 1, 2, 12, 5, 9, 8, 11, 14, 13]"
workload,cubic,80010,30340934,0.2,qaoa_p2,2,hybrid_level3,47,qiskit_fallback,density 0.200 is below the V4 window,219,219,178,89,35.00088888888891,0.0,0.02159899999969639,0.023725500010186806,0,6.966851112679332e-15,6.7299580950119045e-15,14.019394158053345,14.019394158053531,False,0,nan,nan,0.0,"[10, 15, 7, 6, 0, 3, 4, 1, 2, 12, 5, 9, 8, 11, 14, 13]"
workload,cubic,80011,30340935,0.2,qaoa_p1,1,stock_level3,11,stock_qiskit,stock Qiskit Level 3 baseline,89,89,109,63,24.05688888888889,0.0,0.011050300003262237,0.0116861999995308,0,4.616293214061611e-15,4.428522731101508e-15,11.841298931714919,11.841298931715027,False,0,nan,nan,0.0,"[7, 6, 10, 15, 8, 12, 13, 14, 9, 11, 5, 3, 2, 0, 1, 4]"
workload,cubic,80011,30340935,0.2,qaoa_p1,1,hybrid_level3,11,qiskit_fallback,density 0.200 is below the V4 window,89,89,109,63,24.05688888888889,0.0,0.009824099994148128,0.010800699994433671,0,4.616293214061611e-15,4.428522731101508e-15,11.841298931714919,11.841298931715027,False,0,nan,nan,0.0,"[7, 6, 10, 15, 8, 12, 13, 14, 9, 11, 5, 3, 2, 0, 1, 4]"
workload,cubic,80011,30340935,0.2,qaoa_p1,1,stock_level3,29,stock_qiskit,stock Qiskit Level 3 baseline,95,95,109,62,23.46666666666667,0.0,0.01046239999413956,0.011110299994470552,0,4.521319674518753e-15,4.336892592278725e-15,11.841298931714919,11.841298931715025,False,0,nan,nan,0.0,"[5, 2, 9, 3, 15, 0, 1, 4, 7, 6, 10, 12, 13, 8, 14, 11]"
workload,cubic,80011,30340935,0.2,qaoa_p1,1,hybrid_level3,29,qiskit_fallback,density 0.200 is below the V4 window,95,95,109,62,23.46666666666667,0.0,0.01205570000456646,0.013334700008272193,0,4.521319674518753e-15,4.336892592278725e-15,11.841298931714919,11.841298931715025,False,0,nan,nan,0.0,"[5, 2, 9, 3, 15, 0, 1, 4, 7, 6, 10, 12, 13, 8, 14, 11]"
workload,cubic,80011,30340935,0.2,qaoa_p1,1,stock_level3,47,stock_qiskit,stock Qiskit Level 3 baseline,89,89,130,61,25.98400000000001,0.0,0.01119940000353381,0.01181959999667015,0,4.666295129108464e-15,4.37527191035412e-15,11.841298931714919,11.841298931715025,False,0,nan,nan,0.0,"[11, 9, 8, 5, 6, 3, 2, 0, 1, 4, 7, 10, 15, 12, 13, 14]"
workload,cubic,80011,30340935,0.2,qaoa_p1,1,hybrid_level3,47,qiskit_fallback,density 0.200 is below the V4 window,89,89,130,61,25.98400000000001,0.0,0.01056530000641942,0.011661299999104813,0,4.666295129108464e-15,4.37527191035412e-15,11.841298931714919,11.841298931715025,False,0,nan,nan,0.0,"[11, 9, 8, 5, 6, 3, 2, 0, 1, 4, 7, 10, 15, 12, 13, 14]"
workload,cubic,80011,30340935,0.2,qaoa_p2,2,stock_level3,11,stock_qiskit,stock Qiskit Level 3 baseline,180,180,179,93,37.866666666666674,0.0,0.014977500002714805,0.0158685000060359,0,9.487241028221163e-15,9.106278743903886e-15,8.731934062498572,8.731934062498727,False,0,nan,nan,0.0,"[9, 15, 11, 14, 6, 13, 12, 10, 0, 7, 4, 1, 2, 3, 5, 8]"
workload,cubic,80011,30340935,0.2,qaoa_p2,2,hybrid_level3,11,qiskit_fallback,density 0.200 is below the V4 window,180,180,179,93,37.866666666666674,0.0,0.01392399999895133,0.015599399994243868,0,9.487241028221163e-15,9.106278743903886e-15,8.731934062498572,8.731934062498727,False,0,nan,nan,0.0,"[9, 15, 11, 14, 6, 13, 12, 10, 0, 7, 4, 1, 2, 3, 5, 8]"
workload,cubic,80011,30340935,0.2,qaoa_p2,2,stock_level3,29,stock_qiskit,stock Qiskit Level 3 baseline,191,191,158,94,37.41866666666669,0.0,0.014256700000260025,0.015812899990123697,0,9.193525165672196e-15,8.862852680258706e-15,8.731934062498572,8.731934062498723,False,0,nan,nan,0.0,"[15, 9, 13, 14, 0, 11, 8, 5, 3, 2, 1, 4, 6, 7, 10, 12]"
workload,cubic,80011,30340935,0.2,qaoa_p2,2,hybrid_level3,29,qiskit_fallback,density 0.200 is below the V4 window,191,191,158,94,37.41866666666669,0.0,0.013088100007735193,0.014620099987951107,0,9.193525165672196e-15,8.862852680258706e-15,8.731934062498572,8.731934062498723,False,0,nan,nan,0.0,"[15, 9, 13, 14, 0, 11, 8, 5, 3, 2, 1, 4, 6, 7, 10, 12]"
workload,cubic,80011,30340935,0.2,qaoa_p2,2,stock_level3,47,stock_qiskit,stock Qiskit Level 3 baseline,182,182,168,94,38.39288888888891,0.0,0.01615779999701772,0.017567900009453297,0,1.0575599307338848e-14,1.0290027936827584e-14,8.731934062498572,8.731934062498748,False,0,nan,nan,0.0,"[0, 3, 2, 9, 15, 5, 8, 11, 14, 13, 12, 10, 6, 7, 4, 1]"
workload,cubic,80011,30340935,0.2,qaoa_p2,2,hybrid_level3,47,qiskit_fallback,density 0.200 is below the V4 window,182,182,168,94,38.39288888888891,0.0,0.013108200000715442,0.014570500003173947,0,1.0575599307338848e-14,1.0290027936827584e-14,8.731934062498572,8.731934062498748,False,0,nan,nan,0.0,"[0, 3, 2, 9, 15, 5, 8, 11, 14, 13, 12, 10, 6, 7, 4, 1]"
workload,quartic,80000,31340924,0.26666666666666666,qaoa_p1,1,stock_level3,11,stock_qiskit,stock Qiskit Level 3 baseline,148,148,128,79,31.281777777777794,0.0,0.014049500008695759,0.014846999998553656,0,5.418458557780949e-15,5.2516343713649665e-15,15.999901918333215,15.999901918333384,False,0,nan,nan,0.0,"[9, 15, 8, 11, 14, 2, 0, 6, 7, 10, 13, 12, 4, 1, 3, 5]"
workload,quartic,80000,31340924,0.26666666666666666,qaoa_p1,1,hybrid_level3,11,qiskit_fallback,density 0.267 is below the V4 window,148,148,128,79,31.281777777777794,0.0,0.01353959999687504,0.014637700005550869,0,5.418458557780949e-15,5.2516343713649665e-15,15.999901918333215,15.999901918333384,False,0,nan,nan,0.0,"[9, 15, 8, 11, 14, 2, 0, 6, 7, 10, 13, 12, 4, 1, 3, 5]"
workload,quartic,80000,31340924,0.26666666666666666,qaoa_p1,1,stock_level3,29,stock_qiskit,stock Qiskit Level 3 baseline,144,144,129,69,27.79733333333334,0.0,0.0130899999930989,0.013876400000299327,0,7.470496057779842e-15,7.182264669798214e-15,15.999901918333215,15.999901918333446,False,0,nan,nan,0.0,"[3, 8, 13, 9, 0, 5, 15, 6, 7, 1, 2, 4, 10, 12, 14, 11]"
workload,quartic,80000,31340924,0.26666666666666666,qaoa_p1,1,hybrid_level3,29,qiskit_fallback,density 0.267 is below the V4 window,144,144,129,69,27.79733333333334,0.0,0.012329600009252317,0.013522999986889772,0,7.470496057779842e-15,7.182264669798214e-15,15.999901918333215,15.999901918333446,False,0,nan,nan,0.0,"[3, 8, 13, 9, 0, 5, 15, 6, 7, 1, 2, 4, 10, 12, 14, 11]"
workload,quartic,80000,31340924,0.26666666666666666,qaoa_p1,1,stock_level3,47,stock_qiskit,stock Qiskit Level 3 baseline,146,146,129,76,29.255111111111113,0.0,0.012673800010816194,0.013432499996270053,0,7.706933115188622e-15,7.433019717756106e-15,15.999901918333215,15.999901918333453,False,0,nan,nan,0.0,"[0, 8, 9, 2, 6, 1, 14, 15, 12, 7, 4, 10, 13, 11, 5, 3]"
workload,quartic,80000,31340924,0.26666666666666666,qaoa_p1,1,hybrid_level3,47,qiskit_fallback,density 0.267 is below the V4 window,146,146,129,76,29.255111111111113,0.0,0.01442479999968782,0.015853799995966256,0,7.706933115188622e-15,7.433019717756106e-15,15.999901918333215,15.999901918333453,False,0,nan,nan,0.0,"[0, 8, 9, 2, 6, 1, 14, 15, 12, 7, 4, 10, 13, 11, 5, 3]"
workload,quartic,80000,31340924,0.26666666666666666,qaoa_p2,2,stock_level3,11,stock_qiskit,stock Qiskit Level 3 baseline,322,322,241,167,66.87288888888898,0.0,0.01769570000760723,0.018643699993845075,0,7.732611538814617e-15,7.347315071035699e-15,15.94214559912198,15.942145599122217,False,0,nan,nan,0.0,"[12, 15, 9, 13, 6, 14, 3, 2, 4, 0, 10, 7, 1, 5, 8, 11]"
workload,quartic,80000,31340924,0.26666666666666666,qaoa_p2,2,hybrid_level3,11,qiskit_fallback,density 0.267 is below the V4 window,322,322,241,167,66.87288888888898,0.0,0.01739409999572672,0.019238399996538647,0,7.732611538814617e-15,7.347315071035699e-15,15.94214559912198,15.942145599122217,False,0,nan,nan,0.0,"[12, 15, 9, 13, 6, 14, 3, 2, 4, 0, 10, 7, 1, 5, 8, 11]"
workload,quartic,80000,31340924,0.26666666666666666,qaoa_p2,2,stock_level3,29,stock_qiskit,stock Qiskit Level 3 baseline,315,315,212,133,54.165333333333386,0.0,0.01732820000324864,0.01848670000617858,0,7.182237369018189e-15,6.788000307855653e-15,15.94214559912198,15.942145599122199,False,0,nan,nan,0.0,"[9, 15, 8, 11, 14, 5, 0, 6, 7, 10, 13, 12, 4, 1, 2, 3]"
workload,quartic,80000,31340924,0.26666666666666666,qaoa_p2,2,hybrid_level3,29,qiskit_fallback,density 0.267 is below the V4 window,315,315,212,133,54.165333333333386,0.0,0.016556199989281595,0.01833569999143947,0,7.182237369018189e-15,6.788000307855653e-15,15.94214559912198,15.942145599122199,False,0,nan,nan,0.0,"[9, 15, 8, 11, 14, 5, 0, 6, 7, 10, 13, 12, 4, 1, 2, 3]"
workload,quartic,80000,31340924,0.26666666666666666,qaoa_p2,2,stock_level3,47,stock_qiskit,stock Qiskit Level 3 baseline,312,312,238,120,47.75822222222228,0.0,0.01814649999141693,0.019138400006340817,0,7.619444777449189e-15,7.16411313961831e-15,15.94214559912198,15.942145599122208,False,0,nan,nan,0.0,"[9, 11, 5, 8, 14, 0, 3, 15, 6, 10, 13, 12, 7, 4, 1, 2]"
workload,quartic,80000,31340924,0.26666666666666666,qaoa_p2,2,hybrid_level3,47,qiskit_fallback,density 0.267 is below the V4 window,312,312,238,120,47.75822222222228,0.0,0.017343500003335066,0.019042300002183765,0,7.619444777449189e-15,7.16411313961831e-15,15.94214559912198,15.942145599122208,False,0,nan,nan,0.0,"[9, 11, 5, 8, 14, 0, 3, 15, 6, 10, 13, 12, 7, 4, 1, 2]"
workload,quartic,80001,31340925,0.26666666666666666,qaoa_p1,1,stock_level3,11,stock_qiskit,stock Qiskit Level 3 baseline,149,149,150,91,36.18133333333335,0.0,0.01252560000284575,0.013161399998352863,0,4.9994770314434856e-15,4.873112545976316e-15,15.999236830892283,15.999236830892439,False,0,nan,nan,0.0,"[9, 15, 6, 5, 3, 8, 11, 14, 13, 12, 0, 2, 10, 7, 4, 1]"
workload,quartic,80001,31340925,0.26666666666666666,qaoa_p1,1,hybrid_level3,11,qiskit_fallback,density 0.267 is below the V4 window,149,149,150,91,36.18133333333335,0.0,0.01142920000711456,0.012455300005967729,0,4.9994770314434856e-15,4.873112545976316e-15,15.999236830892283,15.999236830892439,False,0,nan,nan,0.0,"[9, 15, 6, 5, 3, 8, 11, 14, 13, 12, 0, 2, 10, 7, 4, 1]"
workload,quartic,80001,31340925,0.26666666666666666,qaoa_p1,1,stock_level3,29,stock_qiskit,stock Qiskit Level 3 baseline,147,147,130,83,32.832,0.0,0.012166600005002692,0.012783799989847466,0,3.7754068774754646e-15,3.320691707120994e-15,15.999236830892283,15.99923683089239,False,0,nan,nan,0.0,"[0, 15, 12, 1, 13, 4, 6, 7, 10, 2, 9, 8, 14, 11, 5, 3]"
workload,quartic,80001,31340925,0.26666666666666666,qaoa_p1,1,hybrid_level3,29,qiskit_fallback,density 0.267 is below the V4 window,147,147,130,83,32.832,0.0,0.013403399992967024,0.014519200005452149,0,3.7754068774754646e-15,3.320691707120994e-15,15.999236830892283,15.99923683089239,False,0,nan,nan,0.0,"[0, 15, 12, 1, 13, 4, 6, 7, 10, 2, 9, 8, 14, 11, 5, 3]"
workload,quartic,80001,31340925,0.26666666666666666,qaoa_p1,1,stock_level3,47,stock_qiskit,stock Qiskit Level 3 baseline,149,149,131,84,33.351111111111116,0.0,0.015098599993507378,0.015790699995704927,0,4.1035987049316e-15,3.828060168871836e-15,15.999236830892283,15.999236830892404,False,0,nan,nan,0.0,"[0, 9, 8, 6, 11, 2, 1, 3, 5, 15, 13, 10, 14, 12, 7, 4]"
workload,quartic,80001,31340925,0.26666666666666666,qaoa_p1,1,hybrid_level3,47,qiskit_fallback,density 0.267 is below the V4 window,149,149,131,84,33.351111111111116,0.0,0.011786200004280545,0.012788499996531755,0,4.1035987049316e-15,3.828060168871836e-15,15.999236830892283,15.999236830892404,False,0,nan,nan,0.0,"[0, 9, 8, 6, 11, 2, 1, 3, 5, 15, 13, 10, 14, 12, 7, 4]"
workload,quartic,80001,31340925,0.26666666666666666,qaoa_p2,2,stock_level3,11,stock_qiskit,stock Qiskit Level 3 baseline,345,345,246,156,60.11022222222235,0.0,0.017357700009597465,0.018272899993462488,0,6.131915363102327e-15,5.647042264195193e-15,14.54582373540031,14.545823735400473,False,0,nan,nan,0.0,"[1, 15, 9, 5, 8, 0, 3, 6, 2, 4, 13, 7, 11, 14, 12, 10]"
workload,quartic,80001,31340925,0.26666666666666666,qaoa_p2,2,hybrid_level3,11,qiskit_fallback,density 0.267 is below the V4 window,345,345,246,156,60.11022222222235,0.0,0.016511699999682605,0.018336599998292513,0,6.131915363102327e-15,5.647042264195193e-15,14.54582373540031,14.545823735400473,False,0,nan,nan,0.0,"[1, 15, 9, 5, 8, 0, 3, 6, 2, 4, 13, 7, 11, 14, 12, 10]"
workload,quartic,80001,31340925,0.26666666666666666,qaoa_p2,2,stock_level3,29,stock_qiskit,stock Qiskit Level 3 baseline,334,334,202,140,58.26133333333341,0.0,0.01939110000967048,0.020352400009869598,0,6.761883192628346e-15,6.32246264977919e-15,14.54582373540031,14.545823735400496,False,0,nan,nan,0.0,"[15, 9, 3, 0, 6, 13, 7, 14, 8, 5, 1, 11, 2, 4, 10, 12]"
workload,quartic,80001,31340925,0.26666666666666666,qaoa_p2,2,hybrid_level3,29,qiskit_fallback,density 0.267 is below the V4 window,334,334,202,140,58.26133333333341,0.0,0.017109899999923073,0.01883030000317376,0,6.761883192628346e-15,6.32246264977919e-15,14.54582373540031,14.545823735400496,False,0,nan,nan,0.0,"[15, 9, 3, 0, 6, 13, 7, 14, 8, 5, 1, 11, 2, 4, 10, 12]"
workload,quartic,80001,31340925,0.26666666666666666,qaoa_p2,2,stock_level3,47,stock_qiskit,stock Qiskit Level 3 baseline,333,333,215,137,53.02755555555567,0.0,0.01670959999319166,0.017653599992627278,0,7.772499086194784e-15,7.397987599857218e-15,14.54582373540031,14.545823735400525,False,0,nan,nan,0.0,"[4, 6, 10, 9, 11, 2, 8, 0, 7, 15, 13, 1, 12, 14, 5, 3]"
workload,quartic,80001,31340925,0.26666666666666666,qaoa_p2,2,hybrid_level3,47,qiskit_fallback,density 0.267 is below the V4 window,333,333,215,137,53.02755555555567,0.0,0.016325299991876818,0.018093899998348206,0,7.772499086194784e-15,7.397987599857218e-15,14.54582373540031,14.545823735400525,False,0,nan,nan,0.0,"[4, 6, 10, 9, 11, 2, 8, 0, 7, 15, 13, 1, 12, 14, 5, 3]"
workload,quartic,80002,31340926,0.26666666666666666,qaoa_p1,1,stock_level3,11,stock_qiskit,stock Qiskit Level 3 baseline,164,164,137,80,30.485333333333344,0.0,0.01747629999590572,0.01925469998968765,0,4.573325526508024e-15,4.349953473149283e-15,13.97737697219361,13.977376972193731,False,0,nan,nan,0.0,"[9, 7, 6, 0, 2, 4, 12, 1, 10, 15, 13, 14, 3, 5, 8, 11]"
workload,quartic,80002,31340926,0.26666666666666666,qaoa_p1,1,hybrid_level3,11,qiskit_fallback,density 0.267 is below the V4 window,164,164,137,80,30.485333333333344,0.0,0.011476100000436418,0.01248180000402499,0,4.573325526508024e-15,4.349953473149283e-15,13.97737697219361,13.977376972193731,False,0,nan,nan,0.0,"[9, 7, 6, 0, 2, 4, 12, 1, 10, 15, 13, 14, 3, 5, 8, 11]"
workload,quartic,80002,31340926,0.26666666666666666,qaoa_p1,1,stock_level3,29,stock_qiskit,stock Qiskit Level 3 baseline,159,159,148,82,33.059555555555576,0.0,0.011845200002426282,0.012437199999112636,0,5.3775009708836656e-15,5.186185420271365e-15,13.97737697219361,13.977376972193758,False,0,nan,nan,0.0,"[11, 3, 6, 0, 8, 1, 4, 2, 5, 9, 14, 7, 13, 10, 12, 15]"
workload,quartic,80002,31340926,0.26666666666666666,qaoa_p1,1,hybrid_level3,29,qiskit_fallback,density 0.267 is below the V4 window,159,159,148,82,33.059555555555576,0.0,0.013325100007932633,0.014478900004178286,0,5.3775009708836656e-15,5.186185420271365e-15,13.97737697219361,13.977376972193758,False,0,nan,nan,0.0,"[11, 3, 6, 0, 8, 1, 4, 2, 5, 9, 14, 7, 13, 10, 12, 15]"
workload,quartic,80002,31340926,0.26666666666666666,qaoa_p1,1,stock_level3,47,stock_qiskit,stock Qiskit Level 3 baseline,155,155,137,82,32.73955555555556,0.0,0.016151999996509403,0.018169400005717762,0,5.033554956811698e-15,4.74376880053576e-15,13.97737697219361,13.977376972193744,False,0,nan,nan,0.0,"[5, 1, 0, 15, 7, 6, 10, 4, 2, 3, 12, 9, 8, 13, 14, 11]"
workload,quartic,80002,31340926,0.26666666666666666,qaoa_p1,1,hybrid_level3,47,qiskit_fallback,density 0.267 is below the V4 window,155,155,137,82,32.73955555555556,0.0,0.014455500000622123,0.015846900001633912,0,5.033554956811698e-15,4.74376880053576e-15,13.97737697219361,13.977376972193744,False,0,nan,nan,0.0,"[5, 1, 0, 15, 7, 6, 10, 4, 2, 3, 12, 9, 8, 13, 14, 11]"
workload,quartic,80002,31340926,0.26666666666666666,qaoa_p2,2,stock_level3,11,stock_qiskit,stock Qiskit Level 3 baseline,340,340,236,140,54.95466666666671,0.0,0.019331499992404133,0.020264799997676164,0,8.77805862913845e-15,7.338224036320886e-15,14.125324410628124,14.125324410628336,False,0,nan,nan,0.0,"[9, 12, 6, 15, 8, 10, 0, 7, 13, 14, 4, 11, 5, 1, 2, 3]"
workload,quartic,80002,31340926,0.26666666666666666,qaoa_p2,2,hybrid_level3,11,qiskit_fallback,density 0.267 is below the V4 window,340,340,236,140,54.95466666666671,0.0,0.017661399993812665,0.01939890001085587,0,8.77805862913845e-15,7.338224036320886e-15,14.125324410628124,14.125324410628336,False,0,nan,nan,0.0,"[9, 12, 6, 15, 8, 10, 0, 7, 13, 14, 4, 11, 5, 1, 2, 3]"
workload,quartic,80002,31340926,0.26666666666666666,qaoa_p2,2,stock_level3,29,stock_qiskit,stock Qiskit Level 3 baseline,346,346,233,128,51.192888888888966,0.0,0.02078369999071583,0.02185299999837298,0,9.468042807819814e-15,8.558563871487765e-15,14.125324410628124,14.12532441062837,False,0,nan,nan,0.0,"[5, 2, 1, 0, 6, 15, 10, 7, 4, 3, 13, 9, 8, 12, 14, 11]"
workload,quartic,80002,31340926,0.26666666666666666,qaoa_p2,2,hybrid_level3,29,qiskit_fallback,density 0.267 is below the V4 window,346,346,233,128,51.192888888888966,0.0,0.01906320000125561,0.021082299994304776,0,9.468042807819814e-15,8.558563871487765e-15,14.125324410628124,14.12532441062837,False,0,nan,nan,0.0,"[5, 2, 1, 0, 6, 15, 10, 7, 4, 3, 13, 9, 8, 12, 14, 11]"
workload,quartic,80002,31340926,0.26666666666666666,qaoa_p2,2,stock_level3,47,stock_qiskit,stock Qiskit Level 3 baseline,357,357,223,130,50.588444444444505,0.0,0.01884330000029877,0.01987340000050608,0,1.0475832477544548e-14,9.83547706356814e-15,14.125324410628124,14.125324410628405,False,0,nan,nan,0.0,"[10, 0, 15, 11, 9, 13, 8, 14, 12, 6, 5, 3, 7, 4, 1, 2]"
workload,quartic,80002,31340926,0.26666666666666666,qaoa_p2,2,hybrid_level3,47,qiskit_fallback,density 0.267 is below the V4 window,357,357,223,130,50.588444444444505,0.0,0.016962599998805672,0.018624200005433522,0,1.0475832477544548e-14,9.83547706356814e-15,14.125324410628124,14.125324410628405,False,0,nan,nan,0.0,"[10, 0, 15, 11, 9, 13, 8, 14, 12, 6, 5, 3, 7, 4, 1, 2]"
workload,quartic,80003,31340927,0.26666666666666666,qaoa_p1,1,stock_level3,11,stock_qiskit,stock Qiskit Level 3 baseline,139,139,119,71,28.56533333333334,0.0,0.012477099997340702,0.013082400007988326,0,6.8886075790289006e-15,6.488310573530423e-15,10.637006034153984,10.637006034154123,False,0,nan,nan,0.0,"[5, 3, 0, 6, 10, 15, 9, 14, 13, 12, 11, 8, 2, 1, 4, 7]"
workload,quartic,80003,31340927,0.26666666666666666,qaoa_p1,1,hybrid_level3,11,qiskit_fallback,density 0.267 is below the V4 window,139,139,119,71,28.56533333333334,0.0,0.011348899992299266,0.01236330000392627,0,6.8886075790289006e-15,6.488310573530423e-15,10.637006034153984,10.637006034154123,False,0,nan,nan,0.0,"[5, 3, 0, 6, 10, 15, 9, 14, 13, 12, 11, 8, 2, 1, 4, 7]"
workload,quartic,80003,31340927,0.26666666666666666,qaoa_p1,1,stock_level3,29,stock_qiskit,stock Qiskit Level 3 baseline,136,136,119,71,28.672000000000004,0.0,0.012378800005535595,0.013065799998003058,0,7.247981937798743e-15,6.869628992229036e-15,10.637006034153984,10.637006034154131,False,0,nan,nan,0.0,"[5, 3, 0, 6, 10, 15, 9, 14, 13, 12, 11, 8, 2, 1, 4, 7]"
workload,quartic,80003,31340927,0.26666666666666666,qaoa_p1,1,hybrid_level3,29,qiskit_fallback,density 0.267 is below the V4 window,136,136,119,71,28.672000000000004,0.0,0.012496399998781271,0.013579200007370673,0,7.247981937798743e-15,6.869628992229036e-15,10.637006034153984,10.637006034154131,False,0,nan,nan,0.0,"[5, 3, 0, 6, 10, 15, 9, 14, 13, 12, 11, 8, 2, 1, 4, 7]"
workload,quartic,80003,31340927,0.26666666666666666,qaoa_p1,1,stock_level3,47,stock_qiskit,stock Qiskit Level 3 baseline,145,145,129,84,33.13066666666668,0.0,0.011615199997322634,0.012208600004669279,0,7.24566699063815e-15,6.738826927759521e-15,10.637006034153984,10.63700603415413,False,0,nan,nan,0.0,"[13, 5, 0, 12, 1, 15, 8, 14, 4, 6, 11, 9, 3, 2, 7, 10]"
workload,quartic,80003,31340927,0.26666666666666666,qaoa_p1,1,hybrid_level3,47,qiskit_fallback,density 0.267 is below the V4 window,145,145,129,84,33.13066666666668,0.0,0.012642699992284179,0.01386040000943467,0,7.24566699063815e-15,6.738826927759521e-15,10.637006034153984,10.63700603415413,False,0,nan,nan,0.0,"[13, 5, 0, 12, 1, 15, 8, 14, 4, 6, 11, 9, 3, 2, 7, 10]"
workload,quartic,80003,31340927,0.26666666666666666,qaoa_p2,2,stock_level3,11,stock_qiskit,stock Qiskit Level 3 baseline,318,318,203,118,47.5875555555556,0.0,0.018035999994026497,0.018998600004124455,0,8.341180284981874e-15,8.036655610699168e-15,15.80907980860241,15.809079808602664,False,0,nan,nan,0.0,"[2, 0, 3, 6, 12, 10, 9, 14, 13, 15, 11, 8, 5, 1, 4, 7]"
workload,quartic,80003,31340927,0.26666666666666666,qaoa_p2,2,hybrid_level3,11,qiskit_fallback,density 0.267 is below the V4 window,318,318,203,118,47.5875555555556,0.0,0.016836499999044463,0.018535900002461858,0,8.341180284981874e-15,8.036655610699168e-15,15.80907980860241,15.809079808602664,False,0,nan,nan,0.0,"[2, 0, 3, 6, 12, 10, 9, 14, 13, 15, 11, 8, 5, 1, 4, 7]"
workload,quartic,80003,31340927,0.26666666666666666,qaoa_p2,2,stock_level3,29,stock_qiskit,stock Qiskit Level 3 baseline,328,328,214,120,44.59377777777783,0.0,0.01738370000384748,0.018328500009374693,0,6.2154098597969714e-15,5.842361864271768e-15,15.80907980860241,15.809079808602599,False,0,nan,nan,0.0,"[4, 6, 7, 0, 9, 1, 15, 2, 10, 12, 8, 11, 13, 14, 5, 3]"
workload,quartic,80003,31340927,0.26666666666666666,qaoa_p2,2,hybrid_level3,29,qiskit_fallback,density 0.267 is below the V4 window,328,328,214,120,44.59377777777783,0.0,0.016792599999462254,0.018418199993902817,0,6.2154098597969714e-15,5.842361864271768e-15,15.80907980860241,15.809079808602599,False,0,nan,nan,0.0,"[4, 6, 7, 0, 9, 1, 15, 2, 10, 12, 8, 11, 13, 14, 5, 3]"
workload,quartic,80003,31340927,0.26666666666666666,qaoa_p2,2,stock_level3,47,stock_qiskit,stock Qiskit Level 3 baseline,345,345,201,116,48.320000000000036,0.0,0.019166199999745004,0.020695200000773184,0,7.239547261328093e-15,6.910164562072118e-15,15.80907980860241,15.809079808602633,False,0,nan,nan,0.0,"[1, 0, 6, 13, 7, 15, 14, 11, 3, 5, 9, 8, 2, 4, 10, 12]"
workload,quartic,80003,31340927,0.26666666666666666,qaoa_p2,2,hybrid_level3,47,qiskit_fallback,density 0.267 is below the V4 window,345,345,201,116,48.320000000000036,0.0,0.018119000000297092,0.019823700000415556,0,7.239547261328093e-15,6.910164562072118e-15,15.80907980860241,15.809079808602633,False,0,nan,nan,0.0,"[1, 0, 6, 13, 7, 15, 14, 11, 3, 5, 9, 8, 2, 4, 10, 12]"
workload,quartic,80004,31340928,0.26666666666666666,qaoa_p1,1,stock_level3,11,stock_qiskit,stock Qiskit Level 3 baseline,141,141,124,77,28.728888888888893,0.0,0.015894700001808815,0.016803500009700656,0,4.978247585459717e-15,4.723048228163929e-15,15.986349907938994,15.986349907939147,False,0,nan,nan,0.0,"[7, 4, 0, 1, 2, 6, 15, 3, 8, 10, 9, 5, 11, 12, 13, 14]"
workload,quartic,80004,31340928,0.26666666666666666,qaoa_p1,1,hybrid_level3,11,qiskit_fallback,density 0.267 is below the V4 window,141,141,124,77,28.728888888888893,0.0,0.01171430000977125,0.01269960000354331,0,4.978247585459717e-15,4.723048228163929e-15,15.986349907938994,15.986349907939147,False,0,nan,nan,0.0,"[7, 4, 0, 1, 2, 6, 15, 3, 8, 10, 9, 5, 11, 12, 13, 14]"
workload,quartic,80004,31340928,0.26666666666666666,qaoa_p1,1,stock_level3,29,stock_qiskit,stock Qiskit Level 3 baseline,139,139,135,81,30.456888888888894,0.0,0.015425400008098222,0.016682900008163415,0,4.636783929035264e-15,4.3756692490978316e-15,15.986349907938994,15.986349907939132,False,0,nan,nan,0.0,"[15, 14, 9, 5, 8, 11, 13, 6, 3, 12, 0, 2, 1, 4, 7, 10]"
workload,quartic,80004,31340928,0.26666666666666666,qaoa_p1,1,hybrid_level3,29,qiskit_fallback,density 0.267 is below the V4 window,139,139,135,81,30.456888888888894,0.0,0.011999900001683272,0.013173200000892393,0,4.636783929035264e-15,4.3756692490978316e-15,15.986349907938994,15.986349907939132,False,0,nan,nan,0.0,"[15, 14, 9, 5, 8, 11, 13, 6, 3, 12, 0, 2, 1, 4, 7, 10]"
workload,quartic,80004,31340928,0.26666666666666666,qaoa_p1,1,stock_level3,47,stock_qiskit,stock Qiskit Level 3 baseline,148,148,136,90,36.70044444444447,0.0,0.012044500006595626,0.012623600006918423,0,5.477850177122975e-15,5.241558015286201e-15,15.986349907938994,15.986349907939163,False,0,nan,nan,0.0,"[8, 9, 3, 0, 2, 6, 11, 15, 14, 5, 1, 4, 7, 10, 13, 12]"
workload,quartic,80004,31340928,0.26666666666666666,qaoa_p1,1,hybrid_level3,47,qiskit_fallback,density 0.267 is below the V4 window,148,148,136,90,36.70044444444447,0.0,0.011671200001728721,0.012746300009894185,0,5.477850177122975e-15,5.241558015286201e-15,15.986349907938994,15.986349907939163,False,0,nan,nan,0.0,"[8, 9, 3, 0, 2, 6, 11, 15, 14, 5, 1, 4, 7, 10, 13, 12]"
workload,quartic,80004,31340928,0.26666666666666666,qaoa_p2,2,stock_level3,11,stock_qiskit,stock Qiskit Level 3 baseline,311,311,240,145,58.24711111111118,0.0,0.01858390000415966,0.0195578000129899,0,1.0666679341939435e-14,1.0318557062041425e-14,11.852099895847232,11.852099895847475,False,0,nan,nan,0.0,"[5, 3, 11, 15, 14, 9, 0, 8, 6, 2, 12, 13, 10, 7, 4, 1]"
workload,quartic,80004,31340928,0.26666666666666666,qaoa_p2,2,hybrid_level3,11,qiskit_fallback,density 0.267 is below the V4 window,311,311,240,145,58.24711111111118,0.0,0.01651629999105353,0.018332899999222718,0,1.0666679341939435e-14,1.0318557062041425e-14,11.852099895847232,11.852099895847475,False,0,nan,nan,0.0,"[5, 3, 11, 15, 14, 9, 0, 8, 6, 2, 12, 13, 10, 7, 4, 1]"
workload,quartic,80004,31340928,0.26666666666666666,qaoa_p2,2,stock_level3,29,stock_qiskit,stock Qiskit Level 3 baseline,304,304,207,127,53.496888888888925,0.0,0.016984000001684763,0.017905499989865348,0,1.0858101721462147e-14,1.0539256595396624e-14,11.852099895847232,11.85209989584748,False,0,nan,nan,0.0,"[13, 12, 14, 9, 11, 15, 6, 0, 10, 7, 5, 8, 3, 4, 1, 2]"
workload,quartic,80004,31340928,0.26666666666666666,qaoa_p2,2,hybrid_level3,29,qiskit_fallback,density 0.267 is below the V4 window,304,304,207,127,53.496888888888925,0.0,0.016131500000483356,0.017789000004995614,0,1.0858101721462147e-14,1.0539256595396624e-14,11.852099895847232,11.85209989584748,False,0,nan,nan,0.0,"[13, 12, 14, 9, 11, 15, 6, 0, 10, 7, 5, 8, 3, 4, 1, 2]"
workload,quartic,80004,31340928,0.26666666666666666,qaoa_p2,2,stock_level3,47,stock_qiskit,stock Qiskit Level 3 baseline,314,314,237,146,57.372444444444554,0.0,0.01849049999145791,0.0194195999938529,0,9.17266097650658e-15,8.83615289687414e-15,11.852099895847232,11.852099895847442,False,0,nan,nan,0.0,"[15, 11, 9, 5, 8, 14, 13, 6, 0, 1, 3, 2, 7, 4, 12, 10]"
workload,quartic,80004,31340928,0.26666666666666666,qaoa_p2,2,hybrid_level3,47,qiskit_fallback,density 0.267 is below the V4 window,314,314,237,146,57.372444444444554,0.0,0.02271160000236705,0.025429800007259473,0,9.17266097650658e-15,8.83615289687414e-15,11.852099895847232,11.852099895847442,False,0,nan,nan,0.0,"[15, 11, 9, 5, 8, 14, 13, 6, 0, 1, 3, 2, 7, 4, 12, 10]"
workload,quartic,80005,31340929,0.26666666666666666,qaoa_p1,1,stock_level3,11,stock_qiskit,stock Qiskit Level 3 baseline,144,144,122,73,28.51555555555557,0.0,0.012569800004712306,0.01337140001123771,0,5.377044551149394e-15,5.185364525245959e-15,11.29700394115304,11.297003941153156,False,0,nan,nan,0.0,"[6, 12, 15, 14, 11, 10, 0, 2, 9, 3, 5, 8, 13, 7, 4, 1]"
workload,quartic,80005,31340929,0.26666666666666666,qaoa_p1,1,hybrid_level3,11,qiskit_fallback,density 0.267 is below the V4 window,144,144,122,73,28.51555555555557,0.0,0.011593300005188212,0.012655700003961101,0,5.377044551149394e-15,5.185364525245959e-15,11.29700394115304,11.297003941153156,False,0,nan,nan,0.0,"[6, 12, 15, 14, 11, 10, 0, 2, 9, 3, 5, 8, 13, 7, 4, 1]"
workload,quartic,80005,31340929,0.26666666666666666,qaoa_p1,1,stock_level3,29,stock_qiskit,stock Qiskit Level 3 baseline,153,153,120,77,30.12977777777779,0.0,0.013026500004343688,0.013754200001130812,0,6.734555683607473e-15,6.579479737853722e-15,11.29700394115304,11.297003941153191,False,0,nan,nan,0.0,"[12, 15, 9, 8, 3, 6, 0, 1, 11, 2, 5, 14, 13, 10, 7, 4]"
workload,quartic,80005,31340929,0.26666666666666666,qaoa_p1,1,hybrid_level3,29,qiskit_fallback,density 0.267 is below the V4 window,153,153,120,77,30.12977777777779,0.0,0.011996300003374927,0.013075000009848736,0,6.734555683607473e-15,6.579479737853722e-15,11.29700394115304,11.297003941153191,False,0,nan,nan,0.0,"[12, 15, 9, 8, 3, 6, 0, 1, 11, 2, 5, 14, 13, 10, 7, 4]"
workload,quartic,80005,31340929,0.26666666666666666,qaoa_p1,1,stock_level3,47,stock_qiskit,stock Qiskit Level 3 baseline,141,141,120,75,30.86933333333334,0.0,0.011514099998748861,0.012095900005078875,0,6.8634312541578896e-15,6.73014655123482e-15,11.29700394115304,11.297003941153195,False,0,nan,nan,0.0,"[3, 5, 9, 11, 15, 0, 6, 7, 13, 10, 12, 14, 8, 2, 1, 4]"
workload,quartic,80005,31340929,0.26666666666666666,qaoa_p1,1,hybrid_level3,47,qiskit_fallback,density 0.267 is below the V4 window,141,141,120,75,30.86933333333334,0.0,0.011247599992202595,0.01224240000010468,0,6.8634312541578896e-15,6.73014655123482e-15,11.29700394115304,11.297003941153195,False,0,nan,nan,0.0,"[3, 5, 9, 11, 15, 0, 6, 7, 13, 10, 12, 14, 8, 2, 1, 4]"
workload,quartic,80005,31340929,0.26666666666666666,qaoa_p2,2,stock_level3,11,stock_qiskit,stock Qiskit Level 3 baseline,344,344,223,144,57.74222222222232,0.0,0.017412100001820363,0.01832210000429768,0,8.497040455157774e-15,8.052001921047904e-15,11.699775767677169,11.699775767677359,False,0,nan,nan,0.0,"[5, 8, 12, 0, 9, 10, 6, 7, 14, 15, 13, 11, 3, 2, 1, 4]"
workload,quartic,80005,31340929,0.26666666666666666,qaoa_p2,2,hybrid_level3,11,qiskit_fallback,density 0.267 is below the V4 window,344,344,223,144,57.74222222222232,0.0,0.017175299988593906,0.018844199992599897,0,8.497040455157774e-15,8.052001921047904e-15,11.699775767677169,11.699775767677359,False,0,nan,nan,0.0,"[5, 8, 12, 0, 9, 10, 6, 7, 14, 15, 13, 11, 3, 2, 1, 4]"
workload,quartic,80005,31340929,0.26666666666666666,qaoa_p2,2,stock_level3,29,stock_qiskit,stock Qiskit Level 3 baseline,340,340,212,137,56.36977777777786,0.0,0.01785169998765923,0.018817000003764406,0,8.701677227594337e-15,8.260280828889709e-15,11.699775767677169,11.699775767677366,False,0,nan,nan,0.0,"[4, 0, 1, 9, 10, 6, 7, 15, 2, 11, 8, 3, 5, 14, 13, 12]"
workload,quartic,80005,31340929,0.26666666666666666,qaoa_p2,2,hybrid_level3,29,qiskit_fallback,density 0.267 is below the V4 window,340,340,212,137,56.36977777777786,0.0,0.01680960001249332,0.01851350000652019,0,8.701677227594337e-15,8.260280828889709e-15,11.699775767677169,11.699775767677366,False,0,nan,nan,0.0,"[4, 0, 1, 9, 10, 6, 7, 15, 2, 11, 8, 3, 5, 14, 13, 12]"
workload,quartic,80005,31340929,0.26666666666666666,qaoa_p2,2,stock_level3,47,stock_qiskit,stock Qiskit Level 3 baseline,313,313,223,145,55.66577777777786,0.0,0.01722380000865087,0.018169100003433414,0,9.661504711341518e-15,9.197254873633896e-15,11.699775767677169,11.699775767677385,False,0,nan,nan,0.0,"[1, 0, 9, 3, 14, 6, 4, 13, 8, 10, 11, 5, 2, 7, 12, 15]"
workload,quartic,80005,31340929,0.26666666666666666,qaoa_p2,2,hybrid_level3,47,qiskit_fallback,density 0.267 is below the V4 window,313,313,223,145,55.66577777777786,0.0,0.01715699999476783,0.018848499996238388,0,9.661504711341518e-15,9.197254873633896e-15,11.699775767677169,11.699775767677385,False,0,nan,nan,0.0,"[1, 0, 9, 3, 14, 6, 4, 13, 8, 10, 11, 5, 2, 7, 12, 15]"
workload,quartic,80006,31340930,0.26666666666666666,qaoa_p1,1,stock_level3,11,stock_qiskit,stock Qiskit Level 3 baseline,147,147,149,75,30.33600000000001,0.0,0.01272919999610167,0.013353899994399399,0,5.813517107425515e-15,5.415410768490822e-15,11.719507050404076,11.719507050404205,False,0,nan,nan,0.0,"[14, 0, 6, 13, 9, 11, 15, 12, 10, 4, 7, 1, 2, 3, 5, 8]"
workload,quartic,80006,31340930,0.26666666666666666,qaoa_p1,1,hybrid_level3,11,qiskit_fallback,density 0.267 is below the V4 window,147,147,149,75,30.33600000000001,0.0,0.012254599991138093,0.013284400003612973,0,5.813517107425515e-15,5.415410768490822e-15,11.719507050404076,11.719507050404205,False,0,nan,nan,0.0,"[14, 0, 6, 13, 9, 11, 15, 12, 10, 4, 7, 1, 2, 3, 5, 8]"
workload,quartic,80006,31340930,0.26666666666666666,qaoa_p1,1,stock_level3,29,stock_qiskit,stock Qiskit Level 3 baseline,146,146,154,89,36.97066666666669,0.0,0.01278699999966193,0.013456100001349114,0,6.65984934837047e-15,6.352754796905837e-15,11.719507050404076,11.719507050404227,False,0,nan,nan,0.0,"[15, 9, 0, 4, 12, 10, 7, 6, 1, 3, 2, 5, 8, 11, 14, 13]"
workload,quartic,80006,31340930,0.26666666666666666,qaoa_p1,1,hybrid_level3,29,qiskit_fallback,density 0.267 is below the V4 window,146,146,154,89,36.97066666666669,0.0,0.012217199997394346,0.013224399997852743,0,6.65984934837047e-15,6.352754796905837e-15,11.719507050404076,11.719507050404227,False,0,nan,nan,0.0,"[15, 9, 0, 4, 12, 10, 7, 6, 1, 3, 2, 5, 8, 11, 14, 13]"
workload,quartic,80006,31340930,0.26666666666666666,qaoa_p1,1,stock_level3,47,stock_qiskit,stock Qiskit Level 3 baseline,143,143,152,85,34.737777777777794,0.0,0.011148499994305894,0.01177359999564942,0,6.462972473212282e-15,6.201924741094906e-15,11.719507050404076,11.719507050404223,False,0,nan,nan,0.0,"[15, 9, 0, 6, 12, 10, 4, 7, 1, 3, 2, 5, 8, 13, 11, 14]"
workload,quartic,80006,31340930,0.26666666666666666,qaoa_p1,1,hybrid_level3,47,qiskit_fallback,density 0.267 is below the V4 window,143,143,152,85,34.737777777777794,0.0,0.0131693000002997,0.014569499995559454,0,6.462972473212282e-15,6.201924741094906e-15,11.719507050404076,11.719507050404223,False,0,nan,nan,0.0,"[15, 9, 0, 6, 12, 10, 4, 7, 1, 3, 2, 5, 8, 13, 11, 14]"
workload,quartic,80006,31340930,0.26666666666666666,qaoa_p2,2,stock_level3,11,stock_qiskit,stock Qiskit Level 3 baseline,344,344,283,166,65.98400000000005,0.0,0.017276600003242493,0.01818819998879917,0,8.916870345764775e-15,8.69971768821452e-15,16.000003532789492,16.000003532789776,False,0,nan,nan,0.0,"[15, 0, 9, 8, 6, 14, 13, 11, 5, 2, 3, 1, 4, 7, 10, 12]"
workload,quartic,80006,31340930,0.26666666666666666,qaoa_p2,2,hybrid_level3,11,qiskit_fallback,density 0.267 is below the V4 window,344,344,283,166,65.98400000000005,0.0,0.02160790000925772,0.023924900000565685,0,8.916870345764775e-15,8.69971768821452e-15,16.000003532789492,16.000003532789776,False,0,nan,nan,0.0,"[15, 0, 9, 8, 6, 14, 13, 11, 5, 2, 3, 1, 4, 7, 10, 12]"
workload,quartic,80006,31340930,0.26666666666666666,qaoa_p2,2,stock_level3,29,stock_qiskit,stock Qiskit Level 3 baseline,331,331,245,140,56.4053333333334,0.0,0.017855199999758042,0.01881350000621751,0,8.016824199195211e-15,7.671717465051345e-15,16.000003532789492,16.000003532789744,False,0,nan,nan,0.0,"[11, 0, 6, 7, 9, 13, 14, 12, 15, 4, 10, 1, 2, 8, 3, 5]"
workload,quartic,80006,31340930,0.26666666666666666,qaoa_p2,2,hybrid_level3,29,qiskit_fallback,density 0.267 is below the V4 window,331,331,245,140,56.4053333333334,0.0,0.016981499997200444,0.018639599991729483,0,8.016824199195211e-15,7.671717465051345e-15,16.000003532789492,16.000003532789744,False,0,nan,nan,0.0,"[11, 0, 6, 7, 9, 13, 14, 12, 15, 4, 10, 1, 2, 8, 3, 5]"
workload,quartic,80006,31340930,0.26666666666666666,qaoa_p2,2,stock_level3,47,stock_qiskit,stock Qiskit Level 3 baseline,331,331,288,147,60.15288888888897,0.0,0.017923399995197542,0.018873399996664375,0,9.09691208769939e-15,8.826104946655824e-15,16.000003532789492,16.000003532789776,False,0,nan,nan,0.0,"[15, 9, 0, 1, 7, 10, 4, 6, 2, 3, 5, 8, 11, 14, 13, 12]"
workload,quartic,80006,31340930,0.26666666666666666,qaoa_p2,2,hybrid_level3,47,qiskit_fallback,density 0.267 is below the V4 window,331,331,288,147,60.15288888888897,0.0,0.017389800006640144,0.019122400000924245,0,9.09691208769939e-15,8.826104946655824e-15,16.000003532789492,16.000003532789776,False,0,nan,nan,0.0,"[15, 9, 0, 1, 7, 10, 4, 6, 2, 3, 5, 8, 11, 14, 13, 12]"
workload,quartic,80007,31340931,0.26666666666666666,qaoa_p1,1,stock_level3,11,stock_qiskit,stock Qiskit Level 3 baseline,144,144,147,84,33.7137777777778,0.0,0.011863899999298155,0.012468899993109517,0,5.846418184524173e-15,5.652263599734781e-15,15.999999999989388,15.999999999989566,False,0,nan,nan,0.0,"[13, 14, 6, 11, 9, 8, 15, 5, 3, 2, 0, 7, 1, 4, 10, 12]"
workload,quartic,80007,31340931,0.26666666666666666,qaoa_p1,1,hybrid_level3,11,qiskit_fallback,density 0.267 is below the V4 window,144,144,147,84,33.7137777777778,0.0,0.011309399997116998,0.012329900011536665,0,5.846418184524173e-15,5.652263599734781e-15,15.999999999989388,15.999999999989566,False,0,nan,nan,0.0,"[13, 14, 6, 11, 9, 8, 15, 5, 3, 2, 0, 7, 1, 4, 10, 12]"
workload,quartic,80007,31340931,0.26666666666666666,qaoa_p1,1,stock_level3,29,stock_qiskit,stock Qiskit Level 3 baseline,135,135,143,70,29.098666666666674,0.0,0.011595300005865283,0.012207599997054785,0,5.977112405341842e-15,5.7153262046328874e-15,15.999999999989388,15.99999999998957,False,0,nan,nan,0.0,"[11, 8, 4, 9, 5, 3, 14, 2, 0, 1, 6, 15, 7, 10, 12, 13]"
workload,quartic,80007,31340931,0.26666666666666666,qaoa_p1,1,hybrid_level3,29,qiskit_fallback,density 0.267 is below the V4 window,135,135,143,70,29.098666666666674,0.0,0.014255099988076836,0.015481599999475293,0,5.977112405341842e-15,5.7153262046328874e-15,15.999999999989388,15.99999999998957,False,0,nan,nan,0.0,"[11, 8, 4, 9, 5, 3, 14, 2, 0, 1, 6, 15, 7, 10, 12, 13]"
workload,quartic,80007,31340931,0.26666666666666666,qaoa_p1,1,stock_level3,47,stock_qiskit,stock Qiskit Level 3 baseline,123,123,140,65,26.837333333333337,0.0,0.0114507000107551,0.012309499987168238,0,6.951041227515268e-15,6.7004962293450875e-15,15.999999999989388,15.999999999989603,False,0,nan,nan,0.0,"[5, 2, 9, 3, 0, 1, 8, 4, 6, 7, 15, 13, 10, 12, 14, 11]"
workload,quartic,80007,31340931,0.26666666666666666,qaoa_p1,1,hybrid_level3,47,qiskit_fallback,density 0.267 is below the V4 window,123,123,140,65,26.837333333333337,0.0,0.013383299999986775,0.01488410000456497,0,6.951041227515268e-15,6.7004962293450875e-15,15.999999999989388,15.999999999989603,False,0,nan,nan,0.0,"[5, 2, 9, 3, 0, 1, 8, 4, 6, 7, 15, 13, 10, 12, 14, 11]"
workload,quartic,80007,31340931,0.26666666666666666,qaoa_p2,2,stock_level3,11,stock_qiskit,stock Qiskit Level 3 baseline,306,306,244,137,55.19644444444453,0.0,0.017547499999636784,0.018451900003128685,0,7.57517380143248e-15,7.243757633153648e-15,16.48767361112563,16.487673611125867,False,0,nan,nan,0.0,"[6, 0, 12, 2, 9, 3, 1, 5, 8, 11, 14, 4, 13, 15, 10, 7]"
workload,quartic,80007,31340931,0.26666666666666666,qaoa_p2,2,hybrid_level3,11,qiskit_fallback,density 0.267 is below the V4 window,306,306,244,137,55.19644444444453,0.0,0.01701020001200959,0.018628300007549115,0,7.57517380143248e-15,7.243757633153648e-15,16.48767361112563,16.487673611125867,False,0,nan,nan,0.0,"[6, 0, 12, 2, 9, 3, 1, 5, 8, 11, 14, 4, 13, 15, 10, 7]"
workload,quartic,80007,31340931,0.26666666666666666,qaoa_p2,2,stock_level3,29,stock_qiskit,stock Qiskit Level 3 baseline,302,302,245,125,50.90133333333337,0.0,0.016795000003185123,0.017699599993648008,0,6.915709342175815e-15,6.6432501066815785e-15,16.48767361112563,16.48767361112585,False,0,nan,nan,0.0,"[0, 15, 8, 6, 13, 10, 7, 12, 9, 11, 14, 3, 5, 4, 1, 2]"
workload,quartic,80007,31340931,0.26666666666666666,qaoa_p2,2,hybrid_level3,29,qiskit_fallback,density 0.267 is below the V4 window,302,302,245,125,50.90133333333337,0.0,0.016617199988104403,0.018261799996253103,0,6.915709342175815e-15,6.6432501066815785e-15,16.48767361112563,16.48767361112585,False,0,nan,nan,0.0,"[0, 15, 8, 6, 13, 10, 7, 12, 9, 11, 14, 3, 5, 4, 1, 2]"
workload,quartic,80007,31340931,0.26666666666666666,qaoa_p2,2,stock_level3,47,stock_qiskit,stock Qiskit Level 3 baseline,300,300,264,138,56.31288888888896,0.0,0.017744700002367608,0.01868530000501778,0,8.028049453531679e-15,7.706819366898776e-15,16.48767361112563,16.487673611125885,False,0,nan,nan,0.0,"[12, 9, 0, 3, 11, 5, 2, 8, 15, 14, 13, 1, 10, 6, 7, 4]"
workload,quartic,80007,31340931,0.26666666666666666,qaoa_p2,2,hybrid_level3,47,qiskit_fallback,density 0.267 is below the V4 window,300,300,264,138,56.31288888888896,0.0,0.016961899993475527,0.018628999998327345,0,8.028049453531679e-15,7.706819366898776e-15,16.48767361112563,16.487673611125885,False,0,nan,nan,0.0,"[12, 9, 0, 3, 11, 5, 2, 8, 15, 14, 13, 1, 10, 6, 7, 4]"
workload,quartic,80008,31340932,0.26666666666666666,qaoa_p1,1,stock_level3,11,stock_qiskit,stock Qiskit Level 3 baseline,138,138,167,87,34.304000000000016,0.0,0.011814500001491979,0.012403200002154335,0,4.347385101856467e-15,4.101404495722543e-15,16.508799445641486,16.508799445641618,False,0,nan,nan,0.0,"[15, 6, 10, 0, 12, 7, 3, 4, 2, 1, 9, 11, 5, 8, 14, 13]"
workload,quartic,80008,31340932,0.26666666666666666,qaoa_p1,1,hybrid_level3,11,qiskit_fallback,density 0.267 is below the V4 window,138,138,167,87,34.304000000000016,0.0,0.011167100004968233,0.01223290000052657,0,4.347385101856467e-15,4.101404495722543e-15,16.508799445641486,16.508799445641618,False,0,nan,nan,0.0,"[15, 6, 10, 0, 12, 7, 3, 4, 2, 1, 9, 11, 5, 8, 14, 13]"
workload,quartic,80008,31340932,0.26666666666666666,qaoa_p1,1,stock_level3,29,stock_qiskit,stock Qiskit Level 3 baseline,139,139,147,78,31.886222222222226,0.0,0.011552399999345653,0.012365100003080443,0,3.4672352069014782e-15,3.2273672562835437e-15,16.508799445641486,16.50879944564159,False,0,nan,nan,0.0,"[11, 10, 15, 6, 12, 7, 2, 0, 1, 4, 3, 9, 5, 8, 14, 13]"
workload,quartic,80008,31340932,0.26666666666666666,qaoa_p1,1,hybrid_level3,29,qiskit_fallback,density 0.267 is below the V4 window,139,139,147,78,31.886222222222226,0.0,0.012294200001633726,0.013338099990505725,0,3.4672352069014782e-15,3.2273672562835437e-15,16.508799445641486,16.50879944564159,False,0,nan,nan,0.0,"[11, 10, 15, 6, 12, 7, 2, 0, 1, 4, 3, 9, 5, 8, 14, 13]"
workload,quartic,80008,31340932,0.26666666666666666,qaoa_p1,1,stock_level3,47,stock_qiskit,stock Qiskit Level 3 baseline,160,160,136,83,30.855111111111118,0.0,0.01125510000565555,0.011845799992443062,0,5.1750756781391754e-15,4.973878404594161e-15,16.508799445641486,16.50879944564165,False,0,nan,nan,0.0,"[0, 2, 1, 8, 15, 6, 12, 10, 11, 3, 9, 5, 14, 13, 7, 4]"
workload,quartic,80008,31340932,0.26666666666666666,qaoa_p1,1,hybrid_level3,47,qiskit_fallback,density 0.267 is below the V4 window,160,160,136,83,30.855111111111118,0.0,0.011860400001751259,0.012968900002306327,0,5.1750756781391754e-15,4.973878404594161e-15,16.508799445641486,16.50879944564165,False,0,nan,nan,0.0,"[0, 2, 1, 8, 15, 6, 12, 10, 11, 3, 9, 5, 14, 13, 7, 4]"
workload,quartic,80008,31340932,0.26666666666666666,qaoa_p2,2,stock_level3,11,stock_qiskit,stock Qiskit Level 3 baseline,318,318,227,137,54.556444444444494,0.0,0.017355200005113147,0.018262600002344698,0,8.144160853334972e-15,7.81389468779115e-15,15.941441069546867,15.941441069547118,False,0,nan,nan,0.0,"[5, 8, 11, 9, 15, 12, 6, 0, 1, 3, 2, 10, 4, 7, 13, 14]"
workload,quartic,80008,31340932,0.26666666666666666,qaoa_p2,2,hybrid_level3,11,qiskit_fallback,density 0.267 is below the V4 window,318,318,227,137,54.556444444444494,0.0,0.017915000003995374,0.01979409999330528,0,8.144160853334972e-15,7.81389468779115e-15,15.941441069546867,15.941441069547118,False,0,nan,nan,0.0,"[5, 8, 11, 9, 15, 12, 6, 0, 1, 3, 2, 10, 4, 7, 13, 14]"
workload,quartic,80008,31340932,0.26666666666666666,qaoa_p2,2,stock_level3,29,stock_qiskit,stock Qiskit Level 3 baseline,315,315,254,152,61.36888888888897,0.0,0.017112899993662722,0.018032299994956702,0,9.377511702070922e-15,9.159962352969769e-15,15.941441069546867,15.941441069547164,False,0,nan,nan,0.0,"[0, 3, 2, 9, 6, 14, 15, 8, 11, 5, 7, 13, 12, 10, 4, 1]"
workload,quartic,80008,31340932,0.26666666666666666,qaoa_p2,2,hybrid_level3,29,qiskit_fallback,density 0.267 is below the V4 window,315,315,254,152,61.36888888888897,0.0,0.017341500002657995,0.01912960001209285,0,9.377511702070922e-15,9.159962352969769e-15,15.941441069546867,15.941441069547164,False,0,nan,nan,0.0,"[0, 3, 2, 9, 6, 14, 15, 8, 11, 5, 7, 13, 12, 10, 4, 1]"
workload,quartic,80008,31340932,0.26666666666666666,qaoa_p2,2,stock_level3,47,stock_qiskit,stock Qiskit Level 3 baseline,327,327,247,147,55.324444444444545,0.0,0.017646199994487688,0.018614000000525266,0,8.686560108190017e-15,8.401065084977433e-15,15.941441069546867,15.941441069547139,False,0,nan,nan,0.0,"[2, 0, 6, 3, 4, 1, 15, 9, 11, 5, 8, 7, 14, 13, 12, 10]"
workload,quartic,80008,31340932,0.26666666666666666,qaoa_p2,2,hybrid_level3,47,qiskit_fallback,density 0.267 is below the V4 window,327,327,247,147,55.324444444444545,0.0,0.018187100009527057,0.019883400003891438,0,8.686560108190017e-15,8.401065084977433e-15,15.941441069546867,15.941441069547139,False,0,nan,nan,0.0,"[2, 0, 6, 3, 4, 1, 15, 9, 11, 5, 8, 7, 14, 13, 12, 10]"
workload,quartic,80009,31340933,0.26666666666666666,qaoa_p1,1,stock_level3,11,stock_qiskit,stock Qiskit Level 3 baseline,141,141,131,71,29.873777777777782,0.0,0.011828899994725361,0.012436399993021041,0,4.6566107927898685e-15,4.433423626016824e-15,16.042318090393255,16.042318090393405,False,0,nan,nan,0.0,"[6, 11, 12, 14, 15, 13, 10, 7, 8, 9, 0, 3, 5, 2, 1, 4]"
workload,quartic,80009,31340933,0.26666666666666666,qaoa_p1,1,hybrid_level3,11,qiskit_fallback,density 0.267 is below the V4 window,141,141,131,71,29.873777777777782,0.0,0.01119789999211207,0.012219299998832867,0,4.6566107927898685e-15,4.433423626016824e-15,16.042318090393255,16.042318090393405,False,0,nan,nan,0.0,"[6, 11, 12, 14, 15, 13, 10, 7, 8, 9, 0, 3, 5, 2, 1, 4]"
workload,quartic,80009,31340933,0.26666666666666666,qaoa_p1,1,stock_level3,29,stock_qiskit,stock Qiskit Level 3 baseline,152,152,150,82,32.71822222222223,0.0,0.013904299994464964,0.014696600002935156,0,5.8886277359496726e-15,5.704430827209126e-15,16.042318090393255,16.04231809039344,False,0,nan,nan,0.0,"[3, 14, 2, 9, 5, 8, 0, 1, 15, 11, 6, 12, 13, 10, 7, 4]"
workload,quartic,80009,31340933,0.26666666666666666,qaoa_p1,1,hybrid_level3,29,qiskit_fallback,density 0.267 is below the V4 window,152,152,150,82,32.71822222222223,0.0,0.013114500005031005,0.014299200003733858,0,5.8886277359496726e-15,5.704430827209126e-15,16.042318090393255,16.04231809039344,False,0,nan,nan,0.0,"[3, 14, 2, 9, 5, 8, 0, 1, 15, 11, 6, 12, 13, 10, 7, 4]"
workload,quartic,80009,31340933,0.26666666666666666,qaoa_p1,1,stock_level3,47,stock_qiskit,stock Qiskit Level 3 baseline,159,159,145,83,34.58844444444446,0.0,0.012042800008202903,0.012663600005907938,0,5.78387901646564e-15,5.639637860287802e-15,16.042318090393255,16.04231809039344,False,0,nan,nan,0.0,"[14, 15, 11, 8, 9, 3, 2, 0, 1, 5, 4, 6, 13, 12, 10, 7]"
workload,quartic,80009,31340933,0.26666666666666666,qaoa_p1,1,hybrid_level3,47,qiskit_fallback,density 0.267 is below the V4 window,159,159,145,83,34.58844444444446,0.0,0.011664799996651709,0.012713099989923649,0,5.78387901646564e-15,5.639637860287802e-15,16.042318090393255,16.04231809039344,False,0,nan,nan,0.0,"[14, 15, 11, 8, 9, 3, 2, 0, 1, 5, 4, 6, 13, 12, 10, 7]"
workload,quartic,80009,31340933,0.26666666666666666,qaoa_p2,2,stock_level3,11,stock_qiskit,stock Qiskit Level 3 baseline,336,336,217,125,49.81333333333338,0.0,0.019216500004404224,0.020223999992595054,0,8.686396731415145e-15,8.425208599919605e-15,15.633396047321387,15.63339604732165,False,0,nan,nan,0.0,"[0, 13, 7, 11, 15, 9, 12, 6, 14, 5, 3, 10, 8, 2, 1, 4]"
workload,quartic,80009,31340933,0.26666666666666666,qaoa_p2,2,hybrid_level3,11,qiskit_fallback,density 0.267 is below the V4 window,336,336,217,125,49.81333333333338,0.0,0.01979560000472702,0.02216779999434948,0,8.686396731415145e-15,8.425208599919605e-15,15.633396047321387,15.63339604732165,False,0,nan,nan,0.0,"[0, 13, 7, 11, 15, 9, 12, 6, 14, 5, 3, 10, 8, 2, 1, 4]"
workload,quartic,80009,31340933,0.26666666666666666,qaoa_p2,2,stock_level3,29,stock_qiskit,stock Qiskit Level 3 baseline,331,331,245,143,53.404444444444536,0.0,0.020964399998774752,0.022163600006024353,0,7.077383834298845e-15,6.639979595219378e-15,15.633396047321387,15.633396047321595,False,0,nan,nan,0.0,"[15, 4, 10, 1, 6, 0, 7, 12, 2, 9, 13, 5, 3, 8, 11, 14]"
workload,quartic,80009,31340933,0.26666666666666666,qaoa_p2,2,hybrid_level3,29,qiskit_fallback,density 0.267 is below the V4 window,331,331,245,143,53.404444444444536,0.0,0.01824970000598114,0.020168900009593926,0,7.077383834298845e-15,6.639979595219378e-15,15.633396047321387,15.633396047321595,False,0,nan,nan,0.0,"[15, 4, 10, 1, 6, 0, 7, 12, 2, 9, 13, 5, 3, 8, 11, 14]"
workload,quartic,80009,31340933,0.26666666666666666,qaoa_p2,2,stock_level3,47,stock_qiskit,stock Qiskit Level 3 baseline,334,334,227,143,55.93600000000006,0.0,0.09203690000867937,0.0931847000028938,0,8.388873278867464e-15,8.02218250724632e-15,15.633396047321387,15.633396047321636,False,0,nan,nan,0.0,"[4, 15, 1, 10, 7, 6, 0, 2, 12, 13, 9, 3, 14, 11, 5, 8]"
workload,quartic,80009,31340933,0.26666666666666666,qaoa_p2,2,hybrid_level3,47,qiskit_fallback,density 0.267 is below the V4 window,334,334,227,143,55.93600000000006,0.0,0.017925299995113164,0.019657600001664832,0,8.388873278867464e-15,8.02218250724632e-15,15.633396047321387,15.633396047321636,False,0,nan,nan,0.0,"[4, 15, 1, 10, 7, 6, 0, 2, 12, 13, 9, 3, 14, 11, 5, 8]"
workload,quartic,80010,31340934,0.26666666666666666,qaoa_p1,1,stock_level3,11,stock_qiskit,stock Qiskit Level 3 baseline,149,149,145,91,37.08444444444447,0.0,0.01163129998894874,0.012303600000450388,0,5.543314890102551e-15,5.300192604252159e-15,15.154758376043375,15.154758376043533,False,0,nan,nan,0.0,"[6, 9, 11, 10, 15, 1, 0, 2, 3, 5, 8, 14, 13, 12, 7, 4]"
workload,quartic,80010,31340934,0.26666666666666666,qaoa_p1,1,hybrid_level3,11,qiskit_fallback,density 0.267 is below the V4 window,149,149,145,91,37.08444444444447,0.0,0.011162999988300726,0.012265299999853596,0,5.543314890102551e-15,5.300192604252159e-15,15.154758376043375,15.154758376043533,False,0,nan,nan,0.0,"[6, 9, 11, 10, 15, 1, 0, 2, 3, 5, 8, 14, 13, 12, 7, 4]"
workload,quartic,80010,31340934,0.26666666666666666,qaoa_p1,1,stock_level3,29,stock_qiskit,stock Qiskit Level 3 baseline,146,146,148,84,35.52711111111112,0.0,0.012226899998495355,0.01284999999916181,0,5.631812770051236e-15,5.425414523841646e-15,15.154758376043375,15.154758376043542,False,0,nan,nan,0.0,"[9, 14, 15, 11, 13, 8, 0, 1, 2, 6, 12, 10, 7, 4, 3, 5]"
workload,quartic,80010,31340934,0.26666666666666666,qaoa_p1,1,hybrid_level3,29,qiskit_fallback,density 0.267 is below the V4 window,146,146,148,84,35.52711111111112,0.0,0.011559300008229911,0.0125397000083467,0,5.631812770051236e-15,5.425414523841646e-15,15.154758376043375,15.154758376043542,False,0,nan,nan,0.0,"[9, 14, 15, 11, 13, 8, 0, 1, 2, 6, 12, 10, 7, 4, 3, 5]"
workload,quartic,80010,31340934,0.26666666666666666,qaoa_p1,1,stock_level3,47,stock_qiskit,stock Qiskit Level 3 baseline,152,152,139,85,34.304000000000016,0.0,0.012864399992395192,0.013630999994347803,0,5.544231429129589e-15,5.310474463912622e-15,15.154758376043375,15.154758376043535,False,0,nan,nan,0.0,"[6, 9, 11, 4, 15, 1, 0, 2, 3, 5, 8, 14, 13, 12, 10, 7]"
workload,quartic,80010,31340934,0.26666666666666666,qaoa_p1,1,hybrid_level3,47,qiskit_fallback,density 0.267 is below the V4 window,152,152,139,85,34.304000000000016,0.0,0.011724300013156608,0.012850400002207607,0,5.544231429129589e-15,5.310474463912622e-15,15.154758376043375,15.154758376043535,False,0,nan,nan,0.0,"[6, 9, 11, 4, 15, 1, 0, 2, 3, 5, 8, 14, 13, 12, 10, 7]"
workload,quartic,80010,31340934,0.26666666666666666,qaoa_p2,2,stock_level3,11,stock_qiskit,stock Qiskit Level 3 baseline,336,336,206,131,55.36711111111114,0.0,0.016942400005063973,0.01786730000458192,0,9.009653041664923e-15,8.591130314966944e-15,15.239247187644454,15.239247187644722,False,0,nan,nan,0.0,"[9, 15, 13, 14, 11, 8, 2, 0, 10, 6, 12, 4, 7, 1, 3, 5]"
workload,quartic,80010,31340934,0.26666666666666666,qaoa_p2,2,hybrid_level3,11,qiskit_fallback,density 0.267 is below the V4 window,336,336,206,131,55.36711111111114,0.0,0.018757300000288524,0.02059970000118483,0,9.009653041664923e-15,8.591130314966944e-15,15.239247187644454,15.239247187644722,False,0,nan,nan,0.0,"[9, 15, 13, 14, 11, 8, 2, 0, 10, 6, 12, 4, 7, 1, 3, 5]"
workload,quartic,80010,31340934,0.26666666666666666,qaoa_p2,2,stock_level3,29,stock_qiskit,stock Qiskit Level 3 baseline,325,325,226,122,50.83022222222229,0.0,0.01728089999232907,0.018260100012412295,0,1.0307277917874154e-14,9.910806652298328e-15,15.239247187644454,15.23924718764476,False,0,nan,nan,0.0,"[6, 9, 5, 10, 15, 7, 1, 4, 0, 2, 3, 8, 11, 14, 13, 12]"
workload,quartic,80010,31340934,0.26666666666666666,qaoa_p2,2,hybrid_level3,29,qiskit_fallback,density 0.267 is below the V4 window,325,325,226,122,50.83022222222229,0.0,0.02359170001000166,0.0260576000000583,0,1.0307277917874154e-14,9.910806652298328e-15,15.239247187644454,15.23924718764476,False,0,nan,nan,0.0,"[6, 9, 5, 10, 15, 7, 1, 4, 0, 2, 3, 8, 11, 14, 13, 12]"
workload,quartic,80010,31340934,0.26666666666666666,qaoa_p2,2,stock_level3,47,stock_qiskit,stock Qiskit Level 3 baseline,317,317,251,123,49.834666666666735,0.0,0.019005400012247264,0.020136799997999333,0,1.1134044930116218e-14,1.0731428542135926e-14,15.239247187644454,15.239247187644784,False,0,nan,nan,0.0,"[9, 0, 6, 5, 1, 8, 14, 13, 11, 15, 12, 7, 10, 4, 2, 3]"
workload,quartic,80010,31340934,0.26666666666666666,qaoa_p2,2,hybrid_level3,47,qiskit_fallback,density 0.267 is below the V4 window,317,317,251,123,49.834666666666735,0.0,0.01863019999291282,0.02039669999794569,0,1.1134044930116218e-14,1.0731428542135926e-14,15.239247187644454,15.239247187644784,False,0,nan,nan,0.0,"[9, 0, 6, 5, 1, 8, 14, 13, 11, 15, 12, 7, 10, 4, 2, 3]"
workload,quartic,80011,31340935,0.26666666666666666,qaoa_p1,1,stock_level3,11,stock_qiskit,stock Qiskit Level 3 baseline,141,141,148,87,34.70222222222225,0.0,0.011612400005105883,0.012374599988106638,0,5.7733045938468275e-15,5.601404700906899e-15,16.850704771148834,16.850704771149026,False,0,nan,nan,0.0,"[11, 9, 2, 10, 15, 6, 4, 7, 1, 0, 3, 5, 8, 12, 13, 14]"
workload,quartic,80011,31340935,0.26666666666666666,qaoa_p1,1,hybrid_level3,11,qiskit_fallback,density 0.267 is below the V4 window,141,141,148,87,34.70222222222225,0.0,0.011433299994678237,0.012584299998707138,0,5.7733045938468275e-15,5.601404700906899e-15,16.850704771148834,16.850704771149026,False,0,nan,nan,0.0,"[11, 9, 2, 10, 15, 6, 4, 7, 1, 0, 3, 5, 8, 12, 13, 14]"
workload,quartic,80011,31340935,0.26666666666666666,qaoa_p1,1,stock_level3,29,stock_qiskit,stock Qiskit Level 3 baseline,131,131,144,82,32.668444444444454,0.0,0.013491000005160458,0.014118699997197837,0,6.3415249600616965e-15,6.1586457664953544e-15,16.850704771148834,16.850704771149047,False,0,nan,nan,0.0,"[6, 15, 11, 0, 12, 3, 5, 2, 8, 9, 14, 13, 10, 7, 1, 4]"
workload,quartic,80011,31340935,0.26666666666666666,qaoa_p1,1,hybrid_level3,29,qiskit_fallback,density 0.267 is below the V4 window,131,131,144,82,32.668444444444454,0.0,0.012027999997371808,0.01322480000089854,0,6.3415249600616965e-15,6.1586457664953544e-15,16.850704771148834,16.850704771149047,False,0,nan,nan,0.0,"[6, 15, 11, 0, 12, 3, 5, 2, 8, 9, 14, 13, 10, 7, 1, 4]"
workload,quartic,80011,31340935,0.26666666666666666,qaoa_p1,1,stock_level3,47,stock_qiskit,stock Qiskit Level 3 baseline,141,141,143,78,31.900444444444453,0.0,0.011397700000088662,0.012003499999991618,0,6.055327768472449e-15,5.865320690193908e-15,16.850704771148834,16.850704771149033,False,0,nan,nan,0.0,"[8, 14, 15, 1, 9, 0, 6, 4, 7, 10, 12, 13, 11, 5, 2, 3]"
workload,quartic,80011,31340935,0.26666666666666666,qaoa_p1,1,hybrid_level3,47,qiskit_fallback,density 0.267 is below the V4 window,141,141,143,78,31.900444444444453,0.0,0.011884399995324202,0.01290990000416059,0,6.055327768472449e-15,5.865320690193908e-15,16.850704771148834,16.850704771149033,False,0,nan,nan,0.0,"[8, 14, 15, 1, 9, 0, 6, 4, 7, 10, 12, 13, 11, 5, 2, 3]"
workload,quartic,80011,31340935,0.26666666666666666,qaoa_p2,2,stock_level3,11,stock_qiskit,stock Qiskit Level 3 baseline,304,304,270,151,59.69066666666673,0.0,0.016672099998686463,0.01757559999532532,0,1.0850724168841341e-14,1.0411082939752046e-14,16.005624469818525,16.005624469818855,False,0,nan,nan,0.0,"[11, 6, 15, 2, 9, 0, 7, 1, 4, 10, 12, 13, 14, 3, 5, 8]"
workload,quartic,80011,31340935,0.26666666666666666,qaoa_p2,2,hybrid_level3,11,qiskit_fallback,density 0.267 is below the V4 window,304,304,270,151,59.69066666666673,0.0,0.01655709999613464,0.01816379999218043,0,1.0850724168841341e-14,1.0411082939752046e-14,16.005624469818525,16.005624469818855,False,0,nan,nan,0.0,"[11, 6, 15, 2, 9, 0, 7, 1, 4, 10, 12, 13, 14, 3, 5, 8]"
workload,quartic,80011,31340935,0.26666666666666666,qaoa_p2,2,stock_level3,29,stock_qiskit,stock Qiskit Level 3 baseline,337,337,196,128,52.72177777777785,0.0,0.016775500000221655,0.017706200000247918,0,1.0765042900761187e-14,1.0228208910264571e-14,16.005624469818525,16.005624469818848,False,0,nan,nan,0.0,"[11, 0, 4, 8, 5, 15, 9, 7, 6, 1, 2, 3, 10, 12, 14, 13]"
workload,quartic,80011,31340935,0.26666666666666666,qaoa_p2,2,hybrid_level3,29,qiskit_fallback,density 0.267 is below the V4 window,337,337,196,128,52.72177777777785,0.0,0.017113599998992868,0.01880610000807792,0,1.0765042900761187e-14,1.0228208910264571e-14,16.005624469818525,16.005624469818848,False,0,nan,nan,0.0,"[11, 0, 4, 8, 5, 15, 9, 7, 6, 1, 2, 3, 10, 12, 14, 13]"
workload,quartic,80011,31340935,0.26666666666666666,qaoa_p2,2,stock_level3,47,stock_qiskit,stock Qiskit Level 3 baseline,333,333,274,157,64.81066666666682,0.0,0.017201099995872937,0.018124500013072975,0,1.0910130332557155e-14,1.0499109815379161e-14,16.005624469818525,16.005624469818855,False,0,nan,nan,0.0,"[6, 15, 14, 12, 0, 2, 3, 1, 11, 9, 5, 8, 13, 4, 7, 10]"
workload,quartic,80011,31340935,0.26666666666666666,qaoa_p2,2,hybrid_level3,47,qiskit_fallback,density 0.267 is below the V4 window,333,333,274,157,64.81066666666682,0.0,0.01746060000732541,0.019103799990261905,0,1.0910130332557155e-14,1.0499109815379161e-14,16.005624469818525,16.005624469818855,False,0,nan,nan,0.0,"[6, 15, 14, 12, 0, 2, 3, 1, 11, 9, 5, 8, 13, 4, 7, 10]"
workload,grid4x4,80000,32340924,0.2,qaoa_p1,1,stock_level3,11,stock_qiskit,stock Qiskit Level 3 baseline,99,99,93,52,20.949333333333342,0.0,0.010499500000150874,0.01108669998939149,0,5.8749186597212385e-15,5.6614135021384055e-15,11.168950095609887,11.168950095610008,False,0,nan,nan,0.0,"[6, 0, 4, 1, 7, 10, 2, 3, 15, 9, 14, 5, 12, 13, 11, 8]"
workload,grid4x4,80000,32340924,0.2,qaoa_p1,1,hybrid_level3,11,qiskit_fallback,density 0.200 is below the V4 window,99,99,93,52,20.949333333333342,0.0,0.010076399994431995,0.011216700004297309,0,5.8749186597212385e-15,5.6614135021384055e-15,11.168950095609887,11.168950095610008,False,0,nan,nan,0.0,"[6, 0, 4, 1, 7, 10, 2, 3, 15, 9, 14, 5, 12, 13, 11, 8]"
workload,grid4x4,80000,32340924,0.2,qaoa_p1,1,stock_level3,29,stock_qiskit,stock Qiskit Level 3 baseline,99,99,92,52,20.295111111111115,0.0,0.010089899995364249,0.010635799990268424,0,6.343644774464116e-15,6.111313883731611e-15,11.168950095609887,11.168950095610018,False,0,nan,nan,0.0,"[0, 4, 6, 7, 1, 2, 10, 15, 3, 9, 11, 12, 5, 8, 14, 13]"
workload,grid4x4,80000,32340924,0.2,qaoa_p1,1,hybrid_level3,29,qiskit_fallback,density 0.200 is below the V4 window,99,99,92,52,20.295111111111115,0.0,0.01323229999979958,0.014381900007720105,0,6.343644774464116e-15,6.111313883731611e-15,11.168950095609887,11.168950095610018,False,0,nan,nan,0.0,"[0, 4, 6, 7, 1, 2, 10, 15, 3, 9, 11, 12, 5, 8, 14, 13]"
workload,grid4x4,80000,32340924,0.2,qaoa_p1,1,stock_level3,47,stock_qiskit,stock Qiskit Level 3 baseline,96,96,100,55,23.032888888888895,0.0,0.01112539999303408,0.011751599988201633,0,5.451935547944849e-15,5.189547996160261e-15,11.168950095609887,11.168950095609995,False,0,nan,nan,0.0,"[9, 5, 3, 0, 11, 8, 2, 1, 14, 15, 12, 6, 13, 10, 7, 4]"
workload,grid4x4,80000,32340924,0.2,qaoa_p1,1,hybrid_level3,47,qiskit_fallback,density 0.200 is below the V4 window,96,96,100,55,23.032888888888895,0.0,0.010178099997574463,0.011189500000909902,0,5.451935547944849e-15,5.189547996160261e-15,11.168950095609887,11.168950095609995,False,0,nan,nan,0.0,"[9, 5, 3, 0, 11, 8, 2, 1, 14, 15, 12, 6, 13, 10, 7, 4]"
workload,grid4x4,80000,32340924,0.2,qaoa_p2,2,stock_level3,11,stock_qiskit,stock Qiskit Level 3 baseline,202,202,162,91,35.34933333333335,0.0,0.014165799992042594,0.014955100006773137,0,6.371336141552656e-15,6.031611183823013e-15,12.04593609585025,12.045936095850392,False,0,nan,nan,0.0,"[6, 4, 0, 1, 7, 10, 3, 2, 15, 13, 9, 5, 12, 14, 11, 8]"
workload,grid4x4,80000,32340924,0.2,qaoa_p2,2,hybrid_level3,11,qiskit_fallback,density 0.200 is below the V4 window,202,202,162,91,35.34933333333335,0.0,0.013770999998087063,0.015285000001313165,0,6.371336141552656e-15,6.031611183823013e-15,12.04593609585025,12.045936095850392,False,0,nan,nan,0.0,"[6, 4, 0, 1, 7, 10, 3, 2, 15, 13, 9, 5, 12, 14, 11, 8]"
workload,grid4x4,80000,32340924,0.2,qaoa_p2,2,stock_level3,29,stock_qiskit,stock Qiskit Level 3 baseline,202,202,158,84,32.128000000000014,0.0,0.013192400001571514,0.014339299988932908,0,6.638536091028011e-15,6.314691179259864e-15,12.04593609585025,12.045936095850399,False,0,nan,nan,0.0,"[9, 5, 3, 0, 8, 11, 2, 1, 14, 13, 12, 4, 15, 10, 7, 6]"
workload,grid4x4,80000,32340924,0.2,qaoa_p2,2,hybrid_level3,29,qiskit_fallback,density 0.200 is below the V4 window,202,202,158,84,32.128000000000014,0.0,0.013202100002672523,0.014605499993194826,0,6.638536091028011e-15,6.314691179259864e-15,12.04593609585025,12.045936095850399,False,0,nan,nan,0.0,"[9, 5, 3, 0, 8, 11, 2, 1, 14, 13, 12, 4, 15, 10, 7, 6]"
workload,grid4x4,80000,32340924,0.2,qaoa_p2,2,stock_level3,47,stock_qiskit,stock Qiskit Level 3 baseline,202,202,166,92,35.29244444444447,0.0,0.01297060000069905,0.014037399989319965,0,7.084693611259548e-15,6.835280982859741e-15,12.04593609585025,12.045936095850413,False,0,nan,nan,0.0,"[9, 3, 0, 2, 5, 8, 4, 1, 11, 15, 13, 6, 14, 12, 10, 7]"
workload,grid4x4,80000,32340924,0.2,qaoa_p2,2,hybrid_level3,47,qiskit_fallback,density 0.200 is below the V4 window,202,202,166,92,35.29244444444447,0.0,0.01917650000541471,0.02139559999341145,0,7.084693611259548e-15,6.835280982859741e-15,12.04593609585025,12.045936095850413,False,0,nan,nan,0.0,"[9, 3, 0, 2, 5, 8, 4, 1, 11, 15, 13, 6, 14, 12, 10, 7]"
workload,community,80000,33340924,0.30833333333333335,qaoa_p1,1,stock_level3,11,stock_qiskit,stock Qiskit Level 3 baseline,160,160,145,81,31.75111111111112,0.0,0.012561499999719672,0.013231799995992333,0,4.7812849737540015e-15,4.458643621120159e-15,17.509360890395662,17.509360890395815,False,0,nan,nan,0.0,"[2, 9, 5, 0, 3, 11, 14, 8, 15, 10, 1, 12, 7, 13, 6, 4]"
workload,community,80000,33340924,0.30833333333333335,qaoa_p1,1,hybrid_level3,11,qiskit_fallback,density 0.308 is below the V4 window,160,160,145,81,31.75111111111112,0.0,0.012113799995859154,0.013173200000892393,0,4.7812849737540015e-15,4.458643621120159e-15,17.509360890395662,17.509360890395815,False,0,nan,nan,0.0,"[2, 9, 5, 0, 3, 11, 14, 8, 15, 10, 1, 12, 7, 13, 6, 4]"
workload,community,80000,33340924,0.30833333333333335,qaoa_p1,1,stock_level3,29,stock_qiskit,stock Qiskit Level 3 baseline,149,149,159,82,33.052444444444454,0.0,0.01555319999170024,0.01645039999857545,0,5.9043046772955214e-15,5.582884041461038e-15,17.509360890395662,17.509360890395854,False,0,nan,nan,0.0,"[6, 0, 4, 7, 5, 2, 3, 1, 15, 12, 10, 8, 14, 9, 11, 13]"
workload,community,80000,33340924,0.30833333333333335,qaoa_p1,1,hybrid_level3,29,qiskit_fallback,density 0.308 is below the V4 window,149,149,159,82,33.052444444444454,0.0,0.012037899999995716,0.013662099998327903,0,5.9043046772955214e-15,5.582884041461038e-15,17.509360890395662,17.509360890395854,False,0,nan,nan,0.0,"[6, 0, 4, 7, 5, 2, 3, 1, 15, 12, 10, 8, 14, 9, 11, 13]"
workload,community,80000,33340924,0.30833333333333335,qaoa_p1,1,stock_level3,47,stock_qiskit,stock Qiskit Level 3 baseline,162,162,167,94,38.250666666666675,0.0,0.012590999991516583,0.013215400002081878,0,4.779175142257285e-15,4.481502029161743e-15,17.509360890395662,17.50936089039582,False,0,nan,nan,0.0,"[10, 13, 15, 6, 9, 14, 11, 12, 3, 0, 7, 5, 1, 8, 2, 4]"
workload,community,80000,33340924,0.30833333333333335,qaoa_p1,1,hybrid_level3,47,qiskit_fallback,density 0.308 is below the V4 window,162,162,167,94,38.250666666666675,0.0,0.012067999996361323,0.013137000001734123,0,4.779175142257285e-15,4.481502029161743e-15,17.509360890395662,17.50936089039582,False,0,nan,nan,0.0,"[10, 13, 15, 6, 9, 14, 11, 12, 3, 0, 7, 5, 1, 8, 2, 4]"
workload,community,80000,33340924,0.30833333333333335,qaoa_p2,2,stock_level3,11,stock_qiskit,stock Qiskit Level 3 baseline,350,350,308,165,65.28711111111123,0.0,0.019228899996960536,0.020303099998272955,0,1.0394417591352884e-14,1.0135818969877779e-14,18.766265475886897,18.766265475887277,False,0,nan,nan,0.0,"[15, 11, 3, 6, 2, 5, 8, 9, 12, 1, 0, 13, 7, 14, 10, 4]"
workload,community,80000,33340924,0.30833333333333335,qaoa_p2,2,hybrid_level3,11,qiskit_fallback,density 0.308 is below the V4 window,350,350,308,165,65.28711111111123,0.0,0.018841199998860247,0.020847899999353103,0,1.0394417591352884e-14,1.0135818969877779e-14,18.766265475886897,18.766265475887277,False,0,nan,nan,0.0,"[15, 11, 3, 6, 2, 5, 8, 9, 12, 1, 0, 13, 7, 14, 10, 4]"
workload,community,80000,33340924,0.30833333333333335,qaoa_p2,2,stock_level3,29,stock_qiskit,stock Qiskit Level 3 baseline,365,365,276,147,58.06222222222232,0.0,0.019234299994423054,0.020237000004271977,0,1.0396214574847412e-14,1.0121113334904934e-14,18.766265475886897,18.766265475887273,False,0,nan,nan,0.0,"[15, 0, 2, 5, 3, 6, 4, 1, 7, 8, 9, 11, 13, 12, 10, 14]"
workload,community,80000,33340924,0.30833333333333335,qaoa_p2,2,hybrid_level3,29,qiskit_fallback,density 0.308 is below the V4 window,365,365,276,147,58.06222222222232,0.0,0.018483899999409914,0.02031209999404382,0,1.0396214574847412e-14,1.0121113334904934e-14,18.766265475886897,18.766265475887273,False,0,nan,nan,0.0,"[15, 0, 2, 5, 3, 6, 4, 1, 7, 8, 9, 11, 13, 12, 10, 14]"
workload,community,80000,33340924,0.30833333333333335,qaoa_p2,2,stock_level3,47,stock_qiskit,stock Qiskit Level 3 baseline,360,360,270,147,55.516444444444524,0.0,0.019480600007227622,0.020528199995169416,0,9.667768132786562e-15,8.995721439584844e-15,18.766265475886897,18.766265475887227,False,0,nan,nan,0.0,"[15, 0, 6, 3, 1, 10, 7, 4, 2, 9, 14, 13, 8, 12, 5, 11]"
workload,community,80000,33340924,0.30833333333333335,qaoa_p2,2,hybrid_level3,47,qiskit_fallback,density 0.308 is below the V4 window,360,360,270,147,55.516444444444524,0.0,0.018632199993589893,0.020407299991347827,0,9.667768132786562e-15,8.995721439584844e-15,18.766265475886897,18.766265475887227,False,0,nan,nan,0.0,"[15, 0, 6, 3, 1, 10, 7, 4, 2, 9, 14, 13, 8, 12, 5, 11]"
workload,community,80001,33340925,0.2916666666666667,qaoa_p1,1,stock_level3,11,stock_qiskit,stock Qiskit Level 3 baseline,136,136,133,75,27.67644444444445,0.0,0.012822900011087768,0.013548000002629124,0,6.955435053625958e-15,6.755821323556061e-15,16.457267560970376,16.457267560970603,False,0,nan,nan,0.0,"[0, 6, 10, 15, 1, 2, 7, 4, 13, 11, 3, 14, 5, 12, 9, 8]"
workload,community,80001,33340925,0.2916666666666667,qaoa_p1,1,hybrid_level3,11,qiskit_fallback,density 0.292 is below the V4 window,136,136,133,75,27.67644444444445,0.0,0.012312399994698353,0.013424499993561767,0,6.955435053625958e-15,6.755821323556061e-15,16.457267560970376,16.457267560970603,False,0,nan,nan,0.0,"[0, 6, 10, 15, 1, 2, 7, 4, 13, 11, 3, 14, 5, 12, 9, 8]"
workload,community,80001,33340925,0.2916666666666667,qaoa_p1,1,stock_level3,29,stock_qiskit,stock Qiskit Level 3 baseline,143,143,145,78,32.270222222222245,0.0,0.01211130000592675,0.012879899994004518,0,7.134418043471704e-15,6.889941898481358e-15,16.457267560970376,16.457267560970607,False,0,nan,nan,0.0,"[7, 6, 1, 15, 0, 2, 4, 10, 3, 13, 5, 9, 8, 12, 11, 14]"
workload,community,80001,33340925,0.2916666666666667,qaoa_p1,1,hybrid_level3,29,qiskit_fallback,density 0.292 is below the V4 window,143,143,145,78,32.270222222222245,0.0,0.012314399995375425,0.013459399997373112,0,7.134418043471704e-15,6.889941898481358e-15,16.457267560970376,16.457267560970607,False,0,nan,nan,0.0,"[7, 6, 1, 15, 0, 2, 4, 10, 3, 13, 5, 9, 8, 12, 11, 14]"
workload,community,80001,33340925,0.2916666666666667,qaoa_p1,1,stock_level3,47,stock_qiskit,stock Qiskit Level 3 baseline,135,135,150,76,30.492444444444452,0.0,0.0167080000101123,0.017844600006355904,0,6.8715046742636824e-15,6.5562943778224164e-15,16.457267560970376,16.457267560970593,False,0,nan,nan,0.0,"[1, 0, 7, 3, 6, 10, 4, 2, 14, 9, 15, 12, 13, 5, 11, 8]"
workload,community,80001,33340925,0.2916666666666667,qaoa_p1,1,hybrid_level3,47,qiskit_fallback,density 0.292 is below the V4 window,135,135,150,76,30.492444444444452,0.0,0.011717299988958985,0.012753900009556673,0,6.8715046742636824e-15,6.5562943778224164e-15,16.457267560970376,16.457267560970593,False,0,nan,nan,0.0,"[1, 0, 7, 3, 6, 10, 4, 2, 14, 9, 15, 12, 13, 5, 11, 8]"
workload,community,80001,33340925,0.2916666666666667,qaoa_p2,2,stock_level3,11,stock_qiskit,stock Qiskit Level 3 baseline,319,319,264,146,56.77511111111115,0.0,0.017466899997089058,0.018836600007489324,0,8.516258878842905e-15,8.056118537667673e-15,17.12066105432944,17.12066105432972,False,0,nan,nan,0.0,"[13, 9, 8, 10, 11, 12, 14, 15, 7, 4, 5, 3, 2, 6, 0, 1]"
workload,community,80001,33340925,0.2916666666666667,qaoa_p2,2,hybrid_level3,11,qiskit_fallback,density 0.292 is below the V4 window,319,319,264,146,56.77511111111115,0.0,0.025221300005796365,0.028305700005148537,0,8.516258878842905e-15,8.056118537667673e-15,17.12066105432944,17.12066105432972,False,0,nan,nan,0.0,"[13, 9, 8, 10, 11, 12, 14, 15, 7, 4, 5, 3, 2, 6, 0, 1]"
workload,community,80001,33340925,0.2916666666666667,qaoa_p2,2,stock_level3,29,stock_qiskit,stock Qiskit Level 3 baseline,327,327,298,160,66.04800000000009,0.0,0.017479400004958734,0.01847649998671841,0,8.233526529478345e-15,7.613229949108492e-15,17.12066105432944,17.1206610543297,False,0,nan,nan,0.0,"[13, 9, 12, 10, 11, 8, 14, 15, 7, 4, 5, 3, 2, 6, 0, 1]"
workload,community,80001,33340925,0.2916666666666667,qaoa_p2,2,hybrid_level3,29,qiskit_fallback,density 0.292 is below the V4 window,327,327,298,160,66.04800000000009,0.0,0.01995080000779126,0.021786199999041855,0,8.233526529478345e-15,7.613229949108492e-15,17.12066105432944,17.1206610543297,False,0,nan,nan,0.0,"[13, 9, 12, 10, 11, 8, 14, 15, 7, 4, 5, 3, 2, 6, 0, 1]"
workload,community,80001,33340925,0.2916666666666667,qaoa_p2,2,stock_level3,47,stock_qiskit,stock Qiskit Level 3 baseline,294,294,230,120,50.46755555555566,0.0,0.016405100002884865,0.017395000002579764,0,1.0243059175519329e-14,9.922767325192103e-15,17.12066105432944,17.120661054329783,False,0,nan,nan,0.0,"[2, 9, 11, 1, 5, 8, 3, 0, 14, 10, 13, 15, 12, 4, 7, 6]"
workload,community,80001,33340925,0.2916666666666667,qaoa_p2,2,hybrid_level3,47,qiskit_fallback,density 0.292 is below the V4 window,294,294,230,120,50.46755555555566,0.0,0.0167139999975916,0.018491799986804835,0,1.0243059175519329e-14,9.922767325192103e-15,17.12066105432944,17.120661054329783,False,0,nan,nan,0.0,"[2, 9, 11, 1, 5, 8, 3, 0, 14, 10, 13, 15, 12, 4, 7, 6]"
workload,community,80002,33340926,0.275,qaoa_p1,1,stock_level3,11,stock_qiskit,stock Qiskit Level 3 baseline,129,129,91,48,20.401777777777784,0.0,0.01227880000078585,0.012911199999507517,0,7.961117033476948e-15,7.683009070444502e-15,16.47571121024594,16.47571121024619,False,0,nan,nan,0.0,"[6, 2, 3, 5, 4, 0, 9, 1, 8, 7, 15, 12, 11, 14, 13, 10]"
workload,community,80002,33340926,0.275,qaoa_p1,1,hybrid_level3,11,qiskit_fallback,density 0.275 is below the V4 window,129,129,91,48,20.401777777777784,0.0,0.011368099992978387,0.012375299993436784,0,7.961117033476948e-15,7.683009070444502e-15,16.47571121024594,16.47571121024619,False,0,nan,nan,0.0,"[6, 2, 3, 5, 4, 0, 9, 1, 8, 7, 15, 12, 11, 14, 13, 10]"
workload,community,80002,33340926,0.275,qaoa_p1,1,stock_level3,29,stock_qiskit,stock Qiskit Level 3 baseline,134,134,103,55,22.49244444444446,0.0,0.01289129999349825,0.013696300011361018,0,8.01174615435974e-15,7.701123906478843e-15,16.47571121024594,16.47571121024619,False,0,nan,nan,0.0,"[4, 15, 0, 10, 13, 6, 7, 12, 9, 14, 8, 2, 1, 3, 5, 11]"
workload,community,80002,33340926,0.275,qaoa_p1,1,hybrid_level3,29,qiskit_fallback,density 0.275 is below the V4 window,134,134,103,55,22.49244444444446,0.0,0.01226390000374522,0.013312700000824407,0,8.01174615435974e-15,7.701123906478843e-15,16.47571121024594,16.47571121024619,False,0,nan,nan,0.0,"[4, 15, 0, 10, 13, 6, 7, 12, 9, 14, 8, 2, 1, 3, 5, 11]"
workload,community,80002,33340926,0.275,qaoa_p1,1,stock_level3,47,stock_qiskit,stock Qiskit Level 3 baseline,130,130,96,50,20.600888888888896,0.0,0.01353219999873545,0.014322399991215207,0,7.56128048206721e-15,7.25564472520416e-15,16.47571121024594,16.475711210246175,False,0,nan,nan,0.0,"[6, 2, 3, 5, 4, 0, 9, 1, 8, 7, 15, 12, 11, 14, 13, 10]"
workload,community,80002,33340926,0.275,qaoa_p1,1,hybrid_level3,47,qiskit_fallback,density 0.275 is below the V4 window,130,130,96,50,20.600888888888896,0.0,0.01215500000398606,0.01326100000005681,0,7.56128048206721e-15,7.25564472520416e-15,16.47571121024594,16.475711210246175,False,0,nan,nan,0.0,"[6, 2, 3, 5, 4, 0, 9, 1, 8, 7, 15, 12, 11, 14, 13, 10]"
workload,community,80002,33340926,0.275,qaoa_p2,2,stock_level3,11,stock_qiskit,stock Qiskit Level 3 baseline,302,302,199,118,47.068444444444474,0.0,0.016738999998779036,0.017713699999148957,0,1.2046596535198619e-14,1.185285211112994e-14,16.228017949500135,16.228017949500515,False,0,nan,nan,0.0,"[7, 12, 6, 4, 13, 10, 0, 15, 14, 5, 9, 11, 1, 2, 3, 8]"
workload,community,80002,33340926,0.275,qaoa_p2,2,hybrid_level3,11,qiskit_fallback,density 0.275 is below the V4 window,302,302,199,118,47.068444444444474,0.0,0.017392699999618344,0.01911110000219196,0,1.2046596535198619e-14,1.185285211112994e-14,16.228017949500135,16.228017949500515,False,0,nan,nan,0.0,"[7, 12, 6, 4, 13, 10, 0, 15, 14, 5, 9, 11, 1, 2, 3, 8]"
workload,community,80002,33340926,0.275,qaoa_p2,2,stock_level3,29,stock_qiskit,stock Qiskit Level 3 baseline,305,305,196,126,51.171555555555614,0.0,0.016770999995060265,0.0177347999997437,0,1.1288135555764344e-14,1.1097848626641676e-14,16.228017949500135,16.22801794950049,False,0,nan,nan,0.0,"[0, 7, 10, 15, 1, 6, 12, 4, 13, 5, 2, 8, 14, 11, 9, 3]"
workload,community,80002,33340926,0.275,qaoa_p2,2,hybrid_level3,29,qiskit_fallback,density 0.275 is below the V4 window,305,305,196,126,51.171555555555614,0.0,0.016480000005685724,0.018125999995390885,0,1.1288135555764344e-14,1.1097848626641676e-14,16.228017949500135,16.22801794950049,False,0,nan,nan,0.0,"[0, 7, 10, 15, 1, 6, 12, 4, 13, 5, 2, 8, 14, 11, 9, 3]"
workload,community,80002,33340926,0.275,qaoa_p2,2,stock_level3,47,stock_qiskit,stock Qiskit Level 3 baseline,293,293,170,104,39.85777777777782,0.0,0.016877100002602674,0.017795300009311177,0,1.0455492377351416e-14,1.0183874427583421e-14,16.228017949500135,16.22801794950046,False,0,nan,nan,0.0,"[0, 12, 7, 10, 1, 6, 15, 4, 13, 2, 5, 11, 14, 8, 9, 3]"
workload,community,80002,33340926,0.275,qaoa_p2,2,hybrid_level3,47,qiskit_fallback,density 0.275 is below the V4 window,293,293,170,104,39.85777777777782,0.0,0.017638999997870997,0.019437500013737008,0,1.0455492377351416e-14,1.0183874427583421e-14,16.228017949500135,16.22801794950046,False,0,nan,nan,0.0,"[0, 12, 7, 10, 1, 6, 15, 4, 13, 2, 5, 11, 14, 8, 9, 3]"
workload,community,80003,33340927,0.2916666666666667,qaoa_p1,1,stock_level3,11,stock_qiskit,stock Qiskit Level 3 baseline,140,140,117,62,24.888888888888893,0.0,0.014512099995044991,0.01526279999234248,0,7.11153237369055e-15,6.901214645429632e-15,17.17996535788186,17.179965357882097,False,0,nan,nan,0.0,"[14, 5, 15, 0, 9, 8, 13, 11, 3, 6, 10, 2, 12, 4, 1, 7]"
workload,community,80003,33340927,0.2916666666666667,qaoa_p1,1,hybrid_level3,11,qiskit_fallback,density 0.292 is below the V4 window,140,140,117,62,24.888888888888893,0.0,0.012761899997713044,0.01405959999829065,0,7.11153237369055e-15,6.901214645429632e-15,17.17996535788186,17.179965357882097,False,0,nan,nan,0.0,"[14, 5, 15, 0, 9, 8, 13, 11, 3, 6, 10, 2, 12, 4, 1, 7]"
workload,community,80003,33340927,0.2916666666666667,qaoa_p1,1,stock_level3,29,stock_qiskit,stock Qiskit Level 3 baseline,153,153,124,73,29.767111111111124,0.0,0.012053400001605041,0.012660699998377822,0,6.592276120431306e-15,6.385093853885616e-15,17.17996535788186,17.179965357882075,False,0,nan,nan,0.0,"[9, 5, 13, 0, 11, 8, 15, 14, 3, 6, 10, 2, 12, 1, 7, 4]"
workload,community,80003,33340927,0.2916666666666667,qaoa_p1,1,hybrid_level3,29,qiskit_fallback,density 0.292 is below the V4 window,153,153,124,73,29.767111111111124,0.0,0.011775700011639856,0.012843899996369146,0,6.592276120431306e-15,6.385093853885616e-15,17.17996535788186,17.179965357882075,False,0,nan,nan,0.0,"[9, 5, 13, 0, 11, 8, 15, 14, 3, 6, 10, 2, 12, 1, 7, 4]"
workload,community,80003,33340927,0.2916666666666667,qaoa_p1,1,stock_level3,47,stock_qiskit,stock Qiskit Level 3 baseline,140,140,120,71,27.854222222222226,0.0,0.012069299991708249,0.01268559999880381,0,6.814107015012546e-15,6.636482421948773e-15,17.17996535788186,17.17996535788209,False,0,nan,nan,0.0,"[15, 10, 1, 2, 0, 6, 7, 4, 12, 9, 11, 5, 3, 14, 8, 13]"
workload,community,80003,33340927,0.2916666666666667,qaoa_p1,1,hybrid_level3,47,qiskit_fallback,density 0.292 is below the V4 window,140,140,120,71,27.854222222222226,0.0,0.012310500009334646,0.0133477000053972,0,6.814107015012546e-15,6.636482421948773e-15,17.17996535788186,17.17996535788209,False,0,nan,nan,0.0,"[15, 10, 1, 2, 0, 6, 7, 4, 12, 9, 11, 5, 3, 14, 8, 13]"
workload,community,80003,33340927,0.2916666666666667,qaoa_p2,2,stock_level3,11,stock_qiskit,stock Qiskit Level 3 baseline,335,335,227,127,49.96977777777783,0.0,0.018120599997928366,0.019163300006766804,0,7.163459401198996e-15,6.66855381519567e-15,16.1565787264913,16.156578726491514,False,0,nan,nan,0.0,"[9, 11, 8, 12, 13, 15, 5, 14, 0, 6, 1, 7, 10, 3, 4, 2]"
workload,community,80003,33340927,0.2916666666666667,qaoa_p2,2,hybrid_level3,11,qiskit_fallback,density 0.292 is below the V4 window,335,335,227,127,49.96977777777783,0.0,0.018570000000181608,0.020424699992872775,0,7.163459401198996e-15,6.66855381519567e-15,16.1565787264913,16.156578726491514,False,0,nan,nan,0.0,"[9, 11, 8, 12, 13, 15, 5, 14, 0, 6, 1, 7, 10, 3, 4, 2]"
workload,community,80003,33340927,0.2916666666666667,qaoa_p2,2,stock_level3,29,stock_qiskit,stock Qiskit Level 3 baseline,319,319,215,129,52.19555555555561,0.0,0.024752500001341105,0.026290800000424497,0,6.945861477151016e-15,6.47840128093247e-15,16.1565787264913,16.156578726491503,False,0,nan,nan,0.0,"[15, 5, 12, 9, 8, 11, 13, 14, 10, 6, 7, 2, 3, 1, 0, 4]"
workload,community,80003,33340927,0.2916666666666667,qaoa_p2,2,hybrid_level3,29,qiskit_fallback,density 0.292 is below the V4 window,319,319,215,129,52.19555555555561,0.0,0.018601099989609793,0.020440300009795465,0,6.945861477151016e-15,6.47840128093247e-15,16.1565787264913,16.156578726491503,False,0,nan,nan,0.0,"[15, 5, 12, 9, 8, 11, 13, 14, 10, 6, 7, 2, 3, 1, 0, 4]"
workload,community,80003,33340927,0.2916666666666667,qaoa_p2,2,stock_level3,47,stock_qiskit,stock Qiskit Level 3 baseline,343,343,224,134,50.10488888888896,0.0,0.017088099993998185,0.018078799999784678,0,6.935927666178665e-15,6.372466476119385e-15,16.1565787264913,16.156578726491503,False,0,nan,nan,0.0,"[6, 0, 7, 2, 1, 15, 10, 4, 3, 13, 12, 5, 9, 11, 8, 14]"
workload,community,80003,33340927,0.2916666666666667,qaoa_p2,2,hybrid_level3,47,qiskit_fallback,density 0.292 is below the V4 window,343,343,224,134,50.10488888888896,0.0,0.02170319999277126,0.023663300002226606,0,6.935927666178665e-15,6.372466476119385e-15,16.1565787264913,16.156578726491503,False,0,nan,nan,0.0,"[6, 0, 7, 2, 1, 15, 10, 4, 3, 13, 12, 5, 9, 11, 8, 14]"
workload,community,80004,33340928,0.35833333333333334,qaoa_p1,1,stock_level3,11,stock_qiskit,stock Qiskit Level 3 baseline,189,189,178,105,40.10666666666669,0.0,0.012946399991051294,0.013629799999762326,0,5.276723303484009e-15,4.972883884018907e-15,18.537362330786333,18.537362330786515,False,0,nan,nan,0.0,"[7, 0, 1, 10, 6, 4, 15, 2, 12, 13, 3, 14, 9, 11, 5, 8]"
workload,community,80004,33340928,0.35833333333333334,qaoa_p1,1,hybrid_level3,11,qiskit_fallback,density 0.358 is below the V4 window,189,189,178,105,40.10666666666669,0.0,0.013713899999856949,0.015101100012543611,0,5.276723303484009e-15,4.972883884018907e-15,18.537362330786333,18.537362330786515,False,0,nan,nan,0.0,"[7, 0, 1, 10, 6, 4, 15, 2, 12, 13, 3, 14, 9, 11, 5, 8]"
workload,community,80004,33340928,0.35833333333333334,qaoa_p1,1,stock_level3,29,stock_qiskit,stock Qiskit Level 3 baseline,191,191,179,88,34.11200000000002,0.0,0.013705400007893331,0.014568099999451078,0,5.513825432648086e-15,5.1649962828401675e-15,18.537362330786333,18.537362330786525,False,0,nan,nan,0.0,"[7, 6, 0, 1, 15, 10, 12, 4, 13, 9, 2, 3, 14, 5, 8, 11]"
workload,community,80004,33340928,0.35833333333333334,qaoa_p1,1,hybrid_level3,29,qiskit_fallback,density 0.358 is below the V4 window,191,191,179,88,34.11200000000002,0.0,0.012830299994675443,0.013977900001918897,0,5.513825432648086e-15,5.1649962828401675e-15,18.537362330786333,18.537362330786525,False,0,nan,nan,0.0,"[7, 6, 0, 1, 15, 10, 12, 4, 13, 9, 2, 3, 14, 5, 8, 11]"
workload,community,80004,33340928,0.35833333333333334,qaoa_p1,1,stock_level3,47,stock_qiskit,stock Qiskit Level 3 baseline,203,203,192,116,45.44000000000003,0.0,0.012673199991695583,0.0133308000076795,0,5.441824910854563e-15,5.21706142501071e-15,18.537362330786333,18.537362330786525,False,0,nan,nan,0.0,"[10, 4, 1, 15, 6, 7, 12, 0, 13, 3, 2, 14, 11, 9, 5, 8]"
workload,community,80004,33340928,0.35833333333333334,qaoa_p1,1,hybrid_level3,47,qiskit_fallback,density 0.358 is below the V4 window,203,203,192,116,45.44000000000003,0.0,0.012938299987581559,0.014167300003464334,0,5.441824910854563e-15,5.21706142501071e-15,18.537362330786333,18.537362330786525,False,0,nan,nan,0.0,"[10, 4, 1, 15, 6, 7, 12, 0, 13, 3, 2, 14, 11, 9, 5, 8]"
workload,community,80004,33340928,0.35833333333333334,qaoa_p2,2,stock_level3,11,stock_qiskit,stock Qiskit Level 3 baseline,444,444,316,184,72.27733333333353,0.0,0.020418800006154925,0.021511799990548752,0,8.093546966206103e-15,7.788170464861594e-15,21.456222830635664,21.456222830635998,False,0,nan,nan,0.0,"[9, 15, 10, 8, 14, 13, 11, 12, 5, 3, 0, 6, 2, 1, 7, 4]"
workload,community,80004,33340928,0.35833333333333334,qaoa_p2,2,hybrid_level3,11,qiskit_fallback,density 0.358 is below the V4 window,444,444,316,184,72.27733333333353,0.0,0.023438799995346926,0.025738700001966208,0,8.093546966206103e-15,7.788170464861594e-15,21.456222830635664,21.456222830635998,False,0,nan,nan,0.0,"[9, 15, 10, 8, 14, 13, 11, 12, 5, 3, 0, 6, 2, 1, 7, 4]"
workload,community,80004,33340928,0.35833333333333334,qaoa_p2,2,stock_level3,29,stock_qiskit,stock Qiskit Level 3 baseline,457,457,311,192,74.5955555555558,0.0,0.02302839999902062,0.02430330000061076,0,8.9528755393492e-15,8.270551009774511e-15,21.456222830635664,21.45622283063602,False,0,nan,nan,0.0,"[8, 11, 13, 5, 15, 14, 9, 0, 3, 2, 12, 1, 10, 4, 6, 7]"
workload,community,80004,33340928,0.35833333333333334,qaoa_p2,2,hybrid_level3,29,qiskit_fallback,density 0.358 is below the V4 window,457,457,311,192,74.5955555555558,0.0,0.023326000009546988,0.025852899998426437,0,8.9528755393492e-15,8.270551009774511e-15,21.456222830635664,21.45622283063602,False,0,nan,nan,0.0,"[8, 11, 13, 5, 15, 14, 9, 0, 3, 2, 12, 1, 10, 4, 6, 7]"
workload,community,80004,33340928,0.35833333333333334,qaoa_p2,2,stock_level3,47,stock_qiskit,stock Qiskit Level 3 baseline,447,447,323,203,79.46666666666691,0.0,0.0214296999911312,0.022562299986020662,0,6.344611005699869e-15,5.945461160959576e-15,21.456222830635664,21.45622283063592,False,0,nan,nan,0.0,"[15, 14, 8, 13, 9, 11, 6, 5, 12, 10, 3, 0, 7, 4, 2, 1]"
workload,community,80004,33340928,0.35833333333333334,qaoa_p2,2,hybrid_level3,47,qiskit_fallback,density 0.358 is below the V4 window,447,447,323,203,79.46666666666691,0.0,0.019560999993700534,0.02155020000645891,0,6.344611005699869e-15,5.945461160959576e-15,21.456222830635664,21.45622283063592,False,0,nan,nan,0.0,"[15, 14, 8, 13, 9, 11, 6, 5, 12, 10, 3, 0, 7, 4, 2, 1]"
workload,community,80005,33340929,0.3333333333333333,qaoa_p1,1,stock_level3,11,stock_qiskit,stock Qiskit Level 3 baseline,174,174,165,96,39.87911111111113,0.0,0.016785300002084114,0.01757690000522416,0,5.223742634951016e-15,4.979378937705547e-15,19.901964111401274,19.90196411140147,False,0,nan,nan,0.0,"[15, 0, 6, 3, 7, 2, 4, 1, 10, 11, 9, 5, 13, 8, 14, 12]"
workload,community,80005,33340929,0.3333333333333333,qaoa_p1,1,hybrid_level3,11,qiskit_fallback,density 0.333 is below the V4 window,174,174,165,96,39.87911111111113,0.0,0.01234390000172425,0.013431500003207475,0,5.223742634951016e-15,4.979378937705547e-15,19.901964111401274,19.90196411140147,False,0,nan,nan,0.0,"[15, 0, 6, 3, 7, 2, 4, 1, 10, 11, 9, 5, 13, 8, 14, 12]"
workload,community,80005,33340929,0.3333333333333333,qaoa_p1,1,stock_level3,29,stock_qiskit,stock Qiskit Level 3 baseline,178,178,180,109,40.96000000000003,0.0,0.013161099996068515,0.013915100003941916,0,6.367204905128689e-15,6.144326995384088e-15,19.901964111401274,19.901964111401515,False,0,nan,nan,0.0,"[15, 0, 10, 2, 1, 6, 7, 4, 8, 11, 14, 12, 5, 13, 9, 3]"
workload,community,80005,33340929,0.3333333333333333,qaoa_p1,1,hybrid_level3,29,qiskit_fallback,density 0.333 is below the V4 window,178,178,180,109,40.96000000000003,0.0,0.01420940000389237,0.015570699993986636,0,6.367204905128689e-15,6.144326995384088e-15,19.901964111401274,19.901964111401515,False,0,nan,nan,0.0,"[15, 0, 10, 2, 1, 6, 7, 4, 8, 11, 14, 12, 5, 13, 9, 3]"
workload,community,80005,33340929,0.3333333333333333,qaoa_p1,1,stock_level3,47,stock_qiskit,stock Qiskit Level 3 baseline,167,167,173,90,34.986666666666686,0.0,0.012870599995949306,0.013631199995870702,0,6.243621169005064e-15,6.010634416994314e-15,19.901964111401274,19.901964111401515,False,0,nan,nan,0.0,"[10, 1, 7, 3, 2, 0, 6, 4, 9, 14, 13, 15, 8, 12, 11, 5]"
workload,community,80005,33340929,0.3333333333333333,qaoa_p1,1,hybrid_level3,47,qiskit_fallback,density 0.333 is below the V4 window,167,167,173,90,34.986666666666686,0.0,0.014210299996193498,0.015671600005589426,0,6.243621169005064e-15,6.010634416994314e-15,19.901964111401274,19.901964111401515,False,0,nan,nan,0.0,"[10, 1, 7, 3, 2, 0, 6, 4, 9, 14, 13, 15, 8, 12, 11, 5]"
workload,community,80005,33340929,0.3333333333333333,qaoa_p2,2,stock_level3,11,stock_qiskit,stock Qiskit Level 3 baseline,402,402,292,167,65.03822222222237,0.0,0.020056699999258853,0.021239399997284636,0,8.691114839854118e-15,8.351491390429653e-15,20.137228913776433,20.137228913776767,False,0,nan,nan,0.0,"[7, 15, 1, 2, 3, 0, 6, 4, 9, 14, 13, 10, 8, 12, 11, 5]"
workload,community,80005,33340929,0.3333333333333333,qaoa_p2,2,hybrid_level3,11,qiskit_fallback,density 0.333 is below the V4 window,402,402,292,167,65.03822222222237,0.0,0.020548000000417233,0.02249820000724867,0,8.691114839854118e-15,8.351491390429653e-15,20.137228913776433,20.137228913776767,False,0,nan,nan,0.0,"[7, 15, 1, 2, 3, 0, 6, 4, 9, 14, 13, 10, 8, 12, 11, 5]"
workload,community,80005,33340929,0.3333333333333333,qaoa_p2,2,stock_level3,29,stock_qiskit,stock Qiskit Level 3 baseline,416,416,294,173,67.71911111111123,0.0,0.01915730000473559,0.020222600011038594,0,7.208678096602606e-15,6.769339413929534e-15,20.137228913776433,20.137228913776703,False,0,nan,nan,0.0,"[15, 5, 9, 6, 13, 8, 14, 11, 7, 1, 3, 0, 10, 2, 4, 12]"
workload,community,80005,33340929,0.3333333333333333,qaoa_p2,2,hybrid_level3,29,qiskit_fallback,density 0.333 is below the V4 window,416,416,294,173,67.71911111111123,0.0,0.019303699998999946,0.021245099997031502,0,7.208678096602606e-15,6.769339413929534e-15,20.137228913776433,20.137228913776703,False,0,nan,nan,0.0,"[15, 5, 9, 6, 13, 8, 14, 11, 7, 1, 3, 0, 10, 2, 4, 12]"
workload,community,80005,33340929,0.3333333333333333,qaoa_p2,2,stock_level3,47,stock_qiskit,stock Qiskit Level 3 baseline,408,408,284,171,65.05955555555569,0.0,0.019802499999059364,0.02088119999098126,0,7.911808160255364e-15,7.387393381145647e-15,20.137228913776433,20.13722891377673,False,0,nan,nan,0.0,"[11, 6, 15, 0, 9, 13, 12, 14, 3, 1, 10, 7, 5, 4, 2, 8]"
workload,community,80005,33340929,0.3333333333333333,qaoa_p2,2,hybrid_level3,47,qiskit_fallback,density 0.333 is below the V4 window,408,408,284,171,65.05955555555569,0.0,0.02519669999310281,0.027350799995474517,0,7.911808160255364e-15,7.387393381145647e-15,20.137228913776433,20.13722891377673,False,0,nan,nan,0.0,"[11, 6, 15, 0, 9, 13, 12, 14, 3, 1, 10, 7, 5, 4, 2, 8]"
workload,community,80006,33340930,0.2916666666666667,qaoa_p1,1,stock_level3,11,stock_qiskit,stock Qiskit Level 3 baseline,144,144,163,78,31.33866666666668,0.0,0.01402270000835415,0.01467979999142699,0,6.971710711850038e-15,6.648264898593135e-15,16.667508015379042,16.667508015379266,False,0,nan,nan,0.0,"[5, 9, 12, 14, 8, 15, 11, 13, 10, 6, 7, 3, 0, 2, 4, 1]"
workload,community,80006,33340930,0.2916666666666667,qaoa_p1,1,hybrid_level3,11,qiskit_fallback,density 0.292 is below the V4 window,144,144,163,78,31.33866666666668,0.0,0.014110400006757118,0.015148999998928048,0,6.971710711850038e-15,6.648264898593135e-15,16.667508015379042,16.667508015379266,False,0,nan,nan,0.0,"[5, 9, 12, 14, 8, 15, 11, 13, 10, 6, 7, 3, 0, 2, 4, 1]"
workload,community,80006,33340930,0.2916666666666667,qaoa_p1,1,stock_level3,29,stock_qiskit,stock Qiskit Level 3 baseline,137,137,148,77,30.663111111111125,0.0,0.01229740001144819,0.013049100001808256,0,6.420452747641131e-15,5.926899988309191e-15,16.667508015379042,16.66750801537924,False,0,nan,nan,0.0,"[5, 0, 6, 1, 3, 7, 2, 4, 9, 8, 10, 11, 13, 14, 15, 12]"
workload,community,80006,33340930,0.2916666666666667,qaoa_p1,1,hybrid_level3,29,qiskit_fallback,density 0.292 is below the V4 window,137,137,148,77,30.663111111111125,0.0,0.012223400000948459,0.013285799999721348,0,6.420452747641131e-15,5.926899988309191e-15,16.667508015379042,16.66750801537924,False,0,nan,nan,0.0,"[5, 0, 6, 1, 3, 7, 2, 4, 9, 8, 10, 11, 13, 14, 15, 12]"
workload,community,80006,33340930,0.2916666666666667,qaoa_p1,1,stock_level3,47,stock_qiskit,stock Qiskit Level 3 baseline,147,147,139,80,30.57066666666668,0.0,0.012569500002427958,0.013204999995650724,0,6.597170876051327e-15,6.360334919666401e-15,16.667508015379042,16.667508015379255,False,0,nan,nan,0.0,"[7, 6, 15, 3, 2, 1, 4, 0, 13, 14, 5, 10, 11, 12, 9, 8]"
workload,community,80006,33340930,0.2916666666666667,qaoa_p1,1,hybrid_level3,47,qiskit_fallback,density 0.292 is below the V4 window,147,147,139,80,30.57066666666668,0.0,0.011356699993484654,0.012415299992426299,0,6.597170876051327e-15,6.360334919666401e-15,16.667508015379042,16.667508015379255,False,0,nan,nan,0.0,"[7, 6, 15, 3, 2, 1, 4, 0, 13, 14, 5, 10, 11, 12, 9, 8]"
workload,community,80006,33340930,0.2916666666666667,qaoa_p2,2,stock_level3,11,stock_qiskit,stock Qiskit Level 3 baseline,329,329,252,152,58.901333333333426,0.0,0.017523000002256595,0.018468700000084937,0,7.835002208658772e-15,7.592561540607245e-15,17.88095296963943,17.880952969639697,False,0,nan,nan,0.0,"[15, 0, 2, 10, 6, 4, 1, 7, 3, 14, 5, 12, 11, 13, 9, 8]"
workload,community,80006,33340930,0.2916666666666667,qaoa_p2,2,hybrid_level3,11,qiskit_fallback,density 0.292 is below the V4 window,329,329,252,152,58.901333333333426,0.0,0.01669630000833422,0.018399499997030944,0,7.835002208658772e-15,7.592561540607245e-15,17.88095296963943,17.880952969639697,False,0,nan,nan,0.0,"[15, 0, 2, 10, 6, 4, 1, 7, 3, 14, 5, 12, 11, 13, 9, 8]"
workload,community,80006,33340930,0.2916666666666667,qaoa_p2,2,stock_level3,29,stock_qiskit,stock Qiskit Level 3 baseline,325,325,270,155,60.224000000000096,0.0,0.018192899995483458,0.01918580000346992,0,7.221976956334047e-15,6.959322168538364e-15,17.88095296963943,17.88095296963968,False,0,nan,nan,0.0,"[2, 6, 0, 15, 1, 4, 10, 7, 9, 8, 11, 3, 14, 5, 12, 13]"
workload,community,80006,33340930,0.2916666666666667,qaoa_p2,2,hybrid_level3,29,qiskit_fallback,density 0.292 is below the V4 window,325,325,270,155,60.224000000000096,0.0,0.017654499999480322,0.019565499998861924,0,7.221976956334047e-15,6.959322168538364e-15,17.88095296963943,17.88095296963968,False,0,nan,nan,0.0,"[2, 6, 0, 15, 1, 4, 10, 7, 9, 8, 11, 3, 14, 5, 12, 13]"
workload,community,80006,33340930,0.2916666666666667,qaoa_p2,2,stock_level3,47,stock_qiskit,stock Qiskit Level 3 baseline,327,327,292,172,67.52711111111124,0.0,0.019057199999224395,0.02014890000282321,0,8.202433564734629e-15,7.987950604506133e-15,17.88095296963943,17.880952969639715,False,0,nan,nan,0.0,"[8, 9, 6, 14, 11, 15, 12, 13, 2, 0, 10, 5, 1, 3, 7, 4]"
workload,community,80006,33340930,0.2916666666666667,qaoa_p2,2,hybrid_level3,47,qiskit_fallback,density 0.292 is below the V4 window,327,327,292,172,67.52711111111124,0.0,0.016925799995078705,0.018739800012554042,0,8.202433564734629e-15,7.987950604506133e-15,17.88095296963943,17.880952969639715,False,0,nan,nan,0.0,"[8, 9, 6, 14, 11, 15, 12, 13, 2, 0, 10, 5, 1, 3, 7, 4]"
workload,community,80007,33340931,0.3416666666666667,qaoa_p1,1,stock_level3,11,stock_qiskit,stock Qiskit Level 3 baseline,184,184,169,101,39.80088888888892,0.0,0.014838100003544241,0.015786899995873682,0,5.255249780518503e-15,5.048486423216223e-15,20.444487520904453,20.44448752090466,False,0,nan,nan,0.0,"[7, 6, 12, 1, 10, 15, 0, 4, 2, 8, 3, 9, 11, 14, 13, 5]"
workload,community,80007,33340931,0.3416666666666667,qaoa_p1,1,hybrid_level3,11,qiskit_fallback,density 0.342 is below the V4 window,184,184,169,101,39.80088888888892,0.0,0.012327300006290898,0.01358119999349583,0,5.255249780518503e-15,5.048486423216223e-15,20.444487520904453,20.44448752090466,False,0,nan,nan,0.0,"[7, 6, 12, 1, 10, 15, 0, 4, 2, 8, 3, 9, 11, 14, 13, 5]"
workload,community,80007,33340931,0.3416666666666667,qaoa_p1,1,stock_level3,29,stock_qiskit,stock Qiskit Level 3 baseline,189,189,155,98,41.30133333333339,0.0,0.012693500000750646,0.013647100000525825,0,5.6033024992866675e-15,5.433976615677789e-15,20.444487520904453,20.44448752090467,False,0,nan,nan,0.0,"[2, 0, 1, 3, 6, 4, 9, 5, 8, 13, 11, 15, 12, 10, 7, 14]"
workload,community,80007,33340931,0.3416666666666667,qaoa_p1,1,hybrid_level3,29,qiskit_fallback,density 0.342 is below the V4 window,189,189,155,98,41.30133333333339,0.0,0.013600800011772662,0.014805900005740114,0,5.6033024992866675e-15,5.433976615677789e-15,20.444487520904453,20.44448752090467,False,0,nan,nan,0.0,"[2, 0, 1, 3, 6, 4, 9, 5, 8, 13, 11, 15, 12, 10, 7, 14]"
workload,community,80007,33340931,0.3416666666666667,qaoa_p1,1,stock_level3,47,stock_qiskit,stock Qiskit Level 3 baseline,191,191,156,96,36.48000000000003,0.0,0.012379099993268028,0.01303139999799896,0,4.978860989975614e-15,4.787772564982579e-15,20.444487520904453,20.444487520904648,False,0,nan,nan,0.0,"[6, 0, 2, 10, 4, 1, 15, 7, 12, 11, 13, 9, 8, 5, 3, 14]"
workload,community,80007,33340931,0.3416666666666667,qaoa_p1,1,hybrid_level3,47,qiskit_fallback,density 0.342 is below the V4 window,191,191,156,96,36.48000000000003,0.0,0.012469299996155314,0.013802499990561046,0,4.978860989975614e-15,4.787772564982579e-15,20.444487520904453,20.444487520904648,False,0,nan,nan,0.0,"[6, 0, 2, 10, 4, 1, 15, 7, 12, 11, 13, 9, 8, 5, 3, 14]"
workload,community,80007,33340931,0.3416666666666667,qaoa_p2,2,stock_level3,11,stock_qiskit,stock Qiskit Level 3 baseline,419,419,296,171,67.73333333333346,0.0,0.020770399991306476,0.021830400000908412,0,7.082894696605336e-15,6.707760645242154e-15,20.603796458515443,20.603796458515713,False,0,nan,nan,0.0,"[9, 15, 5, 2, 8, 3, 14, 11, 0, 4, 12, 6, 1, 7, 13, 10]"
workload,community,80007,33340931,0.3416666666666667,qaoa_p2,2,hybrid_level3,11,qiskit_fallback,density 0.342 is below the V4 window,419,419,296,171,67.73333333333346,0.0,0.018907100005890243,0.02114080000319518,0,7.082894696605336e-15,6.707760645242154e-15,20.603796458515443,20.603796458515713,False,0,nan,nan,0.0,"[9, 15, 5, 2, 8, 3, 14, 11, 0, 4, 12, 6, 1, 7, 13, 10]"
workload,community,80007,33340931,0.3416666666666667,qaoa_p2,2,stock_level3,29,stock_qiskit,stock Qiskit Level 3 baseline,433,433,308,188,72.49066666666683,0.0,0.02006890000484418,0.021476200010511093,0,8.177686516902223e-15,7.900163127278452e-15,20.603796458515443,20.60379645851577,False,0,nan,nan,0.0,"[15, 9, 5, 13, 8, 6, 11, 14, 12, 4, 10, 0, 1, 2, 3, 7]"
workload,community,80007,33340931,0.3416666666666667,qaoa_p2,2,hybrid_level3,29,qiskit_fallback,density 0.342 is below the V4 window,433,433,308,188,72.49066666666683,0.0,0.02036339999176562,0.0223173999984283,0,8.177686516902223e-15,7.900163127278452e-15,20.603796458515443,20.60379645851577,False,0,nan,nan,0.0,"[15, 9, 5, 13, 8, 6, 11, 14, 12, 4, 10, 0, 1, 2, 3, 7]"
workload,community,80007,33340931,0.3416666666666667,qaoa_p2,2,stock_level3,47,stock_qiskit,stock Qiskit Level 3 baseline,448,448,374,231,92.18844444444477,0.0,0.021515999993425794,0.022837899989099242,0,8.988051908203439e-15,8.798498829846057e-15,20.603796458515443,20.60379645851581,False,0,nan,nan,0.0,"[9, 0, 2, 15, 1, 3, 6, 4, 7, 13, 12, 8, 5, 11, 14, 10]"
workload,community,80007,33340931,0.3416666666666667,qaoa_p2,2,hybrid_level3,47,qiskit_fallback,density 0.342 is below the V4 window,448,448,374,231,92.18844444444477,0.0,0.019243100003222935,0.021135500006494112,0,8.988051908203439e-15,8.798498829846057e-15,20.603796458515443,20.60379645851581,False,0,nan,nan,0.0,"[9, 0, 2, 15, 1, 3, 6, 4, 7, 13, 12, 8, 5, 11, 14, 10]"
workload,community,80008,33340932,0.31666666666666665,qaoa_p1,1,stock_level3,11,stock_qiskit,stock Qiskit Level 3 baseline,150,150,155,87,35.44177777777779,0.0,0.013236400001915172,0.013903700004448183,0,6.493164491602842e-15,6.293948189362854e-15,19.013283789058786,19.01328378905903,False,0,nan,nan,0.0,"[11, 14, 15, 3, 13, 5, 8, 9, 12, 2, 6, 1, 0, 10, 7, 4]"
workload,community,80008,33340932,0.31666666666666665,qaoa_p1,1,hybrid_level3,11,qiskit_fallback,density 0.317 is below the V4 window,150,150,155,87,35.44177777777779,0.0,0.01281580000068061,0.013952699999208562,0,6.493164491602842e-15,6.293948189362854e-15,19.013283789058786,19.01328378905903,False,0,nan,nan,0.0,"[11, 14, 15, 3, 13, 5, 8, 9, 12, 2, 6, 1, 0, 10, 7, 4]"
workload,community,80008,33340932,0.31666666666666665,qaoa_p1,1,stock_level3,29,stock_qiskit,stock Qiskit Level 3 baseline,156,156,163,86,33.28000000000002,0.0,0.012943599998834543,0.013657200004672632,0,6.100615303739792e-15,5.875653539593774e-15,19.013283789058786,19.01328378905901,False,0,nan,nan,0.0,"[6, 2, 3, 10, 0, 7, 4, 1, 5, 12, 9, 13, 15, 14, 8, 11]"
workload,community,80008,33340932,0.31666666666666665,qaoa_p1,1,hybrid_level3,29,qiskit_fallback,density 0.317 is below the V4 window,156,156,163,86,33.28000000000002,0.0,0.012338200001977384,0.013453299994580448,0,6.100615303739792e-15,5.875653539593774e-15,19.013283789058786,19.01328378905901,False,0,nan,nan,0.0,"[6, 2, 3, 10, 0, 7, 4, 1, 5, 12, 9, 13, 15, 14, 8, 11]"
workload,community,80008,33340932,0.31666666666666665,qaoa_p1,1,stock_level3,47,stock_qiskit,stock Qiskit Level 3 baseline,160,160,157,91,36.700444444444464,0.0,0.014343400005600415,0.01498350000474602,0,4.3692820962053435e-15,4.0658011241525896e-15,19.013283789058786,19.013283789058942,False,0,nan,nan,0.0,"[9, 13, 12, 10, 15, 8, 11, 14, 7, 5, 3, 4, 6, 2, 0, 1]"
workload,community,80008,33340932,0.31666666666666665,qaoa_p1,1,hybrid_level3,47,qiskit_fallback,density 0.317 is below the V4 window,160,160,157,91,36.700444444444464,0.0,0.01148539999849163,0.012559200011310168,0,4.3692820962053435e-15,4.0658011241525896e-15,19.013283789058786,19.013283789058942,False,0,nan,nan,0.0,"[9, 13, 12, 10, 15, 8, 11, 14, 7, 5, 3, 4, 6, 2, 0, 1]"
workload,community,80008,33340932,0.31666666666666665,qaoa_p2,2,stock_level3,11,stock_qiskit,stock Qiskit Level 3 baseline,350,350,293,159,60.60088888888893,0.0,0.02262190000328701,0.024386899996898137,0,6.853240218154294e-15,6.286688011906329e-15,9.941557905624279,9.941557905624405,False,0,nan,nan,0.0,"[14, 15, 3, 5, 9, 13, 11, 8, 2, 12, 0, 10, 6, 7, 1, 4]"
workload,community,80008,33340932,0.31666666666666665,qaoa_p2,2,hybrid_level3,11,qiskit_fallback,density 0.317 is below the V4 window,350,350,293,159,60.60088888888893,0.0,0.018403699999907985,0.02034529999946244,0,6.853240218154294e-15,6.286688011906329e-15,9.941557905624279,9.941557905624405,False,0,nan,nan,0.0,"[14, 15, 3, 5, 9, 13, 11, 8, 2, 12, 0, 10, 6, 7, 1, 4]"
workload,community,80008,33340932,0.31666666666666665,qaoa_p2,2,stock_level3,29,stock_qiskit,stock Qiskit Level 3 baseline,372,372,286,172,70.6346666666668,0.0,0.019139500000164844,0.02013269999588374,0,5.8889570285609985e-15,5.03248325225171e-15,9.941557905624279,9.941557905624379,False,0,nan,nan,0.0,"[13, 15, 8, 5, 14, 12, 9, 11, 6, 3, 10, 0, 2, 1, 7, 4]"
workload,community,80008,33340932,0.31666666666666665,qaoa_p2,2,hybrid_level3,29,qiskit_fallback,density 0.317 is below the V4 window,372,372,286,172,70.6346666666668,0.0,0.018909699996584095,0.020831000001635402,0,5.8889570285609985e-15,5.03248325225171e-15,9.941557905624279,9.941557905624379,False,0,nan,nan,0.0,"[13, 15, 8, 5, 14, 12, 9, 11, 6, 3, 10, 0, 2, 1, 7, 4]"
workload,community,80008,33340932,0.31666666666666665,qaoa_p2,2,stock_level3,47,stock_qiskit,stock Qiskit Level 3 baseline,372,372,299,171,64.68977777777795,0.0,0.019224899995606393,0.020216000004438683,0,6.968333044682922e-15,6.333602205883992e-15,9.941557905624279,9.941557905624407,False,0,nan,nan,0.0,"[0, 2, 10, 4, 6, 15, 7, 1, 3, 13, 5, 14, 12, 11, 9, 8]"
workload,community,80008,33340932,0.31666666666666665,qaoa_p2,2,hybrid_level3,47,qiskit_fallback,density 0.317 is below the V4 window,372,372,299,171,64.68977777777795,0.0,0.018418199993902817,0.02021220000460744,0,6.968333044682922e-15,6.333602205883992e-15,9.941557905624279,9.941557905624407,False,0,nan,nan,0.0,"[0, 2, 10, 4, 6, 15, 7, 1, 3, 13, 5, 14, 12, 11, 9, 8]"
workload,community,80009,33340933,0.3,qaoa_p1,1,stock_level3,11,stock_qiskit,stock Qiskit Level 3 baseline,139,139,132,86,35.56977777777779,0.0,0.012933799996972084,0.013600899997982197,0,4.268001603848284e-15,4.012184312952012e-15,11.566089399112606,11.566089399112698,False,0,nan,nan,0.0,"[15, 9, 8, 11, 10, 14, 12, 13, 7, 0, 6, 3, 5, 4, 2, 1]"
workload,community,80009,33340933,0.3,qaoa_p1,1,hybrid_level3,11,qiskit_fallback,density 0.300 is below the V4 window,139,139,132,86,35.56977777777779,0.0,0.012376500002574176,0.013615200005006045,0,4.268001603848284e-15,4.012184312952012e-15,11.566089399112606,11.566089399112698,False,0,nan,nan,0.0,"[15, 9, 8, 11, 10, 14, 12, 13, 7, 0, 6, 3, 5, 4, 2, 1]"
workload,community,80009,33340933,0.3,qaoa_p1,1,stock_level3,29,stock_qiskit,stock Qiskit Level 3 baseline,158,158,139,87,34.97244444444446,0.0,0.011520000000018626,0.012140500009991229,0,4.164341135573488e-15,3.888541691378549e-15,11.566089399112606,11.566089399112695,False,0,nan,nan,0.0,"[15, 0, 1, 4, 12, 6, 7, 10, 14, 9, 13, 3, 2, 11, 5, 8]"
workload,community,80009,33340933,0.3,qaoa_p1,1,hybrid_level3,29,qiskit_fallback,density 0.300 is below the V4 window,158,158,139,87,34.97244444444446,0.0,0.01226479999604635,0.013391100001172163,0,4.164341135573488e-15,3.888541691378549e-15,11.566089399112606,11.566089399112695,False,0,nan,nan,0.0,"[15, 0, 1, 4, 12, 6, 7, 10, 14, 9, 13, 3, 2, 11, 5, 8]"
workload,community,80009,33340933,0.3,qaoa_p1,1,stock_level3,47,stock_qiskit,stock Qiskit Level 3 baseline,135,135,135,73,27.32088888888889,0.0,0.011646400002064183,0.012253499997314066,0,4.852847083619575e-15,4.55503382449615e-15,11.566089399112606,11.566089399112709,False,0,nan,nan,0.0,"[8, 15, 13, 12, 3, 14, 9, 11, 0, 6, 5, 10, 7, 2, 4, 1]"
workload,community,80009,33340933,0.3,qaoa_p1,1,hybrid_level3,47,qiskit_fallback,density 0.300 is below the V4 window,135,135,135,73,27.32088888888889,0.0,0.011788100004196167,0.01286479999544099,0,4.852847083619575e-15,4.55503382449615e-15,11.566089399112606,11.566089399112709,False,0,nan,nan,0.0,"[8, 15, 13, 12, 3, 14, 9, 11, 0, 6, 5, 10, 7, 2, 4, 1]"
workload,community,80009,33340933,0.3,qaoa_p2,2,stock_level3,11,stock_qiskit,stock Qiskit Level 3 baseline,341,341,258,140,56.51200000000009,0.0,0.02433089999249205,0.025644100009230897,0,8.989840591975208e-15,8.7188658548993e-15,15.7264669958134,15.726466995813675,False,0,nan,nan,0.0,"[7, 0, 3, 2, 15, 1, 6, 4, 12, 13, 10, 9, 5, 14, 8, 11]"
workload,community,80009,33340933,0.3,qaoa_p2,2,hybrid_level3,11,qiskit_fallback,density 0.300 is below the V4 window,341,341,258,140,56.51200000000009,0.0,0.017303999993600883,0.019139500000164844,0,8.989840591975208e-15,8.7188658548993e-15,15.7264669958134,15.726466995813675,False,0,nan,nan,0.0,"[7, 0, 3, 2, 15, 1, 6, 4, 12, 13, 10, 9, 5, 14, 8, 11]"
workload,community,80009,33340933,0.3,qaoa_p2,2,stock_level3,29,stock_qiskit,stock Qiskit Level 3 baseline,333,333,266,153,61.98044444444452,0.0,0.019182000003638677,0.02025419998972211,0,8.900849443469949e-15,8.549609879851467e-15,15.7264669958134,15.72646699581367,False,0,nan,nan,0.0,"[15, 9, 8, 11, 6, 14, 12, 13, 0, 5, 10, 3, 2, 7, 1, 4]"
workload,community,80009,33340933,0.3,qaoa_p2,2,hybrid_level3,29,qiskit_fallback,density 0.300 is below the V4 window,333,333,266,153,61.98044444444452,0.0,0.017830700002377853,0.019760499999392778,0,8.900849443469949e-15,8.549609879851467e-15,15.7264669958134,15.72646699581367,False,0,nan,nan,0.0,"[15, 9, 8, 11, 6, 14, 12, 13, 0, 5, 10, 3, 2, 7, 1, 4]"
workload,community,80009,33340933,0.3,qaoa_p2,2,stock_level3,47,stock_qiskit,stock Qiskit Level 3 baseline,345,345,258,146,56.63288888888894,0.0,0.01846609999483917,0.019485999990138225,0,8.777695914187065e-15,8.544007981533352e-15,15.7264669958134,15.72646699581367,False,0,nan,nan,0.0,"[15, 9, 5, 13, 12, 8, 14, 11, 10, 3, 6, 0, 7, 2, 4, 1]"
workload,community,80009,33340933,0.3,qaoa_p2,2,hybrid_level3,47,qiskit_fallback,density 0.300 is below the V4 window,345,345,258,146,56.63288888888894,0.0,0.017705700010992587,0.01955709999310784,0,8.777695914187065e-15,8.544007981533352e-15,15.7264669958134,15.72646699581367,False,0,nan,nan,0.0,"[15, 9, 5, 13, 12, 8, 14, 11, 10, 3, 6, 0, 7, 2, 4, 1]"
workload,community,80010,33340934,0.31666666666666665,qaoa_p1,1,stock_level3,11,stock_qiskit,stock Qiskit Level 3 baseline,194,194,179,103,38.570666666666696,0.0,0.014359200009494089,0.015037100005429238,0,5.76697991447276e-15,5.610282773218337e-15,16.70942467718191,16.709424677182092,False,0,nan,nan,0.0,"[3, 5, 8, 11, 9, 13, 15, 14, 12, 10, 6, 2, 1, 7, 4, 0]"
workload,community,80010,33340934,0.31666666666666665,qaoa_p1,1,hybrid_level3,11,qiskit_fallback,density 0.317 is below the V4 window,194,194,179,103,38.570666666666696,0.0,0.012297000008402392,0.013470599995343946,0,5.76697991447276e-15,5.610282773218337e-15,16.70942467718191,16.709424677182092,False,0,nan,nan,0.0,"[3, 5, 8, 11, 9, 13, 15, 14, 12, 10, 6, 2, 1, 7, 4, 0]"
workload,community,80010,33340934,0.31666666666666665,qaoa_p1,1,stock_level3,29,stock_qiskit,stock Qiskit Level 3 baseline,190,190,147,88,34.112000000000016,0.0,0.013716700006625615,0.01457089999166783,0,5.901320641873549e-15,5.77055306923892e-15,16.70942467718191,16.709424677182103,False,0,nan,nan,0.0,"[14, 9, 11, 8, 5, 3, 13, 15, 6, 7, 0, 2, 10, 4, 1, 12]"
workload,community,80010,33340934,0.31666666666666665,qaoa_p1,1,hybrid_level3,29,qiskit_fallback,density 0.317 is below the V4 window,190,190,147,88,34.112000000000016,0.0,0.013922999991336837,0.015495500003453344,0,5.901320641873549e-15,5.77055306923892e-15,16.70942467718191,16.709424677182103,False,0,nan,nan,0.0,"[14, 9, 11, 8, 5, 3, 13, 15, 6, 7, 0, 2, 10, 4, 1, 12]"
workload,community,80010,33340934,0.31666666666666665,qaoa_p1,1,stock_level3,47,stock_qiskit,stock Qiskit Level 3 baseline,181,181,173,91,39.30311111111113,0.0,0.013427599988062866,0.014217000003554858,0,5.336414533516745e-15,5.1250508293103295e-15,16.70942467718191,16.709424677182078,False,0,nan,nan,0.0,"[9, 11, 13, 14, 15, 12, 6, 10, 7, 4, 0, 3, 5, 1, 2, 8]"
workload,community,80010,33340934,0.31666666666666665,qaoa_p1,1,hybrid_level3,47,qiskit_fallback,density 0.317 is below the V4 window,181,181,173,91,39.30311111111113,0.0,0.013550400006351992,0.014821399992797524,0,5.336414533516745e-15,5.1250508293103295e-15,16.70942467718191,16.709424677182078,False,0,nan,nan,0.0,"[9, 11, 13, 14, 15, 12, 6, 10, 7, 4, 0, 3, 5, 1, 2, 8]"
workload,community,80010,33340934,0.31666666666666665,qaoa_p2,2,stock_level3,11,stock_qiskit,stock Qiskit Level 3 baseline,399,399,287,190,73.04533333333349,0.0,0.019728600003872998,0.020845699997153133,0,8.42711829805685e-15,8.142122725693986e-15,18.854038386687368,18.854038386687677,False,0,nan,nan,0.0,"[6, 8, 11, 13, 9, 15, 14, 5, 4, 3, 7, 0, 10, 2, 1, 12]"
workload,community,80010,33340934,0.31666666666666665,qaoa_p2,2,hybrid_level3,11,qiskit_fallback,density 0.317 is below the V4 window,399,399,287,190,73.04533333333349,0.0,0.02357440000923816,0.02585339998768177,0,8.42711829805685e-15,8.142122725693986e-15,18.854038386687368,18.854038386687677,False,0,nan,nan,0.0,"[6, 8, 11, 13, 9, 15, 14, 5, 4, 3, 7, 0, 10, 2, 1, 12]"
workload,community,80010,33340934,0.31666666666666665,qaoa_p2,2,stock_level3,29,stock_qiskit,stock Qiskit Level 3 baseline,401,401,300,177,71.53777777777796,0.0,0.021836900006746873,0.023013599988189526,0,7.963556196834876e-15,7.636949975368367e-15,18.854038386687368,18.854038386687655,False,0,nan,nan,0.0,"[4, 6, 5, 1, 0, 10, 15, 7, 12, 14, 8, 9, 3, 13, 11, 2]"
workload,community,80010,33340934,0.31666666666666665,qaoa_p2,2,hybrid_level3,29,qiskit_fallback,density 0.317 is below the V4 window,401,401,300,177,71.53777777777796,0.0,0.01868619999731891,0.020675499996286817,0,7.963556196834876e-15,7.636949975368367e-15,18.854038386687368,18.854038386687655,False,0,nan,nan,0.0,"[4, 6, 5, 1, 0, 10, 15, 7, 12, 14, 8, 9, 3, 13, 11, 2]"
workload,community,80010,33340934,0.31666666666666665,qaoa_p2,2,stock_level3,47,stock_qiskit,stock Qiskit Level 3 baseline,394,394,306,154,62.528000000000105,0.0,0.020730600008391775,0.021937099998467602,0,1.0096357840127993e-14,9.736764892656743e-15,18.854038386687368,18.854038386687733,False,0,nan,nan,0.0,"[3, 9, 5, 8, 13, 15, 0, 2, 6, 1, 4, 12, 14, 7, 10, 11]"
workload,community,80010,33340934,0.31666666666666665,qaoa_p2,2,hybrid_level3,47,qiskit_fallback,density 0.317 is below the V4 window,394,394,306,154,62.528000000000105,0.0,0.021762000003946014,0.023970900001586415,0,1.0096357840127993e-14,9.736764892656743e-15,18.854038386687368,18.854038386687733,False,0,nan,nan,0.0,"[3, 9, 5, 8, 13, 15, 0, 2, 6, 1, 4, 12, 14, 7, 10, 11]"
workload,community,80011,33340935,0.30833333333333335,qaoa_p1,1,stock_level3,11,stock_qiskit,stock Qiskit Level 3 baseline,177,177,173,109,42.30400000000004,0.0,0.017063799998140894,0.018684299997403286,0,6.064515871067853e-15,5.915586456871849e-15,16.65524361557513,16.655243615575323,False,0,nan,nan,0.0,"[9, 2, 15, 7, 6, 4, 1, 0, 14, 10, 3, 12, 13, 5, 8, 11]"
workload,community,80011,33340935,0.30833333333333335,qaoa_p1,1,hybrid_level3,11,qiskit_fallback,density 0.308 is below the V4 window,177,177,173,109,42.30400000000004,0.0,0.014582999996491708,0.016042499992181547,0,6.064515871067853e-15,5.915586456871849e-15,16.65524361557513,16.655243615575323,False,0,nan,nan,0.0,"[9, 2, 15, 7, 6, 4, 1, 0, 14, 10, 3, 12, 13, 5, 8, 11]"
workload,community,80011,33340935,0.30833333333333335,qaoa_p1,1,stock_level3,29,stock_qiskit,stock Qiskit Level 3 baseline,179,179,183,108,43.456000000000024,0.0,0.01428200000373181,0.015151800005696714,0,4.2914690765426424e-15,3.938001927368125e-15,16.65524361557513,16.65524361557526,False,0,nan,nan,0.0,"[4, 15, 5, 3, 11, 9, 14, 8, 13, 0, 6, 2, 1, 12, 7, 10]"
workload,community,80011,33340935,0.30833333333333335,qaoa_p1,1,hybrid_level3,29,qiskit_fallback,density 0.308 is below the V4 window,179,179,183,108,43.456000000000024,0.0,0.012745100000756793,0.013919099990744144,0,4.2914690765426424e-15,3.938001927368125e-15,16.65524361557513,16.65524361557526,False,0,nan,nan,0.0,"[4, 15, 5, 3, 11, 9, 14, 8, 13, 0, 6, 2, 1, 12, 7, 10]"
workload,community,80011,33340935,0.30833333333333335,qaoa_p1,1,stock_level3,47,stock_qiskit,stock Qiskit Level 3 baseline,176,176,187,104,39.445333333333345,0.0,0.014689200004795566,0.01574060000712052,0,5.5728724021499526e-15,5.357226350333074e-15,16.65524361557513,16.65524361557531,False,0,nan,nan,0.0,"[15, 13, 8, 5, 9, 12, 14, 11, 3, 2, 6, 4, 10, 7, 1, 0]"
workload,community,80011,33340935,0.30833333333333335,qaoa_p1,1,hybrid_level3,47,qiskit_fallback,density 0.308 is below the V4 window,176,176,187,104,39.445333333333345,0.0,0.014524500002153218,0.015982500000973232,0,5.5728724021499526e-15,5.357226350333074e-15,16.65524361557513,16.65524361557531,False,0,nan,nan,0.0,"[15, 13, 8, 5, 9, 12, 14, 11, 3, 2, 6, 4, 10, 7, 1, 0]"
workload,community,80011,33340935,0.30833333333333335,qaoa_p2,2,stock_level3,11,stock_qiskit,stock Qiskit Level 3 baseline,380,380,290,177,68.86400000000016,0.0,0.019478100002743304,0.020709600008558482,0,8.609970505010645e-15,8.293280200464751e-15,18.055323715083258,18.055323715083553,False,0,nan,nan,0.0,"[3, 2, 15, 0, 11, 8, 9, 5, 14, 13, 6, 1, 7, 4, 10, 12]"
workload,community,80011,33340935,0.30833333333333335,qaoa_p2,2,hybrid_level3,11,qiskit_fallback,density 0.308 is below the V4 window,380,380,290,177,68.86400000000016,0.0,0.020082900009583682,0.022432199999457225,0,8.609970505010645e-15,8.293280200464751e-15,18.055323715083258,18.055323715083553,False,0,nan,nan,0.0,"[3, 2, 15, 0, 11, 8, 9, 5, 14, 13, 6, 1, 7, 4, 10, 12]"
workload,community,80011,33340935,0.30833333333333335,qaoa_p2,2,stock_level3,29,stock_qiskit,stock Qiskit Level 3 baseline,379,379,323,174,67.64088888888902,0.0,0.02082940000400413,0.02207569999154657,0,9.411811024468652e-15,8.987086282251884e-15,18.055323715083258,18.055323715083578,False,0,nan,nan,0.0,"[10, 1, 15, 12, 4, 0, 6, 7, 2, 11, 9, 13, 14, 3, 8, 5]"
workload,community,80011,33340935,0.30833333333333335,qaoa_p2,2,hybrid_level3,29,qiskit_fallback,density 0.308 is below the V4 window,379,379,323,174,67.64088888888902,0.0,0.02201729999796953,0.024996899999678135,0,9.411811024468652e-15,8.987086282251884e-15,18.055323715083258,18.055323715083578,False,0,nan,nan,0.0,"[10, 1, 15, 12, 4, 0, 6, 7, 2, 11, 9, 13, 14, 3, 8, 5]"
workload,community,80011,33340935,0.30833333333333335,qaoa_p2,2,stock_level3,47,stock_qiskit,stock Qiskit Level 3 baseline,368,368,253,163,62.20800000000013,0.0,0.019030600000405684,0.02016469999216497,0,6.7456876774095194e-15,6.30941589407257e-15,18.055323715083258,18.05532371508348,False,0,nan,nan,0.0,"[6, 2, 15, 10, 0, 7, 1, 4, 11, 12, 3, 13, 14, 5, 8, 9]"
workload,community,80011,33340935,0.30833333333333335,qaoa_p2,2,hybrid_level3,47,qiskit_fallback,density 0.308 is below the V4 window,368,368,253,163,62.20800000000013,0.0,0.025571800011675805,0.028212399993208237,0,6.7456876774095194e-15,6.30941589407257e-15,18.055323715083258,18.05532371508348,False,0,nan,nan,0.0,"[6, 2, 15, 10, 0, 7, 1, 4, 11, 12, 3, 13, 14, 5, 8, 9]"
workload,er25,80000,34340924,0.25,qaoa_p1,1,stock_level3,11,stock_qiskit,stock Qiskit Level 3 baseline,126,126,87,48,19.697777777777784,0.0,0.011881300000823103,0.012510699991253205,0,4.531955860751801e-15,4.351810006363385e-15,14.641251285194999,14.641251285195125,False,0,nan,nan,0.0,"[6, 13, 0, 10, 4, 9, 14, 2, 5, 11, 15, 8, 12, 7, 3, 1]"
workload,er25,80000,34340924,0.25,qaoa_p1,1,hybrid_level3,11,qiskit_fallback,density 0.250 is below the V4 window,126,126,87,48,19.697777777777784,0.0,0.011382099997717887,0.012356299994280562,0,4.531955860751801e-15,4.351810006363385e-15,14.641251285194999,14.641251285195125,False,0,nan,nan,0.0,"[6, 13, 0, 10, 4, 9, 14, 2, 5, 11, 15, 8, 12, 7, 3, 1]"
workload,er25,80000,34340924,0.25,qaoa_p1,1,stock_level3,29,stock_qiskit,stock Qiskit Level 3 baseline,139,139,101,58,23.146666666666682,0.0,0.01231069999630563,0.012918700012960471,0,4.754033534553159e-15,4.5887938717930495e-15,14.641251285194999,14.641251285195136,False,0,nan,nan,0.0,"[11, 13, 5, 14, 9, 0, 10, 2, 4, 6, 15, 7, 12, 8, 1, 3]"
workload,er25,80000,34340924,0.25,qaoa_p1,1,hybrid_level3,29,qiskit_fallback,density 0.250 is below the V4 window,139,139,101,58,23.146666666666682,0.0,0.0157383000041591,0.017427499988116324,0,4.754033534553159e-15,4.5887938717930495e-15,14.641251285194999,14.641251285195136,False,0,nan,nan,0.0,"[11, 13, 5, 14, 9, 0, 10, 2, 4, 6, 15, 7, 12, 8, 1, 3]"
workload,er25,80000,34340924,0.25,qaoa_p1,1,stock_level3,47,stock_qiskit,stock Qiskit Level 3 baseline,141,141,116,67,26.311111111111128,0.0,0.011372499997378327,0.011970599996857345,0,4.40303192171292e-15,4.243105879066814e-15,14.641251285194999,14.641251285195123,False,0,nan,nan,0.0,"[6, 10, 8, 0, 3, 11, 12, 1, 15, 14, 4, 13, 7, 5, 9, 2]"
workload,er25,80000,34340924,0.25,qaoa_p1,1,hybrid_level3,47,qiskit_fallback,density 0.250 is below the V4 window,141,141,116,67,26.311111111111128,0.0,0.01402270000835415,0.015366699997684918,0,4.40303192171292e-15,4.243105879066814e-15,14.641251285194999,14.641251285195123,False,0,nan,nan,0.0,"[6, 10, 8, 0, 3, 11, 12, 1, 15, 14, 4, 13, 7, 5, 9, 2]"
workload,er25,80000,34340924,0.25,qaoa_p2,2,stock_level3,11,stock_qiskit,stock Qiskit Level 3 baseline,317,317,202,127,50.332444444444505,0.0,0.016973799996776506,0.01792589999968186,0,8.881409979380844e-15,8.494293415178808e-15,14.992506451139706,14.99250645113996,False,0,nan,nan,0.0,"[10, 14, 7, 11, 2, 9, 13, 5, 4, 8, 15, 1, 12, 0, 6, 3]"
workload,er25,80000,34340924,0.25,qaoa_p2,2,hybrid_level3,11,qiskit_fallback,density 0.250 is below the V4 window,317,317,202,127,50.332444444444505,0.0,0.016755899996496737,0.018367600001511164,0,8.881409979380844e-15,8.494293415178808e-15,14.992506451139706,14.99250645113996,False,0,nan,nan,0.0,"[10, 14, 7, 11, 2, 9, 13, 5, 4, 8, 15, 1, 12, 0, 6, 3]"
workload,er25,80000,34340924,0.25,qaoa_p2,2,stock_level3,29,stock_qiskit,stock Qiskit Level 3 baseline,319,319,217,141,57.486222222222324,0.0,0.018416799997794442,0.019504600000800565,0,9.471296251094764e-15,9.277059206949611e-15,14.992506451139706,14.992506451139985,False,0,nan,nan,0.0,"[0, 14, 11, 3, 5, 15, 6, 4, 12, 13, 2, 10, 7, 8, 9, 1]"
workload,er25,80000,34340924,0.25,qaoa_p2,2,hybrid_level3,29,qiskit_fallback,density 0.250 is below the V4 window,319,319,217,141,57.486222222222324,0.0,0.017350000009173527,0.01905260000785347,0,9.471296251094764e-15,9.277059206949611e-15,14.992506451139706,14.992506451139985,False,0,nan,nan,0.0,"[0, 14, 11, 3, 5, 15, 6, 4, 12, 13, 2, 10, 7, 8, 9, 1]"
workload,er25,80000,34340924,0.25,qaoa_p2,2,stock_level3,47,stock_qiskit,stock Qiskit Level 3 baseline,314,314,197,109,44.29511111111114,0.0,0.019827199997962452,0.021563699992839247,0,9.452193434970234e-15,9.222164179142586e-15,14.992506451139706,14.992506451139985,False,0,nan,nan,0.0,"[10, 0, 7, 2, 1, 15, 14, 8, 3, 9, 12, 11, 13, 4, 6, 5]"
workload,er25,80000,34340924,0.25,qaoa_p2,2,hybrid_level3,47,qiskit_fallback,density 0.250 is below the V4 window,314,314,197,109,44.29511111111114,0.0,0.019806700001936406,0.021437800009152852,0,9.452193434970234e-15,9.222164179142586e-15,14.992506451139706,14.992506451139985,False,0,nan,nan,0.0,"[10, 0, 7, 2, 1, 15, 14, 8, 3, 9, 12, 11, 13, 4, 6, 5]"
workload,er25,80001,34340925,0.25,qaoa_p1,1,stock_level3,11,stock_qiskit,stock Qiskit Level 3 baseline,135,135,84,51,19.59111111111111,0.0,0.011743499999283813,0.012328500000876375,0,5.001589613773121e-15,4.6295056789077895e-15,15.149013359128599,15.14901335912874,False,0,nan,nan,0.0,"[8, 2, 9, 11, 0, 1, 6, 13, 3, 7, 12, 15, 10, 4, 5, 14]"
workload,er25,80001,34340925,0.25,qaoa_p1,1,hybrid_level3,11,qiskit_fallback,density 0.250 is below the V4 window,135,135,84,51,19.59111111111111,0.0,0.011228299990762025,0.012187800006358884,0,5.001589613773121e-15,4.6295056789077895e-15,15.149013359128599,15.14901335912874,False,0,nan,nan,0.0,"[8, 2, 9, 11, 0, 1, 6, 13, 3, 7, 12, 15, 10, 4, 5, 14]"
workload,er25,80001,34340925,0.25,qaoa_p1,1,stock_level3,29,stock_qiskit,stock Qiskit Level 3 baseline,143,143,91,56,21.105777777777785,0.0,0.01204090000828728,0.012635999999474734,0,5.7176445992440365e-15,5.568094611227754e-15,15.149013359128599,15.149013359128768,False,0,nan,nan,0.0,"[6, 10, 7, 0, 13, 8, 2, 1, 12, 14, 5, 9, 3, 11, 15, 4]"
workload,er25,80001,34340925,0.25,qaoa_p1,1,hybrid_level3,29,qiskit_fallback,density 0.250 is below the V4 window,143,143,91,56,21.105777777777785,0.0,0.011164299998199567,0.012122299987822771,0,5.7176445992440365e-15,5.568094611227754e-15,15.149013359128599,15.149013359128768,False,0,nan,nan,0.0,"[6, 10, 7, 0, 13, 8, 2, 1, 12, 14, 5, 9, 3, 11, 15, 4]"
workload,er25,80001,34340925,0.25,qaoa_p1,1,stock_level3,47,stock_qiskit,stock Qiskit Level 3 baseline,141,141,99,58,21.617777777777786,0.0,0.011597599994274788,0.012175500000012107,0,5.9864469381397e-15,5.781592163538583e-15,15.149013359128599,15.149013359128775,False,0,nan,nan,0.0,"[9, 0, 5, 8, 1, 6, 10, 14, 2, 7, 15, 13, 12, 4, 3, 11]"
workload,er25,80001,34340925,0.25,qaoa_p1,1,hybrid_level3,47,qiskit_fallback,density 0.250 is below the V4 window,141,141,99,58,21.617777777777786,0.0,0.012161299993749708,0.013176799999200739,0,5.9864469381397e-15,5.781592163538583e-15,15.149013359128599,15.149013359128775,False,0,nan,nan,0.0,"[9, 0, 5, 8, 1, 6, 10, 14, 2, 7, 15, 13, 12, 4, 3, 11]"
workload,er25,80001,34340925,0.25,qaoa_p2,2,stock_level3,11,stock_qiskit,stock Qiskit Level 3 baseline,328,328,192,134,57.187555555555655,0.0,0.017895799988764338,0.018992299999808893,0,8.594928519487444e-15,8.360351072582216e-15,14.80714849076152,14.807148490761769,False,0,nan,nan,0.0,"[6, 0, 15, 7, 2, 8, 13, 12, 1, 3, 11, 9, 14, 5, 4, 10]"
workload,er25,80001,34340925,0.25,qaoa_p2,2,hybrid_level3,11,qiskit_fallback,density 0.250 is below the V4 window,328,328,192,134,57.187555555555655,0.0,0.01806889999716077,0.019871700002113357,0,8.594928519487444e-15,8.360351072582216e-15,14.80714849076152,14.807148490761769,False,0,nan,nan,0.0,"[6, 0, 15, 7, 2, 8, 13, 12, 1, 3, 11, 9, 14, 5, 4, 10]"
workload,er25,80001,34340925,0.25,qaoa_p2,2,stock_level3,29,stock_qiskit,stock Qiskit Level 3 baseline,315,315,186,103,40.89600000000005,0.0,0.016724899993278086,0.01764599999296479,0,9.737310418852792e-15,9.447834318799163e-15,14.80714849076152,14.807148490761804,False,0,nan,nan,0.0,"[6, 9, 0, 8, 15, 7, 2, 3, 14, 12, 4, 13, 1, 10, 11, 5]"
workload,er25,80001,34340925,0.25,qaoa_p2,2,hybrid_level3,29,qiskit_fallback,density 0.250 is below the V4 window,315,315,186,103,40.89600000000005,0.0,0.023252099999808706,0.025201900003594346,0,9.737310418852792e-15,9.447834318799163e-15,14.80714849076152,14.807148490761804,False,0,nan,nan,0.0,"[6, 9, 0, 8, 15, 7, 2, 3, 14, 12, 4, 13, 1, 10, 11, 5]"
workload,er25,80001,34340925,0.25,qaoa_p2,2,stock_level3,47,stock_qiskit,stock Qiskit Level 3 baseline,320,320,213,131,49.699555555555655,0.0,0.016884500000742264,0.017774899999494664,0,9.93827808492364e-15,9.695419098831748e-15,14.80714849076152,14.80714849076181,False,0,nan,nan,0.0,"[3, 9, 5, 0, 14, 15, 6, 1, 11, 10, 7, 13, 4, 12, 8, 2]"
workload,er25,80001,34340925,0.25,qaoa_p2,2,hybrid_level3,47,qiskit_fallback,density 0.250 is below the V4 window,320,320,213,131,49.699555555555655,0.0,0.01797699999588076,0.01960589998634532,0,9.93827808492364e-15,9.695419098831748e-15,14.80714849076152,14.80714849076181,False,0,nan,nan,0.0,"[3, 9, 5, 0, 14, 15, 6, 1, 11, 10, 7, 13, 4, 12, 8, 2]"
workload,er25,80002,34340926,0.25,qaoa_p1,1,stock_level3,11,stock_qiskit,stock Qiskit Level 3 baseline,132,132,103,57,22.04444444444445,0.0,0.014389999996637926,0.015222999994875863,0,6.6069381745803445e-15,6.398904821474862e-15,15.246847705209872,15.246847705210069,False,0,nan,nan,0.0,"[11, 6, 7, 0, 12, 10, 15, 13, 3, 1, 14, 5, 2, 9, 4, 8]"
workload,er25,80002,34340926,0.25,qaoa_p1,1,hybrid_level3,11,qiskit_fallback,density 0.250 is below the V4 window,132,132,103,57,22.04444444444445,0.0,0.010590299993054941,0.011561500010429882,0,6.6069381745803445e-15,6.398904821474862e-15,15.246847705209872,15.246847705210069,False,0,nan,nan,0.0,"[11, 6, 7, 0, 12, 10, 15, 13, 3, 1, 14, 5, 2, 9, 4, 8]"
workload,er25,80002,34340926,0.25,qaoa_p1,1,stock_level3,29,stock_qiskit,stock Qiskit Level 3 baseline,128,128,96,53,21.5608888888889,0.0,0.012342100002570078,0.013001400002394803,0,6.81233212094951e-15,6.6695145078320325e-15,15.246847705209872,15.246847705210074,False,0,nan,nan,0.0,"[10, 9, 8, 0, 14, 11, 15, 13, 1, 3, 12, 4, 2, 6, 5, 7]"
workload,er25,80002,34340926,0.25,qaoa_p1,1,hybrid_level3,29,qiskit_fallback,density 0.250 is below the V4 window,128,128,96,53,21.5608888888889,0.0,0.011886000007507391,0.013043600003584288,0,6.81233212094951e-15,6.6695145078320325e-15,15.246847705209872,15.246847705210074,False,0,nan,nan,0.0,"[10, 9, 8, 0, 14, 11, 15, 13, 1, 3, 12, 4, 2, 6, 5, 7]"
workload,er25,80002,34340926,0.25,qaoa_p1,1,stock_level3,47,stock_qiskit,stock Qiskit Level 3 baseline,134,134,120,75,28.458666666666684,0.0,0.010971800002153032,0.0115869000001112,0,6.139239776555068e-15,6.020100746163831e-15,15.246847705209872,15.246847705210051,False,0,nan,nan,0.0,"[3, 11, 14, 9, 15, 13, 0, 2, 6, 5, 10, 7, 12, 1, 8, 4]"
workload,er25,80002,34340926,0.25,qaoa_p1,1,hybrid_level3,47,qiskit_fallback,density 0.250 is below the V4 window,134,134,120,75,28.458666666666684,0.0,0.01141789999383036,0.012394299992593005,0,6.139239776555068e-15,6.020100746163831e-15,15.246847705209872,15.246847705210051,False,0,nan,nan,0.0,"[3, 11, 14, 9, 15, 13, 0, 2, 6, 5, 10, 7, 12, 1, 8, 4]"
workload,er25,80002,34340926,0.25,qaoa_p2,2,stock_level3,11,stock_qiskit,stock Qiskit Level 3 baseline,312,312,244,140,58.218666666666714,0.0,0.016637100008665584,0.017563400004291907,0,6.818812278553624e-15,6.464204257553094e-15,15.298685395456175,15.298685395456372,False,0,nan,nan,0.0,"[12, 5, 6, 13, 8, 9, 15, 2, 0, 14, 3, 1, 10, 7, 11, 4]"
workload,er25,80002,34340926,0.25,qaoa_p2,2,hybrid_level3,11,qiskit_fallback,density 0.250 is below the V4 window,312,312,244,140,58.218666666666714,0.0,0.016898700007004663,0.01853549999941606,0,6.818812278553624e-15,6.464204257553094e-15,15.298685395456175,15.298685395456372,False,0,nan,nan,0.0,"[12, 5, 6, 13, 8, 9, 15, 2, 0, 14, 3, 1, 10, 7, 11, 4]"
workload,er25,80002,34340926,0.25,qaoa_p2,2,stock_level3,29,stock_qiskit,stock Qiskit Level 3 baseline,305,305,186,117,45.40444444444451,0.0,0.016342499991878867,0.017261200002394617,0,6.27856856014428e-15,5.8987457174931995e-15,15.298685395456175,15.298685395456355,False,0,nan,nan,0.0,"[11, 5, 10, 8, 15, 12, 9, 6, 1, 14, 0, 2, 3, 7, 13, 4]"
workload,er25,80002,34340926,0.25,qaoa_p2,2,hybrid_level3,29,qiskit_fallback,density 0.250 is below the V4 window,305,305,186,117,45.40444444444451,0.0,0.01600630000757519,0.01762119999330025,0,6.27856856014428e-15,5.8987457174931995e-15,15.298685395456175,15.298685395456355,False,0,nan,nan,0.0,"[11, 5, 10, 8, 15, 12, 9, 6, 1, 14, 0, 2, 3, 7, 13, 4]"
workload,er25,80002,34340926,0.25,qaoa_p2,2,stock_level3,47,stock_qiskit,stock Qiskit Level 3 baseline,314,314,223,145,55.82933333333337,0.0,0.016228399996180087,0.017148599989013746,0,6.341728704221055e-15,5.945631786412584e-15,15.298685395456175,15.298685395456356,False,0,nan,nan,0.0,"[5, 3, 0, 9, 12, 13, 14, 15, 10, 8, 6, 7, 2, 1, 11, 4]"
workload,er25,80002,34340926,0.25,qaoa_p2,2,hybrid_level3,47,qiskit_fallback,density 0.250 is below the V4 window,314,314,223,145,55.82933333333337,0.0,0.016882500000065193,0.018488000001525506,0,6.341728704221055e-15,5.945631786412584e-15,15.298685395456175,15.298685395456356,False,0,nan,nan,0.0,"[5, 3, 0, 9, 12, 13, 14, 15, 10, 8, 6, 7, 2, 1, 11, 4]"
workload,er25,80003,34340927,0.25,qaoa_p1,1,stock_level3,11,stock_qiskit,stock Qiskit Level 3 baseline,136,136,110,63,26.75911111111112,0.0,0.012640700006159022,0.013351800007512793,0,3.696325213199778e-15,3.479274834944638e-15,14.884008561036307,14.884008561036413,False,0,nan,nan,0.0,"[12, 5, 11, 7, 6, 13, 8, 15, 0, 1, 9, 4, 14, 3, 10, 2]"
workload,er25,80003,34340927,0.25,qaoa_p1,1,hybrid_level3,11,qiskit_fallback,density 0.250 is below the V4 window,136,136,110,63,26.75911111111112,0.0,0.011482300003990531,0.012474700008169748,0,3.696325213199778e-15,3.479274834944638e-15,14.884008561036307,14.884008561036413,False,0,nan,nan,0.0,"[12, 5, 11, 7, 6, 13, 8, 15, 0, 1, 9, 4, 14, 3, 10, 2]"
workload,er25,80003,34340927,0.25,qaoa_p1,1,stock_level3,29,stock_qiskit,stock Qiskit Level 3 baseline,132,132,100,67,24.93866666666667,0.0,0.011311000009300187,0.011924099992029369,0,3.3770755628195037e-15,3.16143868299407e-15,14.884008561036307,14.884008561036403,False,0,nan,nan,0.0,"[14, 0, 3, 12, 15, 11, 2, 9, 6, 10, 5, 7, 8, 1, 13, 4]"
workload,er25,80003,34340927,0.25,qaoa_p1,1,hybrid_level3,29,qiskit_fallback,density 0.250 is below the V4 window,132,132,100,67,24.93866666666667,0.0,0.01203220000024885,0.01318860000174027,0,3.3770755628195037e-15,3.16143868299407e-15,14.884008561036307,14.884008561036403,False,0,nan,nan,0.0,"[14, 0, 3, 12, 15, 11, 2, 9, 6, 10, 5, 7, 8, 1, 13, 4]"
workload,er25,80003,34340927,0.25,qaoa_p1,1,stock_level3,47,stock_qiskit,stock Qiskit Level 3 baseline,127,127,92,48,18.773333333333344,0.0,0.011810500000137836,0.012411499992595054,0,3.740413829478459e-15,3.5096475748632085e-15,14.884008561036307,14.884008561036413,False,0,nan,nan,0.0,"[14, 0, 3, 12, 15, 11, 2, 9, 6, 1, 8, 10, 5, 4, 13, 7]"
workload,er25,80003,34340927,0.25,qaoa_p1,1,hybrid_level3,47,qiskit_fallback,density 0.250 is below the V4 window,127,127,92,48,18.773333333333344,0.0,0.013231299992185086,0.01429820001067128,0,3.740413829478459e-15,3.5096475748632085e-15,14.884008561036307,14.884008561036413,False,0,nan,nan,0.0,"[14, 0, 3, 12, 15, 11, 2, 9, 6, 1, 8, 10, 5, 4, 13, 7]"
workload,er25,80003,34340927,0.25,qaoa_p2,2,stock_level3,11,stock_qiskit,stock Qiskit Level 3 baseline,305,305,190,117,43.15022222222228,0.0,0.01696500000252854,0.017962500001885928,0,7.571280235313156e-15,7.208416691586514e-15,15.137849079855352,15.13784907985557,False,0,nan,nan,0.0,"[3, 15, 5, 8, 9, 0, 11, 6, 2, 1, 4, 12, 14, 7, 13, 10]"
workload,er25,80003,34340927,0.25,qaoa_p2,2,hybrid_level3,11,qiskit_fallback,density 0.250 is below the V4 window,305,305,190,117,43.15022222222228,0.0,0.01772980000532698,0.019436999995377846,0,7.571280235313156e-15,7.208416691586514e-15,15.137849079855352,15.13784907985557,False,0,nan,nan,0.0,"[3, 15, 5, 8, 9, 0, 11, 6, 2, 1, 4, 12, 14, 7, 13, 10]"
workload,er25,80003,34340927,0.25,qaoa_p2,2,stock_level3,29,stock_qiskit,stock Qiskit Level 3 baseline,318,318,217,128,49.70666666666673,0.0,0.01580110000213608,0.0167310999968322,0,7.262057929260205e-15,6.953234561306312e-15,15.137849079855352,15.13784907985556,False,0,nan,nan,0.0,"[5, 13, 15, 1, 0, 3, 14, 9, 6, 7, 11, 4, 8, 12, 2, 10]"
workload,er25,80003,34340927,0.25,qaoa_p2,2,hybrid_level3,29,qiskit_fallback,density 0.250 is below the V4 window,318,318,217,128,49.70666666666673,0.0,0.016637699998682365,0.01826989999972284,0,7.262057929260205e-15,6.953234561306312e-15,15.137849079855352,15.13784907985556,False,0,nan,nan,0.0,"[5, 13, 15, 1, 0, 3, 14, 9, 6, 7, 11, 4, 8, 12, 2, 10]"
workload,er25,80003,34340927,0.25,qaoa_p2,2,stock_level3,47,stock_qiskit,stock Qiskit Level 3 baseline,302,302,224,133,53.89511111111117,0.0,0.020939100009854883,0.022020000003976747,0,7.588386452335346e-15,7.0641755612720946e-15,15.137849079855352,15.137849079855563,False,0,nan,nan,0.0,"[8, 6, 0, 11, 12, 5, 10, 9, 3, 2, 15, 7, 14, 1, 13, 4]"
workload,er25,80003,34340927,0.25,qaoa_p2,2,hybrid_level3,47,qiskit_fallback,density 0.250 is below the V4 window,302,302,224,133,53.89511111111117,0.0,0.018395300008705817,0.020167499998933636,0,7.588386452335346e-15,7.0641755612720946e-15,15.137849079855352,15.137849079855563,False,0,nan,nan,0.0,"[8, 6, 0, 11, 12, 5, 10, 9, 3, 2, 15, 7, 14, 1, 13, 4]"
workload,er25,80004,34340928,0.25,qaoa_p1,1,stock_level3,11,stock_qiskit,stock Qiskit Level 3 baseline,148,148,108,61,23.893333333333345,0.0,0.01231369999004528,0.01301429999875836,0,6.936229198168945e-15,6.797069219201699e-15,15.10169109204683,15.101691092047034,False,0,nan,nan,0.0,"[3, 10, 7, 15, 6, 12, 11, 0, 2, 13, 5, 4, 14, 9, 1, 8]"
workload,er25,80004,34340928,0.25,qaoa_p1,1,hybrid_level3,11,qiskit_fallback,density 0.250 is below the V4 window,148,148,108,61,23.893333333333345,0.0,0.015476999993552454,0.017166200006613508,0,6.936229198168945e-15,6.797069219201699e-15,15.10169109204683,15.101691092047034,False,0,nan,nan,0.0,"[3, 10, 7, 15, 6, 12, 11, 0, 2, 13, 5, 4, 14, 9, 1, 8]"
workload,er25,80004,34340928,0.25,qaoa_p1,1,stock_level3,29,stock_qiskit,stock Qiskit Level 3 baseline,152,152,98,58,23.168000000000006,0.0,0.01270019999356009,0.013356600000406615,0,6.582042395588627e-15,6.4271916107544255e-15,15.10169109204683,15.101691092047023,False,0,nan,nan,0.0,"[10, 11, 6, 9, 2, 14, 8, 7, 4, 3, 13, 0, 5, 12, 1, 15]"
workload,er25,80004,34340928,0.25,qaoa_p1,1,hybrid_level3,29,qiskit_fallback,density 0.250 is below the V4 window,152,152,98,58,23.168000000000006,0.0,0.011488099989946932,0.012754299998050556,0,6.582042395588627e-15,6.4271916107544255e-15,15.10169109204683,15.101691092047023,False,0,nan,nan,0.0,"[10, 11, 6, 9, 2, 14, 8, 7, 4, 3, 13, 0, 5, 12, 1, 15]"
workload,er25,80004,34340928,0.25,qaoa_p1,1,stock_level3,47,stock_qiskit,stock Qiskit Level 3 baseline,147,147,100,62,23.928888888888896,0.0,0.011478300002636388,0.012112399999750778,0,6.694928334320345e-15,6.5676129255641055e-15,15.10169109204683,15.101691092047027,False,0,nan,nan,0.0,"[10, 15, 3, 7, 6, 5, 8, 2, 0, 12, 9, 1, 11, 14, 4, 13]"
workload,er25,80004,34340928,0.25,qaoa_p1,1,hybrid_level3,47,qiskit_fallback,density 0.250 is below the V4 window,147,147,100,62,23.928888888888896,0.0,0.012321499991230667,0.013443599993479438,0,6.694928334320345e-15,6.5676129255641055e-15,15.10169109204683,15.101691092047027,False,0,nan,nan,0.0,"[10, 15, 3, 7, 6, 5, 8, 2, 0, 12, 9, 1, 11, 14, 4, 13]"
workload,er25,80004,34340928,0.25,qaoa_p2,2,stock_level3,11,stock_qiskit,stock Qiskit Level 3 baseline,302,302,185,109,45.69600000000005,0.0,0.023834899999201298,0.025428499997360632,0,8.540528913693218e-15,8.234245184718602e-15,14.74186609105116,14.7418660910514,False,0,nan,nan,0.0,"[15, 3, 2, 6, 10, 14, 5, 7, 4, 9, 11, 0, 8, 13, 1, 12]"
workload,er25,80004,34340928,0.25,qaoa_p2,2,hybrid_level3,11,qiskit_fallback,density 0.250 is below the V4 window,302,302,185,109,45.69600000000005,0.0,0.01743500000156928,0.019156000009388663,0,8.540528913693218e-15,8.234245184718602e-15,14.74186609105116,14.7418660910514,False,0,nan,nan,0.0,"[15, 3, 2, 6, 10, 14, 5, 7, 4, 9, 11, 0, 8, 13, 1, 12]"
workload,er25,80004,34340928,0.25,qaoa_p2,2,stock_level3,29,stock_qiskit,stock Qiskit Level 3 baseline,312,312,228,120,47.32444444444449,0.0,0.017534500002511777,0.018537699987064116,0,8.043096332688666e-15,7.566693146552807e-15,14.74186609105116,14.741866091051383,False,0,nan,nan,0.0,"[2, 12, 6, 0, 1, 3, 11, 4, 15, 13, 8, 7, 14, 5, 10, 9]"
workload,er25,80004,34340928,0.25,qaoa_p2,2,hybrid_level3,29,qiskit_fallback,density 0.250 is below the V4 window,312,312,228,120,47.32444444444449,0.0,0.018745000008493662,0.020474600009038113,0,8.043096332688666e-15,7.566693146552807e-15,14.74186609105116,14.741866091051383,False,0,nan,nan,0.0,"[2, 12, 6, 0, 1, 3, 11, 4, 15, 13, 8, 7, 14, 5, 10, 9]"
workload,er25,80004,34340928,0.25,qaoa_p2,2,stock_level3,47,stock_qiskit,stock Qiskit Level 3 baseline,311,311,208,123,47.694222222222265,0.0,0.024806899993564002,0.0266674000013154,0,7.296182507131361e-15,6.921304574061681e-15,14.74186609105116,14.741866091051362,False,0,nan,nan,0.0,"[15, 11, 2, 6, 7, 3, 8, 10, 0, 9, 14, 1, 5, 13, 4, 12]"
workload,er25,80004,34340928,0.25,qaoa_p2,2,hybrid_level3,47,qiskit_fallback,density 0.250 is below the V4 window,311,311,208,123,47.694222222222265,0.0,0.01714460000221152,0.018815699993865564,0,7.296182507131361e-15,6.921304574061681e-15,14.74186609105116,14.741866091051362,False,0,nan,nan,0.0,"[15, 11, 2, 6, 7, 3, 8, 10, 0, 9, 14, 1, 5, 13, 4, 12]"
workload,er25,80005,34340929,0.25,qaoa_p1,1,stock_level3,11,stock_qiskit,stock Qiskit Level 3 baseline,128,128,104,66,25.53600000000001,0.0,0.012176699994597584,0.012814799993066117,0,5.713601761202928e-15,5.4858093909881674e-15,14.633977466127432,14.633977466127595,False,0,nan,nan,0.0,"[11, 14, 13, 15, 5, 0, 12, 3, 7, 1, 6, 10, 8, 9, 4, 2]"
workload,er25,80005,34340929,0.25,qaoa_p1,1,hybrid_level3,11,qiskit_fallback,density 0.250 is below the V4 window,128,128,104,66,25.53600000000001,0.0,0.011111400002846494,0.012122100000851788,0,5.713601761202928e-15,5.4858093909881674e-15,14.633977466127432,14.633977466127595,False,0,nan,nan,0.0,"[11, 14, 13, 15, 5, 0, 12, 3, 7, 1, 6, 10, 8, 9, 4, 2]"
workload,er25,80005,34340929,0.25,qaoa_p1,1,stock_level3,29,stock_qiskit,stock Qiskit Level 3 baseline,130,130,96,55,21.12711111111112,0.0,0.012590199999976903,0.013257600003271364,0,5.878456421779441e-15,5.5636989132170965e-15,14.633977466127432,14.633977466127597,False,0,nan,nan,0.0,"[1, 0, 10, 6, 3, 15, 7, 12, 5, 14, 8, 9, 2, 4, 11, 13]"
workload,er25,80005,34340929,0.25,qaoa_p1,1,hybrid_level3,29,qiskit_fallback,density 0.250 is below the V4 window,130,130,96,55,21.12711111111112,0.0,0.012030199999571778,0.013205900002503768,0,5.878456421779441e-15,5.5636989132170965e-15,14.633977466127432,14.633977466127597,False,0,nan,nan,0.0,"[1, 0, 10, 6, 3, 15, 7, 12, 5, 14, 8, 9, 2, 4, 11, 13]"
workload,er25,80005,34340929,0.25,qaoa_p1,1,stock_level3,47,stock_qiskit,stock Qiskit Level 3 baseline,131,131,104,58,22.52800000000001,0.0,0.01169590000063181,0.012364299996988848,0,5.2637369973763066e-15,4.9798633206618865e-15,14.633977466127432,14.633977466127583,False,0,nan,nan,0.0,"[9, 11, 12, 15, 5, 13, 6, 0, 4, 2, 10, 7, 8, 14, 3, 1]"
workload,er25,80005,34340929,0.25,qaoa_p1,1,hybrid_level3,47,qiskit_fallback,density 0.250 is below the V4 window,131,131,104,58,22.52800000000001,0.0,0.013618299999507144,0.015156900000874884,0,5.2637369973763066e-15,4.9798633206618865e-15,14.633977466127432,14.633977466127583,False,0,nan,nan,0.0,"[9, 11, 12, 15, 5, 13, 6, 0, 4, 2, 10, 7, 8, 14, 3, 1]"
workload,er25,80005,34340929,0.25,qaoa_p2,2,stock_level3,11,stock_qiskit,stock Qiskit Level 3 baseline,297,297,226,132,52.672000000000075,0.0,0.017431000000215136,0.018489399997633882,0,8.504173434871385e-15,8.183786980242028e-15,14.872140965514182,14.872140965514426,False,0,nan,nan,0.0,"[1, 4, 11, 7, 2, 6, 15, 10, 8, 13, 5, 9, 3, 0, 14, 12]"
workload,er25,80005,34340929,0.25,qaoa_p2,2,hybrid_level3,11,qiskit_fallback,density 0.250 is below the V4 window,297,297,226,132,52.672000000000075,0.0,0.017958099997485988,0.019833699989249,0,8.504173434871385e-15,8.183786980242028e-15,14.872140965514182,14.872140965514426,False,0,nan,nan,0.0,"[1, 4, 11, 7, 2, 6, 15, 10, 8, 13, 5, 9, 3, 0, 14, 12]"
workload,er25,80005,34340929,0.25,qaoa_p2,2,stock_level3,29,stock_qiskit,stock Qiskit Level 3 baseline,305,305,190,105,41.06666666666671,0.0,0.017139900010079145,0.018269099993631244,0,7.917372351911223e-15,7.553470000390212e-15,14.872140965514182,14.872140965514406,False,0,nan,nan,0.0,"[11, 13, 9, 14, 6, 15, 3, 12, 0, 7, 2, 1, 5, 8, 4, 10]"
workload,er25,80005,34340929,0.25,qaoa_p2,2,hybrid_level3,29,qiskit_fallback,density 0.250 is below the V4 window,305,305,190,105,41.06666666666671,0.0,0.028225099988048896,0.030974500012234785,0,7.917372351911223e-15,7.553470000390212e-15,14.872140965514182,14.872140965514406,False,0,nan,nan,0.0,"[11, 13, 9, 14, 6, 15, 3, 12, 0, 7, 2, 1, 5, 8, 4, 10]"
workload,er25,80005,34340929,0.25,qaoa_p2,2,stock_level3,47,stock_qiskit,stock Qiskit Level 3 baseline,298,298,176,103,40.20622222222226,0.0,0.02020549999724608,0.02152090000163298,0,6.2325439905719085e-15,5.819259140724261e-15,14.872140965514182,14.872140965514351,False,0,nan,nan,0.0,"[3, 11, 12, 14, 5, 15, 13, 6, 2, 7, 1, 0, 8, 9, 4, 10]"
workload,er25,80005,34340929,0.25,qaoa_p2,2,hybrid_level3,47,qiskit_fallback,density 0.250 is below the V4 window,298,298,176,103,40.20622222222226,0.0,0.018832100002327934,0.02080670000577811,0,6.2325439905719085e-15,5.819259140724261e-15,14.872140965514182,14.872140965514351,False,0,nan,nan,0.0,"[3, 11, 12, 14, 5, 15, 13, 6, 2, 7, 1, 0, 8, 9, 4, 10]"
workload,er25,80006,34340930,0.25,qaoa_p1,1,stock_level3,11,stock_qiskit,stock Qiskit Level 3 baseline,134,134,101,63,24.718222222222227,0.0,0.012412299998686649,0.013100399999530055,0,5.304932943796432e-15,5.158443588552419e-15,15.465127116317586,15.465127116317747,False,0,nan,nan,0.0,"[11, 8, 1, 6, 9, 4, 15, 0, 2, 13, 5, 14, 12, 7, 10, 3]"
workload,er25,80006,34340930,0.25,qaoa_p1,1,hybrid_level3,11,qiskit_fallback,density 0.250 is below the V4 window,134,134,101,63,24.718222222222227,0.0,0.012774100003298372,0.013953899993794039,0,5.304932943796432e-15,5.158443588552419e-15,15.465127116317586,15.465127116317747,False,0,nan,nan,0.0,"[11, 8, 1, 6, 9, 4, 15, 0, 2, 13, 5, 14, 12, 7, 10, 3]"
workload,er25,80006,34340930,0.25,qaoa_p1,1,stock_level3,29,stock_qiskit,stock Qiskit Level 3 baseline,134,134,85,44,16.533333333333342,0.0,0.016819199998280965,0.017857400001958013,0,5.389788745446915e-15,5.186974331721845e-15,15.465127116317586,15.465127116317753,False,0,nan,nan,0.0,"[0, 15, 11, 10, 5, 12, 3, 9, 13, 2, 8, 1, 4, 6, 7, 14]"
workload,er25,80006,34340930,0.25,qaoa_p1,1,hybrid_level3,29,qiskit_fallback,density 0.250 is below the V4 window,134,134,85,44,16.533333333333342,0.0,0.011850399998365901,0.01298690000839997,0,5.389788745446915e-15,5.186974331721845e-15,15.465127116317586,15.465127116317753,False,0,nan,nan,0.0,"[0, 15, 11, 10, 5, 12, 3, 9, 13, 2, 8, 1, 4, 6, 7, 14]"
workload,er25,80006,34340930,0.25,qaoa_p1,1,stock_level3,47,stock_qiskit,stock Qiskit Level 3 baseline,134,134,82,45,17.713777777777782,0.0,0.011248100010561757,0.011838099992019124,0,5.771160423792373e-15,5.6048805111525096e-15,15.465127116317586,15.46512711631776,False,0,nan,nan,0.0,"[6, 0, 2, 11, 15, 13, 8, 9, 4, 5, 7, 3, 14, 10, 12, 1]"
workload,er25,80006,34340930,0.25,qaoa_p1,1,hybrid_level3,47,qiskit_fallback,density 0.250 is below the V4 window,134,134,82,45,17.713777777777782,0.0,0.014031400001840666,0.015155899993260391,0,5.771160423792373e-15,5.6048805111525096e-15,15.465127116317586,15.46512711631776,False,0,nan,nan,0.0,"[6, 0, 2, 11, 15, 13, 8, 9, 4, 5, 7, 3, 14, 10, 12, 1]"
workload,er25,80006,34340930,0.25,qaoa_p2,2,stock_level3,11,stock_qiskit,stock Qiskit Level 3 baseline,293,293,165,100,41.35111111111114,0.0,0.016291599997202866,0.017273999997996725,0,5.763998217244657e-15,5.238747269368323e-15,15.274282608259343,15.2742826082595,False,0,nan,nan,0.0,"[9, 13, 4, 11, 15, 14, 0, 6, 7, 5, 12, 8, 1, 2, 3, 10]"
workload,er25,80006,34340930,0.25,qaoa_p2,2,hybrid_level3,11,qiskit_fallback,density 0.250 is below the V4 window,293,293,165,100,41.35111111111114,0.0,0.020571799992467277,0.0230291999905603,0,5.763998217244657e-15,5.238747269368323e-15,15.274282608259343,15.2742826082595,False,0,nan,nan,0.0,"[9, 13, 4, 11, 15, 14, 0, 6, 7, 5, 12, 8, 1, 2, 3, 10]"
workload,er25,80006,34340930,0.25,qaoa_p2,2,stock_level3,29,stock_qiskit,stock Qiskit Level 3 baseline,303,303,205,123,46.151111111111184,0.0,0.0168244000087725,0.017917400007718243,0,7.021649810878441e-15,6.567365310744104e-15,15.274282608259343,15.274282608259544,False,0,nan,nan,0.0,"[8, 15, 2, 10, 9, 11, 0, 3, 7, 6, 5, 1, 12, 14, 13, 4]"
workload,er25,80006,34340930,0.25,qaoa_p2,2,hybrid_level3,29,qiskit_fallback,density 0.250 is below the V4 window,303,303,205,123,46.151111111111184,0.0,0.017963699996471405,0.019669200002681464,0,7.021649810878441e-15,6.567365310744104e-15,15.274282608259343,15.274282608259544,False,0,nan,nan,0.0,"[8, 15, 2, 10, 9, 11, 0, 3, 7, 6, 5, 1, 12, 14, 13, 4]"
workload,er25,80006,34340930,0.25,qaoa_p2,2,stock_level3,47,stock_qiskit,stock Qiskit Level 3 baseline,306,306,172,100,39.5946666666667,0.0,0.016587700010859407,0.0178338999976404,0,6.08285905306841e-15,5.7653776295983225e-15,15.274282608259343,15.274282608259522,False,0,nan,nan,0.0,"[14, 11, 5, 1, 0, 4, 15, 6, 9, 7, 2, 3, 10, 13, 12, 8]"
workload,er25,80006,34340930,0.25,qaoa_p2,2,hybrid_level3,47,qiskit_fallback,density 0.250 is below the V4 window,306,306,172,100,39.5946666666667,0.0,0.0205677000049036,0.02294650000112597,0,6.08285905306841e-15,5.7653776295983225e-15,15.274282608259343,15.274282608259522,False,0,nan,nan,0.0,"[14, 11, 5, 1, 0, 4, 15, 6, 9, 7, 2, 3, 10, 13, 12, 8]"
workload,er25,80007,34340931,0.25,qaoa_p1,1,stock_level3,11,stock_qiskit,stock Qiskit Level 3 baseline,143,143,111,74,29.034666666666677,0.0,0.012068199997884221,0.012806500002625398,0,4.739186978958232e-15,4.570312136308343e-15,14.525007374405321,14.525007374405451,False,0,nan,nan,0.0,"[0, 13, 2, 5, 9, 10, 14, 12, 6, 15, 4, 8, 11, 3, 7, 1]"
workload,er25,80007,34340931,0.25,qaoa_p1,1,hybrid_level3,11,qiskit_fallback,density 0.250 is below the V4 window,143,143,111,74,29.034666666666677,0.0,0.011249500006670132,0.012314600011450239,0,4.739186978958232e-15,4.570312136308343e-15,14.525007374405321,14.525007374405451,False,0,nan,nan,0.0,"[0, 13, 2, 5, 9, 10, 14, 12, 6, 15, 4, 8, 11, 3, 7, 1]"
workload,er25,80007,34340931,0.25,qaoa_p1,1,stock_level3,29,stock_qiskit,stock Qiskit Level 3 baseline,140,140,100,57,21.610666666666674,0.0,0.011815199992270209,0.012406399997416884,0,5.224934181041865e-15,5.02589781707974e-15,14.525007374405321,14.525007374405464,False,0,nan,nan,0.0,"[6, 9, 8, 13, 12, 2, 1, 3, 5, 0, 14, 7, 4, 10, 15, 11]"
workload,er25,80007,34340931,0.25,qaoa_p1,1,hybrid_level3,29,qiskit_fallback,density 0.250 is below the V4 window,140,140,100,57,21.610666666666674,0.0,0.011610300003667362,0.01302399999985937,0,5.224934181041865e-15,5.02589781707974e-15,14.525007374405321,14.525007374405464,False,0,nan,nan,0.0,"[6, 9, 8, 13, 12, 2, 1, 3, 5, 0, 14, 7, 4, 10, 15, 11]"
workload,er25,80007,34340931,0.25,qaoa_p1,1,stock_level3,47,stock_qiskit,stock Qiskit Level 3 baseline,143,143,98,69,27.185777777777787,0.0,0.01286180000170134,0.013481199988746084,0,4.2913543635791824e-15,4.107965198514488e-15,14.525007374405321,14.525007374405437,False,0,nan,nan,0.0,"[3, 6, 5, 0, 7, 13, 10, 12, 14, 15, 8, 1, 4, 2, 9, 11]"
workload,er25,80007,34340931,0.25,qaoa_p1,1,hybrid_level3,47,qiskit_fallback,density 0.250 is below the V4 window,143,143,98,69,27.185777777777787,0.0,0.014609799996833317,0.01608059999125544,0,4.2913543635791824e-15,4.107965198514488e-15,14.525007374405321,14.525007374405437,False,0,nan,nan,0.0,"[3, 6, 5, 0, 7, 13, 10, 12, 14, 15, 8, 1, 4, 2, 9, 11]"
workload,er25,80007,34340931,0.25,qaoa_p2,2,stock_level3,11,stock_qiskit,stock Qiskit Level 3 baseline,307,307,180,108,44.38044444444449,0.0,0.016702599998097867,0.017681199999060482,0,6.4772300433109405e-15,5.819198541692305e-15,12.163837948761596,12.163837948761735,False,0,nan,nan,0.0,"[15, 12, 10, 9, 8, 7, 13, 0, 4, 6, 2, 11, 14, 5, 3, 1]"
workload,er25,80007,34340931,0.25,qaoa_p2,2,hybrid_level3,11,qiskit_fallback,density 0.250 is below the V4 window,307,307,180,108,44.38044444444449,0.0,0.017575800011400133,0.019443800003500655,0,6.4772300433109405e-15,5.819198541692305e-15,12.163837948761596,12.163837948761735,False,0,nan,nan,0.0,"[15, 12, 10, 9, 8, 7, 13, 0, 4, 6, 2, 11, 14, 5, 3, 1]"
workload,er25,80007,34340931,0.25,qaoa_p2,2,stock_level3,29,stock_qiskit,stock Qiskit Level 3 baseline,323,323,200,130,49.0382222222223,0.0,0.01701609999872744,0.018087699994794093,0,8.12492521946289e-15,7.626395226232421e-15,12.163837948761596,12.163837948761781,False,0,nan,nan,0.0,"[0, 2, 1, 3, 9, 13, 14, 12, 6, 4, 10, 5, 8, 11, 15, 7]"
workload,er25,80007,34340931,0.25,qaoa_p2,2,hybrid_level3,29,qiskit_fallback,density 0.250 is below the V4 window,323,323,200,130,49.0382222222223,0.0,0.018783999999868684,0.020470200004638173,0,8.12492521946289e-15,7.626395226232421e-15,12.163837948761596,12.163837948761781,False,0,nan,nan,0.0,"[0, 2, 1, 3, 9, 13, 14, 12, 6, 4, 10, 5, 8, 11, 15, 7]"
workload,er25,80007,34340931,0.25,qaoa_p2,2,stock_level3,47,stock_qiskit,stock Qiskit Level 3 baseline,319,319,196,127,50.830222222222304,0.0,0.016421100008301437,0.017506699994555674,0,7.483271039974202e-15,6.9665869145410794e-15,12.163837948761596,12.163837948761765,False,0,nan,nan,0.0,"[15, 11, 4, 6, 10, 5, 14, 8, 3, 9, 1, 12, 13, 7, 0, 2]"
workload,er25,80007,34340931,0.25,qaoa_p2,2,hybrid_level3,47,qiskit_fallback,density 0.250 is below the V4 window,319,319,196,127,50.830222222222304,0.0,0.0170596999960253,0.018752300005871803,0,7.483271039974202e-15,6.9665869145410794e-15,12.163837948761596,12.163837948761765,False,0,nan,nan,0.0,"[15, 11, 4, 6, 10, 5, 14, 8, 3, 9, 1, 12, 13, 7, 0, 2]"
workload,er25,80008,34340932,0.25,qaoa_p1,1,stock_level3,11,stock_qiskit,stock Qiskit Level 3 baseline,135,135,127,67,28.12444444444445,0.0,0.01215569999476429,0.013034200004767627,0,5.891051230427378e-15,5.3079303927394995e-15,12.75077108932497,12.7507710893251,False,0,nan,nan,0.0,"[9, 8, 11, 15, 12, 10, 4, 1, 2, 0, 7, 14, 6, 3, 13, 5]"
workload,er25,80008,34340932,0.25,qaoa_p1,1,hybrid_level3,11,qiskit_fallback,density 0.250 is below the V4 window,135,135,127,67,28.12444444444445,0.0,0.01203199999872595,0.01312780000444036,0,5.891051230427378e-15,5.3079303927394995e-15,12.75077108932497,12.7507710893251,False,0,nan,nan,0.0,"[9, 8, 11, 15, 12, 10, 4, 1, 2, 0, 7, 14, 6, 3, 13, 5]"
workload,er25,80008,34340932,0.25,qaoa_p1,1,stock_level3,29,stock_qiskit,stock Qiskit Level 3 baseline,138,138,128,67,26.218666666666675,0.0,0.013857900004950352,0.014460700011113659,0,5.661117774145403e-15,5.280339412003698e-15,12.75077108932497,12.7507710893251,False,0,nan,nan,0.0,"[1, 5, 14, 0, 11, 7, 10, 12, 6, 15, 13, 8, 4, 2, 9, 3]"
workload,er25,80008,34340932,0.25,qaoa_p1,1,hybrid_level3,29,qiskit_fallback,density 0.250 is below the V4 window,138,138,128,67,26.218666666666675,0.0,0.011876100004883483,0.012979400009498931,0,5.661117774145403e-15,5.280339412003698e-15,12.75077108932497,12.7507710893251,False,0,nan,nan,0.0,"[1, 5, 14, 0, 11, 7, 10, 12, 6, 15, 13, 8, 4, 2, 9, 3]"
workload,er25,80008,34340932,0.25,qaoa_p1,1,stock_level3,47,stock_qiskit,stock Qiskit Level 3 baseline,135,135,107,60,25.429333333333346,0.0,0.011369500003638677,0.011922200006665662,0,7.013033776899902e-15,6.725498760904586e-15,12.75077108932497,12.750771089325138,False,0,nan,nan,0.0,"[6, 11, 15, 5, 9, 3, 7, 1, 4, 2, 13, 14, 0, 10, 8, 12]"
workload,er25,80008,34340932,0.25,qaoa_p1,1,hybrid_level3,47,qiskit_fallback,density 0.250 is below the V4 window,135,135,107,60,25.429333333333346,0.0,0.011899999997694977,0.01285949999873992,0,7.013033776899902e-15,6.725498760904586e-15,12.75077108932497,12.750771089325138,False,0,nan,nan,0.0,"[6, 11, 15, 5, 9, 3, 7, 1, 4, 2, 13, 14, 0, 10, 8, 12]"
workload,er25,80008,34340932,0.25,qaoa_p2,2,stock_level3,11,stock_qiskit,stock Qiskit Level 3 baseline,298,298,212,130,50.56000000000004,0.0,0.01650740001059603,0.01742069999454543,0,9.358736374153439e-15,9.105110972355892e-15,14.645255892996417,14.645255892996683,False,0,nan,nan,0.0,"[15, 8, 14, 9, 3, 4, 1, 7, 10, 6, 0, 11, 2, 12, 5, 13]"
workload,er25,80008,34340932,0.25,qaoa_p2,2,hybrid_level3,11,qiskit_fallback,density 0.250 is below the V4 window,298,298,212,130,50.56000000000004,0.0,0.016841800010297447,0.01838589999533724,0,9.358736374153439e-15,9.105110972355892e-15,14.645255892996417,14.645255892996683,False,0,nan,nan,0.0,"[15, 8, 14, 9, 3, 4, 1, 7, 10, 6, 0, 11, 2, 12, 5, 13]"
workload,er25,80008,34340932,0.25,qaoa_p2,2,stock_level3,29,stock_qiskit,stock Qiskit Level 3 baseline,314,314,223,136,54.39288888888897,0.0,0.016535799994016998,0.017477300003520213,0,1.043789024922072e-14,1.0183769853626774e-14,14.645255892996417,14.645255892996717,False,0,nan,nan,0.0,"[0, 6, 4, 12, 15, 14, 5, 11, 8, 9, 1, 7, 13, 3, 10, 2]"
workload,er25,80008,34340932,0.25,qaoa_p2,2,hybrid_level3,29,qiskit_fallback,density 0.250 is below the V4 window,314,314,223,136,54.39288888888897,0.0,0.016670800003339536,0.018251000001328066,0,1.043789024922072e-14,1.0183769853626774e-14,14.645255892996417,14.645255892996717,False,0,nan,nan,0.0,"[0, 6, 4, 12, 15, 14, 5, 11, 8, 9, 1, 7, 13, 3, 10, 2]"
workload,er25,80008,34340932,0.25,qaoa_p2,2,stock_level3,47,stock_qiskit,stock Qiskit Level 3 baseline,314,314,237,140,55.886222222222294,0.0,0.01953180000418797,0.02052779999212362,0,8.588894890024224e-15,8.351932748109881e-15,14.645255892996417,14.64525589299666,False,0,nan,nan,0.0,"[7, 6, 15, 0, 2, 14, 8, 5, 11, 3, 9, 4, 10, 13, 1, 12]"
workload,er25,80008,34340932,0.25,qaoa_p2,2,hybrid_level3,47,qiskit_fallback,density 0.250 is below the V4 window,314,314,237,140,55.886222222222294,0.0,0.019642600003862754,0.02141529999789782,0,8.588894890024224e-15,8.351932748109881e-15,14.645255892996417,14.64525589299666,False,0,nan,nan,0.0,"[7, 6, 15, 0, 2, 14, 8, 5, 11, 3, 9, 4, 10, 13, 1, 12]"
workload,er25,80009,34340933,0.25,qaoa_p1,1,stock_level3,11,stock_qiskit,stock Qiskit Level 3 baseline,120,120,118,65,25.649777777777786,0.0,0.010523999997531064,0.01113509999413509,0,6.428834375362519e-15,6.310062752749556e-15,14.730009295562938,14.730009295563129,False,0,nan,nan,0.0,"[4, 0, 3, 1, 5, 8, 14, 13, 6, 11, 9, 10, 2, 12, 7, 15]"
workload,er25,80009,34340933,0.25,qaoa_p1,1,hybrid_level3,11,qiskit_fallback,density 0.250 is below the V4 window,120,120,118,65,25.649777777777786,0.0,0.01065339999331627,0.011677799993776716,0,6.428834375362519e-15,6.310062752749556e-15,14.730009295562938,14.730009295563129,False,0,nan,nan,0.0,"[4, 0, 3, 1, 5, 8, 14, 13, 6, 11, 9, 10, 2, 12, 7, 15]"
workload,er25,80009,34340933,0.25,qaoa_p1,1,stock_level3,29,stock_qiskit,stock Qiskit Level 3 baseline,123,123,99,54,22.961777777777783,0.0,0.01220830000238493,0.012835900008212775,0,4.627444979301566e-15,4.362618272450104e-15,14.730009295562938,14.730009295563072,False,0,nan,nan,0.0,"[9, 14, 12, 11, 13, 6, 0, 4, 3, 7, 15, 5, 10, 2, 8, 1]"
workload,er25,80009,34340933,0.25,qaoa_p1,1,hybrid_level3,29,qiskit_fallback,density 0.250 is below the V4 window,123,123,99,54,22.961777777777783,0.0,0.011337700008880347,0.012457699995138682,0,4.627444979301566e-15,4.362618272450104e-15,14.730009295562938,14.730009295563072,False,0,nan,nan,0.0,"[9, 14, 12, 11, 13, 6, 0, 4, 3, 7, 15, 5, 10, 2, 8, 1]"
workload,er25,80009,34340933,0.25,qaoa_p1,1,stock_level3,47,stock_qiskit,stock Qiskit Level 3 baseline,123,123,119,64,24.938666666666673,0.0,0.011011300011887215,0.011580999998841435,0,6.038685081945146e-15,5.8969242845251684e-15,14.730009295562938,14.730009295563114,False,0,nan,nan,0.0,"[3, 1, 4, 2, 0, 10, 15, 11, 9, 12, 6, 8, 7, 14, 5, 13]"
workload,er25,80009,34340933,0.25,qaoa_p1,1,hybrid_level3,47,qiskit_fallback,density 0.250 is below the V4 window,123,123,119,64,24.938666666666673,0.0,0.011287999994237907,0.012236400012625381,0,6.038685081945146e-15,5.8969242845251684e-15,14.730009295562938,14.730009295563114,False,0,nan,nan,0.0,"[3, 1, 4, 2, 0, 10, 15, 11, 9, 12, 6, 8, 7, 14, 5, 13]"
workload,er25,80009,34340933,0.25,qaoa_p2,2,stock_level3,11,stock_qiskit,stock Qiskit Level 3 baseline,307,307,234,137,53.68888888888895,0.0,0.016826499995659105,0.017811500001698732,0,7.863041672612056e-15,7.305540141880121e-15,15.015193866676581,15.015193866676796,False,0,nan,nan,0.0,"[7, 15, 6, 13, 1, 2, 3, 5, 14, 9, 0, 12, 4, 11, 10, 8]"
workload,er25,80009,34340933,0.25,qaoa_p2,2,hybrid_level3,11,qiskit_fallback,density 0.250 is below the V4 window,307,307,234,137,53.68888888888895,0.0,0.016561700002057478,0.01815560000250116,0,7.863041672612056e-15,7.305540141880121e-15,15.015193866676581,15.015193866676796,False,0,nan,nan,0.0,"[7, 15, 6, 13, 1, 2, 3, 5, 14, 9, 0, 12, 4, 11, 10, 8]"
workload,er25,80009,34340933,0.25,qaoa_p2,2,stock_level3,29,stock_qiskit,stock Qiskit Level 3 baseline,288,288,193,105,43.21422222222225,0.0,0.016467300010845065,0.01736729999538511,0,7.042647264137565e-15,6.4293889807090885e-15,15.015193866676581,15.015193866676768,False,0,nan,nan,0.0,"[13, 9, 12, 14, 10, 7, 0, 1, 5, 4, 6, 8, 15, 3, 11, 2]"
workload,er25,80009,34340933,0.25,qaoa_p2,2,hybrid_level3,29,qiskit_fallback,density 0.250 is below the V4 window,288,288,193,105,43.21422222222225,0.0,0.01746350000030361,0.01913559999957215,0,7.042647264137565e-15,6.4293889807090885e-15,15.015193866676581,15.015193866676768,False,0,nan,nan,0.0,"[13, 9, 12, 14, 10, 7, 0, 1, 5, 4, 6, 8, 15, 3, 11, 2]"
workload,er25,80009,34340933,0.25,qaoa_p2,2,stock_level3,47,stock_qiskit,stock Qiskit Level 3 baseline,291,291,198,115,45.461333333333414,0.0,0.016121799999382347,0.016998899998725392,0,8.098989393242974e-15,7.593014135309912e-15,15.015193866676581,15.015193866676805,False,0,nan,nan,0.0,"[15, 6, 1, 4, 3, 9, 5, 11, 7, 8, 2, 12, 0, 13, 10, 14]"
workload,er25,80009,34340933,0.25,qaoa_p2,2,hybrid_level3,47,qiskit_fallback,density 0.250 is below the V4 window,291,291,198,115,45.461333333333414,0.0,0.016661899993778206,0.018269099993631244,0,8.098989393242974e-15,7.593014135309912e-15,15.015193866676581,15.015193866676805,False,0,nan,nan,0.0,"[15, 6, 1, 4, 3, 9, 5, 11, 7, 8, 2, 12, 0, 13, 10, 14]"
workload,er25,80010,34340934,0.25,qaoa_p1,1,stock_level3,11,stock_qiskit,stock Qiskit Level 3 baseline,123,123,105,55,23.11822222222223,0.0,0.01103940000757575,0.011646200000541285,0,5.392661192283428e-15,5.008181657042893e-15,14.918110445548836,14.918110445548983,False,0,nan,nan,0.0,"[15, 9, 12, 3, 14, 5, 2, 10, 11, 8, 7, 0, 6, 4, 1, 13]"
workload,er25,80010,34340934,0.25,qaoa_p1,1,hybrid_level3,11,qiskit_fallback,density 0.250 is below the V4 window,123,123,105,55,23.11822222222223,0.0,0.010863799994695,0.011873399998876266,0,5.392661192283428e-15,5.008181657042893e-15,14.918110445548836,14.918110445548983,False,0,nan,nan,0.0,"[15, 9, 12, 3, 14, 5, 2, 10, 11, 8, 7, 0, 6, 4, 1, 13]"
workload,er25,80010,34340934,0.25,qaoa_p1,1,stock_level3,29,stock_qiskit,stock Qiskit Level 3 baseline,119,119,116,53,21.034666666666674,0.0,0.011984500000835396,0.012563799988129176,0,4.9519007457796215e-15,4.535534590702133e-15,14.918110445548836,14.918110445548969,False,0,nan,nan,0.0,"[5, 0, 9, 1, 6, 4, 7, 11, 3, 2, 14, 15, 10, 13, 12, 8]"
workload,er25,80010,34340934,0.25,qaoa_p1,1,hybrid_level3,29,qiskit_fallback,density 0.250 is below the V4 window,119,119,116,53,21.034666666666674,0.0,0.011332099995343015,0.012367400006041862,0,4.9519007457796215e-15,4.535534590702133e-15,14.918110445548836,14.918110445548969,False,0,nan,nan,0.0,"[5, 0, 9, 1, 6, 4, 7, 11, 3, 2, 14, 15, 10, 13, 12, 8]"
workload,er25,80010,34340934,0.25,qaoa_p1,1,stock_level3,47,stock_qiskit,stock Qiskit Level 3 baseline,110,110,109,46,18.808888888888895,0.0,0.01184310000098776,0.012491299989051186,0,5.093067019357718e-15,4.7356627680797836e-15,14.918110445548836,14.918110445548974,False,0,nan,nan,0.0,"[5, 0, 8, 1, 6, 4, 7, 11, 3, 2, 14, 15, 10, 13, 12, 9]"
workload,er25,80010,34340934,0.25,qaoa_p1,1,hybrid_level3,47,qiskit_fallback,density 0.250 is below the V4 window,110,110,109,46,18.808888888888895,0.0,0.011331300003803335,0.012386699992930517,0,5.093067019357718e-15,4.7356627680797836e-15,14.918110445548836,14.918110445548974,False,0,nan,nan,0.0,"[5, 0, 8, 1, 6, 4, 7, 11, 3, 2, 14, 15, 10, 13, 12, 9]"
workload,er25,80010,34340934,0.25,qaoa_p2,2,stock_level3,11,stock_qiskit,stock Qiskit Level 3 baseline,289,289,206,123,49.31555555555559,0.0,0.015853500008233823,0.016801500009023584,0,9.374822746889824e-15,9.145844598011226e-15,14.88958857570978,14.889588575710055,False,0,nan,nan,0.0,"[5, 15, 8, 12, 13, 6, 2, 10, 11, 14, 7, 0, 3, 4, 1, 9]"
workload,er25,80010,34340934,0.25,qaoa_p2,2,hybrid_level3,11,qiskit_fallback,density 0.250 is below the V4 window,289,289,206,123,49.31555555555559,0.0,0.029866600001696497,0.03324140000040643,0,9.374822746889824e-15,9.145844598011226e-15,14.88958857570978,14.889588575710055,False,0,nan,nan,0.0,"[5, 15, 8, 12, 13, 6, 2, 10, 11, 14, 7, 0, 3, 4, 1, 9]"
workload,er25,80010,34340934,0.25,qaoa_p2,2,stock_level3,29,stock_qiskit,stock Qiskit Level 3 baseline,286,286,207,120,45.73866666666675,0.0,0.017690499997115694,0.018887300000642426,0,8.382481643539845e-15,8.055451875899082e-15,14.88958857570978,14.88958857571002,False,0,nan,nan,0.0,"[9, 0, 11, 1, 5, 6, 4, 14, 3, 2, 13, 7, 15, 12, 10, 8]"
workload,er25,80010,34340934,0.25,qaoa_p2,2,hybrid_level3,29,qiskit_fallback,density 0.250 is below the V4 window,286,286,207,120,45.73866666666675,0.0,0.06856309999420773,0.07047089999832679,0,8.382481643539845e-15,8.055451875899082e-15,14.88958857570978,14.88958857571002,False,0,nan,nan,0.0,"[9, 0, 11, 1, 5, 6, 4, 14, 3, 2, 13, 7, 15, 12, 10, 8]"
workload,er25,80010,34340934,0.25,qaoa_p2,2,stock_level3,47,stock_qiskit,stock Qiskit Level 3 baseline,275,275,185,109,43.25688888888891,0.0,0.016512599991983734,0.01746570000250358,0,9.240464227605017e-15,8.921185351632422e-15,14.88958857570978,14.889588575710045,False,0,nan,nan,0.0,"[8, 15, 3, 12, 9, 13, 10, 2, 11, 14, 1, 6, 0, 4, 7, 5]"
workload,er25,80010,34340934,0.25,qaoa_p2,2,hybrid_level3,47,qiskit_fallback,density 0.250 is below the V4 window,275,275,185,109,43.25688888888891,0.0,0.01729420000629034,0.018944099996588193,0,9.240464227605017e-15,8.921185351632422e-15,14.88958857570978,14.889588575710045,False,0,nan,nan,0.0,"[8, 15, 3, 12, 9, 13, 10, 2, 11, 14, 1, 6, 0, 4, 7, 5]"
workload,er25,80011,34340935,0.25,qaoa_p1,1,stock_level3,11,stock_qiskit,stock Qiskit Level 3 baseline,123,123,87,41,17.42933333333334,0.0,0.014425600005779415,0.015632800001185387,0,6.706897518120312e-15,6.226688541239618e-15,14.322367738569081,14.32236773856926,False,0,nan,nan,0.0,"[8, 2, 3, 0, 5, 15, 1, 11, 4, 6, 13, 9, 14, 7, 10, 12]"
workload,er25,80011,34340935,0.25,qaoa_p1,1,hybrid_level3,11,qiskit_fallback,density 0.250 is below the V4 window,123,123,87,41,17.42933333333334,0.0,0.013553199998568743,0.014815999995335005,0,6.706897518120312e-15,6.226688541239618e-15,14.322367738569081,14.32236773856926,False,0,nan,nan,0.0,"[8, 2, 3, 0, 5, 15, 1, 11, 4, 6, 13, 9, 14, 7, 10, 12]"
workload,er25,80011,34340935,0.25,qaoa_p1,1,stock_level3,29,stock_qiskit,stock Qiskit Level 3 baseline,135,135,90,45,17.95555555555556,0.0,0.012650899996515363,0.013297199999215081,0,5.9338440504280875e-15,5.701056842935695e-15,14.322367738569081,14.322367738569243,False,0,nan,nan,0.0,"[1, 2, 7, 3, 5, 9, 8, 6, 11, 14, 15, 0, 4, 13, 12, 10]"
workload,er25,80011,34340935,0.25,qaoa_p1,1,hybrid_level3,29,qiskit_fallback,density 0.250 is below the V4 window,135,135,90,45,17.95555555555556,0.0,0.013227200004621409,0.014554800000041723,0,5.9338440504280875e-15,5.701056842935695e-15,14.322367738569081,14.322367738569243,False,0,nan,nan,0.0,"[1, 2, 7, 3, 5, 9, 8, 6, 11, 14, 15, 0, 4, 13, 12, 10]"
workload,er25,80011,34340935,0.25,qaoa_p1,1,stock_level3,47,stock_qiskit,stock Qiskit Level 3 baseline,132,132,105,55,21.347555555555566,0.0,0.01280409999890253,0.013528700001188554,0,6.176701563547699e-15,5.745126416734675e-15,14.322367738569081,14.322367738569243,False,0,nan,nan,0.0,"[5, 8, 0, 11, 9, 14, 15, 3, 13, 12, 7, 6, 2, 10, 4, 1]"
workload,er25,80011,34340935,0.25,qaoa_p1,1,hybrid_level3,47,qiskit_fallback,density 0.250 is below the V4 window,132,132,105,55,21.347555555555566,0.0,0.011709999991580844,0.012672600001678802,0,6.176701563547699e-15,5.745126416734675e-15,14.322367738569081,14.322367738569243,False,0,nan,nan,0.0,"[5, 8, 0, 11, 9, 14, 15, 3, 13, 12, 7, 6, 2, 10, 4, 1]"
workload,er25,80011,34340935,0.25,qaoa_p2,2,stock_level3,11,stock_qiskit,stock Qiskit Level 3 baseline,292,292,198,111,41.60000000000002,0.0,0.022340099996654317,0.023288900003535673,0,6.918885233565579e-15,6.4290215497176306e-15,14.955131350442702,14.955131350442896,False,0,nan,nan,0.0,"[13, 12, 7, 9, 14, 8, 0, 6, 11, 5, 4, 15, 10, 3, 2, 1]"
workload,er25,80011,34340935,0.25,qaoa_p2,2,hybrid_level3,11,qiskit_fallback,density 0.250 is below the V4 window,292,292,198,111,41.60000000000002,0.0,0.017098099997383542,0.018683300004340708,0,6.918885233565579e-15,6.4290215497176306e-15,14.955131350442702,14.955131350442896,False,0,nan,nan,0.0,"[13, 12, 7, 9, 14, 8, 0, 6, 11, 5, 4, 15, 10, 3, 2, 1]"
workload,er25,80011,34340935,0.25,qaoa_p2,2,stock_level3,29,stock_qiskit,stock Qiskit Level 3 baseline,301,301,183,114,43.036444444444506,0.0,0.016209299996262416,0.017148300001281314,0,7.374355395761776e-15,7.08698354452167e-15,14.955131350442702,14.955131350442912,False,0,nan,nan,0.0,"[6, 14, 15, 5, 9, 8, 11, 13, 3, 2, 4, 0, 12, 1, 7, 10]"
workload,er25,80011,34340935,0.25,qaoa_p2,2,hybrid_level3,29,qiskit_fallback,density 0.250 is below the V4 window,301,301,183,114,43.036444444444506,0.0,0.017029900001944043,0.018624199990881607,0,7.374355395761776e-15,7.08698354452167e-15,14.955131350442702,14.955131350442912,False,0,nan,nan,0.0,"[6, 14, 15, 5, 9, 8, 11, 13, 3, 2, 4, 0, 12, 1, 7, 10]"
workload,er25,80011,34340935,0.25,qaoa_p2,2,stock_level3,47,stock_qiskit,stock Qiskit Level 3 baseline,311,311,177,114,43.96800000000007,0.0,0.015811099990969524,0.01691679999930784,0,7.580654341435872e-15,7.346934368396602e-15,14.955131350442702,14.955131350442924,False,0,nan,nan,0.0,"[6, 14, 12, 2, 9, 8, 15, 13, 1, 7, 10, 0, 11, 4, 3, 5]"
workload,er25,80011,34340935,0.25,qaoa_p2,2,hybrid_level3,47,qiskit_fallback,density 0.250 is below the V4 window,311,311,177,114,43.96800000000007,0.0,0.016993099998217076,0.01864979999663774,0,7.580654341435872e-15,7.346934368396602e-15,14.955131350442702,14.955131350442924,False,0,nan,nan,0.0,"[6, 14, 12, 2, 9, 8, 15, 13, 1, 7, 10, 0, 11, 4, 3, 5]"
workload,er50,80000,35340924,0.5,qaoa_p1,1,stock_level3,11,stock_qiskit,stock Qiskit Level 3 baseline,288,288,208,111,44.16000000000005,0.0,0.017186999990371987,0.018050200000288896,0,8.751815011197367e-15,8.557640335864295e-15,21.719650153807386,21.719650153807763,False,0,nan,nan,0.0,"[3, 0, 1, 5, 9, 4, 6, 2, 15, 10, 8, 7, 14, 13, 11, 12]"
workload,er50,80000,35340924,0.5,qaoa_p1,1,hybrid_level3,11,v4_beam,"supported QAOA with density 0.500 inside [0.45, 0.80]",249,249,156,92,35.09333333333336,0.4165130000037607,0.014668999996501952,0.43209039999055676,46,7.629350944323524e-15,7.399581603890837e-15,21.719650153807386,21.719650153807713,False,0,nan,nan,0.0,"[0, 2, 14, 3, 7, 8, 12, 6, 13, 15, 10, 11, 1, 5, 4, 9]"
workload,er50,80000,35340924,0.5,qaoa_p1,1,stock_level3,29,stock_qiskit,stock Qiskit Level 3 baseline,286,286,230,131,51.37777777777786,0.0,0.016504400002304465,0.017302200008998625,0,9.294710267317193e-15,9.115612838290776e-15,21.719650153807386,21.719650153807784,False,0,nan,nan,0.0,"[2, 3, 0, 1, 7, 6, 4, 15, 10, 9, 13, 5, 8, 14, 12, 11]"
workload,er50,80000,35340924,0.5,qaoa_p1,1,hybrid_level3,29,v4_beam,"supported QAOA with density 0.500 inside [0.45, 0.80]",248,248,149,87,33.58577777777779,0.6251067999983206,0.016274199995677918,0.6424070000066422,46,7.551879103509695e-15,7.335291485922003e-15,21.719650153807386,21.71965015380771,False,0,nan,nan,0.0,"[7, 11, 12, 5, 6, 13, 1, 4, 2, 10, 15, 8, 14, 9, 0, 3]"
workload,er50,80000,35340924,0.5,qaoa_p1,1,stock_level3,47,stock_qiskit,stock Qiskit Level 3 baseline,304,304,210,135,53.04177777777787,0.0,0.017022300002281554,0.01791840000078082,0,7.159544013246656e-15,6.955763429534702e-15,21.719650153807386,21.719650153807688,False,0,nan,nan,0.0,"[8, 5, 9, 11, 15, 14, 13, 6, 12, 0, 1, 2, 3, 7, 10, 4]"
workload,er50,80000,35340924,0.5,qaoa_p1,1,hybrid_level3,47,v4_beam,"supported QAOA with density 0.500 inside [0.45, 0.80]",246,246,156,91,34.95822222222225,0.4136099000024842,0.0131410999892978,0.42785100000037346,46,7.40905463716176e-15,7.172720323966391e-15,21.719650153807386,21.719650153807702,False,0,nan,nan,0.0,"[0, 2, 12, 3, 7, 8, 13, 6, 14, 10, 15, 11, 1, 5, 4, 9]"
workload,er50,80000,35340924,0.5,qaoa_p2,2,stock_level3,11,stock_qiskit,stock Qiskit Level 3 baseline,631,631,386,220,89.13066666666693,0.0,0.029715199998463504,0.031182500009890646,0,1.4423229899795372e-14,1.4127607743134205e-14,29.983193916832434,29.98319391683328,False,0,nan,nan,0.0,"[9, 2, 3, 8, 5, 11, 14, 15, 12, 6, 1, 0, 13, 7, 10, 4]"
workload,er50,80000,35340924,0.5,qaoa_p2,2,hybrid_level3,11,v4_beam,"supported QAOA with density 0.500 inside [0.45, 0.80]",514,514,314,190,75.13600000000017,0.7795757999992929,0.021742099997936748,0.8029520999989472,89,1.2229759484377373e-14,1.1917292608340168e-14,29.983193916832434,29.98319391683315,False,0,nan,nan,0.0,"[0, 8, 5, 3, 10, 11, 7, 6, 2, 1, 12, 9, 15, 14, 13, 4]"
workload,er50,80000,35340924,0.5,qaoa_p2,2,stock_level3,29,stock_qiskit,stock Qiskit Level 3 baseline,643,643,428,239,91.61955555555588,0.0,0.03004019999934826,0.03171190001012292,0,1.2714178078772088e-14,1.2379101293428032e-14,29.983193916832434,29.98319391683317,False,0,nan,nan,0.0,"[2, 6, 4, 1, 0, 15, 10, 7, 8, 13, 5, 12, 3, 11, 9, 14]"
workload,er50,80000,35340924,0.5,qaoa_p2,2,hybrid_level3,29,v4_beam,"supported QAOA with density 0.500 inside [0.45, 0.80]",521,521,334,192,75.15733333333354,0.8196065000083763,0.030387999999220483,0.8516563000011956,89,1.2904139225220516e-14,1.2554752205733546e-14,29.983193916832434,29.983193916833184,False,0,nan,nan,0.0,"[0, 9, 5, 3, 10, 11, 7, 6, 2, 1, 12, 8, 15, 14, 13, 4]"
workload,er50,80000,35340924,0.5,qaoa_p2,2,stock_level3,47,stock_qiskit,stock Qiskit Level 3 baseline,610,610,402,231,89.5715555555558,0.0,0.029970800009323284,0.03134370000043418,0,1.551052704297138e-14,1.5161841701466374e-14,29.983193916832434,29.983193916833336,False,0,nan,nan,0.0,"[2, 9, 8, 5, 3, 11, 15, 14, 4, 0, 13, 1, 6, 10, 12, 7]"
workload,er50,80000,35340924,0.5,qaoa_p2,2,hybrid_level3,47,v4_beam,"supported QAOA with density 0.500 inside [0.45, 0.80]",514,514,304,188,72.99555555555575,0.7044015999999829,0.01848650000465568,0.7244516000064323,89,1.1534349706033852e-14,1.1195622316751797e-14,29.983193916832434,29.983193916833105,False,0,nan,nan,0.0,"[0, 11, 3, 2, 4, 7, 15, 6, 8, 5, 1, 9, 13, 10, 14, 12]"
workload,er50,80001,35340925,0.5,qaoa_p1,1,stock_level3,11,stock_qiskit,stock Qiskit Level 3 baseline,293,293,244,131,52.864000000000054,0.0,0.01628349999373313,0.01714949999586679,0,8.667968646447635e-15,8.356663050598021e-15,29.37382901702684,29.37382901702734,False,0,nan,nan,0.0,"[9, 11, 8, 15, 13, 14, 5, 0, 6, 10, 12, 3, 7, 2, 4, 1]"
workload,er50,80001,35340925,0.5,qaoa_p1,1,hybrid_level3,11,v4_beam,"supported QAOA with density 0.500 inside [0.45, 0.80]",235,235,156,69,27.719111111111125,0.3576136000046972,0.012720099999569356,0.37124320000293665,48,8.861287544789745e-15,8.601267787440364e-15,29.37382901702684,29.373829017027354,False,0,nan,nan,0.0,"[15, 3, 6, 7, 11, 0, 1, 9, 12, 8, 14, 4, 2, 5, 13, 10]"
workload,er50,80001,35340925,0.5,qaoa_p1,1,stock_level3,29,stock_qiskit,stock Qiskit Level 3 baseline,292,292,224,133,52.40888888888895,0.0,0.016465900000184774,0.01731530000688508,0,7.91981574819174e-15,7.50334113189039e-15,29.37382901702684,29.373829017027283,False,0,nan,nan,0.0,"[14, 9, 11, 5, 0, 8, 13, 15, 12, 3, 2, 6, 10, 1, 7, 4]"
workload,er50,80001,35340925,0.5,qaoa_p1,1,hybrid_level3,29,v4_beam,"supported QAOA with density 0.500 inside [0.45, 0.80]",235,235,156,69,27.719111111111125,0.3561640999978408,0.012754700001096353,0.3698164000088582,48,8.861287544789745e-15,8.601267787440364e-15,29.37382901702684,29.373829017027354,False,0,nan,nan,0.0,"[15, 2, 6, 7, 11, 0, 1, 9, 12, 8, 14, 4, 5, 3, 13, 10]"
workload,er50,80001,35340925,0.5,qaoa_p1,1,stock_level3,47,stock_qiskit,stock Qiskit Level 3 baseline,294,294,216,127,50.44622222222228,0.0,0.016240400000242516,0.017057400007615797,0,8.686377541706746e-15,8.187976341247747e-15,29.37382901702684,29.373829017027326,False,0,nan,nan,0.0,"[15, 5, 14, 8, 11, 9, 2, 0, 12, 3, 1, 6, 13, 4, 10, 7]"
workload,er50,80001,35340925,0.5,qaoa_p1,1,hybrid_level3,47,v4_beam,"supported QAOA with density 0.500 inside [0.45, 0.80]",236,236,152,67,28.380444444444453,0.3996525000111433,0.012808499988750555,0.4133179999917047,48,9.603066040128092e-15,9.364630211217782e-15,29.37382901702684,29.373829017027397,False,0,nan,nan,0.0,"[12, 3, 6, 7, 14, 0, 1, 9, 15, 11, 8, 4, 2, 5, 13, 10]"
workload,er50,80001,35340925,0.5,qaoa_p2,2,stock_level3,11,stock_qiskit,stock Qiskit Level 3 baseline,627,627,415,245,93.58222222222248,0.0,0.025969299997086637,0.02731330000096932,0,1.3155874735005545e-14,1.2802072649551438e-14,30.02190456159805,30.021904561598816,False,0,nan,nan,0.0,"[5, 8, 9, 14, 11, 15, 6, 0, 3, 2, 12, 13, 1, 10, 4, 7]"
workload,er50,80001,35340925,0.5,qaoa_p2,2,hybrid_level3,11,v4_beam,"supported QAOA with density 0.500 inside [0.45, 0.80]",462,462,342,167,68.78577777777791,0.6801689000130864,0.01940820000891108,0.7011405999946874,90,1.4035183363144498e-14,1.3424812461134738e-14,30.02190456159805,30.021904561598856,False,0,nan,nan,0.0,"[7, 3, 12, 2, 14, 4, 15, 6, 0, 9, 11, 13, 10, 1, 5, 8]"
workload,er50,80001,35340925,0.5,qaoa_p2,2,stock_level3,29,stock_qiskit,stock Qiskit Level 3 baseline,645,645,446,262,108.61511111111157,0.0,0.025604399997973815,0.02695710000989493,0,1.2451537740939433e-14,1.206366573495509e-14,30.02190456159805,30.02190456159877,False,0,nan,nan,0.0,"[8, 11, 9, 14, 13, 10, 0, 15, 7, 6, 12, 5, 4, 3, 1, 2]"
workload,er50,80001,35340925,0.5,qaoa_p2,2,hybrid_level3,29,v4_beam,"supported QAOA with density 0.500 inside [0.45, 0.80]",488,488,326,169,68.52266666666682,0.6784402000048431,0.019604899993282743,0.6994561000028625,90,1.3730612135296714e-14,1.3075447083243202e-14,30.02190456159805,30.021904561598834,False,0,nan,nan,0.0,"[4, 0, 12, 3, 11, 7, 15, 1, 10, 9, 8, 13, 6, 2, 5, 14]"
workload,er50,80001,35340925,0.5,qaoa_p2,2,stock_level3,47,stock_qiskit,stock Qiskit Level 3 baseline,648,648,472,280,106.95111111111142,0.0,0.026286699998308904,0.027653199998894706,0,1.1583392284928963e-14,1.1092486945425006e-14,30.02190456159805,30.021904561598717,False,0,nan,nan,0.0,"[15, 2, 9, 3, 5, 8, 1, 0, 4, 11, 14, 13, 12, 10, 7, 6]"
workload,er50,80001,35340925,0.5,qaoa_p2,2,hybrid_level3,47,v4_beam,"supported QAOA with density 0.500 inside [0.45, 0.80]",468,468,351,170,67.59111111111125,0.6926934000075562,0.019537299987860024,0.7136958000046434,90,1.3411266328929347e-14,1.2791335539091975e-14,30.02190456159805,30.021904561598816,False,0,nan,nan,0.0,"[4, 0, 12, 3, 11, 7, 15, 1, 10, 9, 8, 13, 6, 2, 5, 14]"
workload,er50,80002,35340926,0.5,qaoa_p1,1,stock_level3,11,stock_qiskit,stock Qiskit Level 3 baseline,294,294,182,110,42.30400000000005,0.0,0.015810500000952743,0.016659000000800006,0,7.396026540242167e-15,7.1492781341405e-15,29.99901751006258,29.999017510063,False,0,nan,nan,0.0,"[9, 14, 8, 11, 15, 5, 3, 6, 0, 1, 4, 10, 12, 2, 13, 7]"
workload,er50,80002,35340926,0.5,qaoa_p1,1,hybrid_level3,11,v4_beam,"supported QAOA with density 0.500 inside [0.45, 0.80]",242,242,161,80,30.99733333333336,0.49353530000371393,0.01405240000167396,0.5088329000136582,53,8.674827442572229e-15,8.437976141110957e-15,29.99901751006258,29.99901751006308,False,0,nan,nan,0.0,"[1, 15, 13, 0, 8, 6, 14, 3, 4, 12, 7, 5, 9, 2, 10, 11]"
workload,er50,80002,35340926,0.5,qaoa_p1,1,stock_level3,29,stock_qiskit,stock Qiskit Level 3 baseline,284,284,210,110,45.23377777777781,0.0,0.017109299995354377,0.01792169999680482,0,8.563355494036327e-15,8.302854288223348e-15,29.99901751006258,29.999017510063076,False,0,nan,nan,0.0,"[7, 6, 10, 4, 15, 1, 0, 3, 2, 14, 9, 12, 5, 11, 8, 13]"
workload,er50,80002,35340926,0.5,qaoa_p1,1,hybrid_level3,29,v4_beam,"supported QAOA with density 0.500 inside [0.45, 0.80]",253,253,159,81,31.815111111111136,0.4577028000057908,0.013522199995350093,0.4721256000048015,53,8.893433047778417e-15,8.696545943474551e-15,29.99901751006258,29.999017510063098,False,0,nan,nan,0.0,"[6, 12, 15, 0, 8, 1, 14, 3, 4, 13, 7, 5, 9, 2, 10, 11]"
workload,er50,80002,35340926,0.5,qaoa_p1,1,stock_level3,47,stock_qiskit,stock Qiskit Level 3 baseline,290,290,162,105,39.132444444444495,0.0,0.01565530001244042,0.016441300002043135,0,6.179677925181861e-15,5.862208537981573e-15,29.99901751006258,29.999017510062927,False,0,nan,nan,0.0,"[9, 5, 8, 11, 3, 13, 14, 4, 7, 10, 0, 15, 2, 6, 1, 12]"
workload,er50,80002,35340926,0.5,qaoa_p1,1,hybrid_level3,47,v4_beam,"supported QAOA with density 0.500 inside [0.45, 0.80]",250,250,165,79,31.409777777777794,0.45347140000376385,0.012911500001791865,0.4672456999978749,53,8.894269143890714e-15,8.775056546563296e-15,29.99901751006258,29.999017510063098,False,0,nan,nan,0.0,"[11, 15, 13, 5, 1, 3, 14, 7, 2, 12, 0, 4, 9, 8, 6, 10]"
workload,er50,80002,35340926,0.5,qaoa_p2,2,stock_level3,11,stock_qiskit,stock Qiskit Level 3 baseline,633,633,396,245,94.58488888888924,0.0,0.0277734999981476,0.02929809999477584,0,1.0100388319395829e-14,9.534881193578499e-15,29.99313392721868,29.99313392721925,False,0,nan,nan,0.0,"[9, 8, 5, 11, 3, 14, 15, 2, 13, 6, 10, 4, 0, 12, 1, 7]"
workload,er50,80002,35340926,0.5,qaoa_p2,2,hybrid_level3,11,v4_beam,"supported QAOA with density 0.500 inside [0.45, 0.80]",491,491,335,177,70.11555555555576,0.7671174999995856,0.01920139999128878,0.7877387000044109,94,1.3092903472877366e-14,1.2633261816257254e-14,29.99313392721868,29.99313392721944,False,0,nan,nan,0.0,"[4, 9, 0, 2, 7, 5, 13, 3, 14, 8, 6, 11, 12, 15, 10, 1]"
workload,er50,80002,35340926,0.5,qaoa_p2,2,stock_level3,29,stock_qiskit,stock Qiskit Level 3 baseline,617,617,353,209,81.7706666666669,0.0,0.02623390000371728,0.02761800000735093,0,1.2243035801682616e-14,1.16345518834097e-14,29.99313392721868,29.99313392721938,False,0,nan,nan,0.0,"[9, 5, 0, 3, 15, 2, 1, 8, 4, 10, 13, 6, 14, 12, 11, 7]"
workload,er50,80002,35340926,0.5,qaoa_p2,2,hybrid_level3,29,v4_beam,"supported QAOA with density 0.500 inside [0.45, 0.80]",497,497,338,176,69.87377777777797,0.8032932999922195,0.01986679999390617,0.8245683999994071,94,1.3908835048662476e-14,1.3471298223092336e-14,29.99313392721868,29.993133927219485,False,0,nan,nan,0.0,"[4, 9, 0, 2, 7, 5, 13, 3, 14, 8, 6, 11, 12, 15, 10, 1]"
workload,er50,80002,35340926,0.5,qaoa_p2,2,stock_level3,47,stock_qiskit,stock Qiskit Level 3 baseline,661,661,395,275,104.15644444444473,0.0,0.02523089999158401,0.026566999993519858,0,1.1552263376364934e-14,1.1065115309878296e-14,29.99313392721868,29.993133927219347,False,0,nan,nan,0.0,"[10, 6, 0, 7, 12, 1, 4, 15, 3, 2, 13, 9, 11, 5, 14, 8]"
workload,er50,80002,35340926,0.5,qaoa_p2,2,hybrid_level3,47,v4_beam,"supported QAOA with density 0.500 inside [0.45, 0.80]",490,490,344,181,70.44266666666684,0.772653399995761,0.019727200007764623,0.7938413999945624,94,1.3320736060884862e-14,1.2837628411578013e-14,29.99313392721868,29.993133927219457,False,0,nan,nan,0.0,"[6, 5, 2, 0, 10, 11, 13, 3, 14, 8, 7, 9, 12, 15, 1, 4]"
workload,er50,80003,35340927,0.5,qaoa_p1,1,stock_level3,11,stock_qiskit,stock Qiskit Level 3 baseline,289,289,183,109,43.29955555555558,0.0,0.020955600004526787,0.02320319999125786,0,7.839217301566687e-15,7.340432431436354e-15,30.151614357850953,30.1516143578514,False,0,nan,nan,0.0,"[15, 9, 14, 8, 11, 5, 0, 13, 12, 6, 3, 10, 1, 4, 2, 7]"
workload,er50,80003,35340927,0.5,qaoa_p1,1,hybrid_level3,11,v4_beam,"supported QAOA with density 0.500 inside [0.45, 0.80]",216,216,139,68,27.7688888888889,0.35635229999024887,0.013182100010453723,0.37044140000944026,46,8.497282342312587e-15,8.191579463830788e-15,30.151614357850953,30.151614357851447,False,0,nan,nan,0.0,"[1, 9, 6, 5, 14, 7, 4, 15, 12, 2, 8, 10, 0, 3, 11, 13]"
workload,er50,80003,35340927,0.5,qaoa_p1,1,stock_level3,29,stock_qiskit,stock Qiskit Level 3 baseline,292,292,205,120,46.89777777777784,0.0,0.01614490000065416,0.016936000014538877,0,7.340378635068472e-15,6.96453192197014e-15,30.151614357850953,30.15161435785137,False,0,nan,nan,0.0,"[2, 3, 6, 15, 0, 5, 9, 1, 4, 8, 11, 7, 13, 12, 14, 10]"
workload,er50,80003,35340927,0.5,qaoa_p1,1,hybrid_level3,29,v4_beam,"supported QAOA with density 0.500 inside [0.45, 0.80]",218,218,137,65,27.733333333333345,0.3546392999996897,0.012708499998552725,0.3682130999950459,46,8.36829654169761e-15,8.049500671887414e-15,30.151614357850953,30.15161435785144,False,0,nan,nan,0.0,"[4, 9, 6, 2, 14, 1, 7, 15, 12, 3, 8, 10, 0, 5, 11, 13]"
workload,er50,80003,35340927,0.5,qaoa_p1,1,stock_level3,47,stock_qiskit,stock Qiskit Level 3 baseline,291,291,226,127,49.379555555555626,0.0,0.01640629999747034,0.01728970000112895,0,8.680246652204982e-15,8.281966570075928e-15,30.151614357850953,30.151614357851447,False,0,nan,nan,0.0,"[0, 5, 3, 2, 7, 9, 13, 1, 4, 15, 8, 6, 14, 12, 11, 10]"
workload,er50,80003,35340927,0.5,qaoa_p1,1,hybrid_level3,47,v4_beam,"supported QAOA with density 0.500 inside [0.45, 0.80]",220,220,142,71,28.700444444444457,0.35861490000388585,0.013256499994895421,0.37282129999948665,46,8.58593512022548e-15,8.269485002964713e-15,30.151614357850953,30.151614357851447,False,0,nan,nan,0.0,"[0, 9, 6, 2, 14, 7, 1, 15, 12, 3, 8, 10, 4, 5, 11, 13]"
workload,er50,80003,35340927,0.5,qaoa_p2,2,stock_level3,11,stock_qiskit,stock Qiskit Level 3 baseline,643,643,424,244,98.1191111111115,0.0,0.026930199994239956,0.02833919999829959,0,1.2981905244139705e-14,1.2541947954696355e-14,22.556630853626316,22.55663085362689,False,0,nan,nan,0.0,"[11, 14, 12, 15, 9, 13, 8, 0, 5, 6, 4, 3, 7, 1, 10, 2]"
workload,er50,80003,35340927,0.5,qaoa_p2,2,hybrid_level3,11,v4_beam,"supported QAOA with density 0.500 inside [0.45, 0.80]",445,445,323,164,64.95288888888904,0.7005932999891229,0.02052420000836719,0.722647099988535,90,1.3942940664854219e-14,1.3122735823923884e-14,22.556630853626316,22.556630853626913,False,0,nan,nan,0.0,"[1, 4, 10, 8, 2, 5, 14, 12, 13, 9, 0, 11, 7, 6, 3, 15]"
workload,er50,80003,35340927,0.5,qaoa_p2,2,stock_level3,29,stock_qiskit,stock Qiskit Level 3 baseline,669,669,433,275,105.07377777777816,0.0,0.027250799990724772,0.028664999990724027,0,1.0562687418751154e-14,9.986865881075154e-15,22.556630853626316,22.55663085362677,False,0,nan,nan,0.0,"[7, 0, 12, 15, 10, 6, 4, 13, 14, 9, 1, 5, 3, 8, 2, 11]"
workload,er50,80003,35340927,0.5,qaoa_p2,2,hybrid_level3,29,v4_beam,"supported QAOA with density 0.500 inside [0.45, 0.80]",449,449,330,165,68.10311111111125,0.7000314999895636,0.022891400003572926,0.7243825000041397,90,1.4453397895349982e-14,1.3066411927131395e-14,22.556630853626316,22.556630853626913,False,0,nan,nan,0.0,"[0, 6, 2, 9, 1, 11, 8, 3, 12, 14, 4, 13, 7, 15, 5, 10]"
workload,er50,80003,35340927,0.5,qaoa_p2,2,stock_level3,47,stock_qiskit,stock Qiskit Level 3 baseline,639,639,386,242,94.66311111111129,0.0,0.02651039999909699,0.027866000003996305,0,1.0116469237384944e-14,9.551445072568823e-15,22.556630853626316,22.55663085362675,False,0,nan,nan,0.0,"[1, 0, 2, 9, 4, 3, 15, 5, 7, 13, 8, 6, 14, 12, 11, 10]"
workload,er50,80003,35340927,0.5,qaoa_p2,2,hybrid_level3,47,v4_beam,"supported QAOA with density 0.500 inside [0.45, 0.80]",427,427,311,151,59.6480000000001,0.7300290999992285,0.020113099992158823,0.7515687999984948,90,1.4346494136541038e-14,1.356478720552545e-14,22.556630853626316,22.55663085362693,False,0,nan,nan,0.0,"[1, 4, 10, 5, 2, 3, 14, 12, 13, 9, 0, 11, 7, 6, 8, 15]"
workload,er50,80004,35340928,0.5,qaoa_p1,1,stock_level3,11,stock_qiskit,stock Qiskit Level 3 baseline,306,306,221,133,50.31822222222232,0.0,0.0170287999935681,0.017904899999848567,0,7.813596499990166e-15,7.6159763581776e-15,20.656674680205793,20.65667468020611,False,0,nan,nan,0.0,"[9, 0, 2, 11, 3, 5, 6, 8, 15, 4, 14, 1, 12, 13, 7, 10]"
workload,er50,80004,35340928,0.5,qaoa_p1,1,hybrid_level3,11,v4_beam,"supported QAOA with density 0.500 inside [0.45, 0.80]",246,246,141,79,31.153777777777798,0.4083412000036333,0.013695999994524755,0.422961900010705,50,9.92464575889835e-15,9.747810743312025e-15,20.656674680205793,20.656674680206198,False,0,nan,nan,0.0,"[7, 9, 13, 6, 11, 8, 2, 5, 12, 1, 10, 4, 0, 14, 3, 15]"
workload,er50,80004,35340928,0.5,qaoa_p1,1,stock_level3,29,stock_qiskit,stock Qiskit Level 3 baseline,310,310,225,142,55.35288888888901,0.0,0.015824000001884997,0.016647299999021925,0,7.277912514006492e-15,7.020052198396746e-15,20.656674680205793,20.656674680206088,False,0,nan,nan,0.0,"[3, 1, 0, 9, 6, 2, 7, 15, 5, 8, 13, 4, 14, 11, 10, 12]"
workload,er50,80004,35340928,0.5,qaoa_p1,1,hybrid_level3,29,v4_beam,"supported QAOA with density 0.500 inside [0.45, 0.80]",248,248,136,76,30.11555555555557,0.38572049999493174,0.01350990000355523,0.40014810000138823,50,9.416602698836707e-15,9.220112889469666e-15,20.656674680205793,20.656674680206173,False,0,nan,nan,0.0,"[4, 9, 14, 6, 11, 13, 5, 12, 1, 8, 7, 2, 0, 15, 3, 10]"
workload,er50,80004,35340928,0.5,qaoa_p1,1,stock_level3,47,stock_qiskit,stock Qiskit Level 3 baseline,285,285,204,115,43.420444444444506,0.0,0.016155099991010502,0.0169750000059139,0,7.0858979592738715e-15,6.782418817741776e-15,20.656674680205793,20.656674680206077,False,0,nan,nan,0.0,"[0, 3, 9, 6, 11, 2, 5, 1, 4, 15, 7, 8, 12, 10, 14, 13]"
workload,er50,80004,35340928,0.5,qaoa_p1,1,hybrid_level3,47,v4_beam,"supported QAOA with density 0.500 inside [0.45, 0.80]",249,249,131,76,30.179555555555567,0.44075539999175817,0.017977700001210906,0.45979150000493973,50,9.002006879722063e-15,8.782500941254651e-15,20.656674680205793,20.65667468020616,False,0,nan,nan,0.0,"[7, 9, 12, 6, 5, 14, 8, 13, 0, 11, 10, 4, 2, 15, 3, 1]"
workload,er50,80004,35340928,0.5,qaoa_p2,2,stock_level3,11,stock_qiskit,stock Qiskit Level 3 baseline,678,678,421,274,104.60444444444481,0.0,0.02731130000029225,0.028787700008251704,0,1.0675913835811556e-14,1.0300429003137252e-14,28.523409731528975,28.523409731529565,False,0,nan,nan,0.0,"[13, 9, 5, 6, 0, 2, 15, 1, 3, 14, 11, 4, 8, 7, 10, 12]"
workload,er50,80004,35340928,0.5,qaoa_p2,2,hybrid_level3,11,v4_beam,"supported QAOA with density 0.500 inside [0.45, 0.80]",535,535,328,192,73.02400000000019,0.8301891000010073,0.020851100009167567,0.8526170999975875,97,1.3848199039956721e-14,1.358361024995291e-14,28.523409731528975,28.52340973152975,False,0,nan,nan,0.0,"[9, 5, 8, 11, 2, 6, 4, 15, 3, 1, 13, 0, 14, 7, 12, 10]"
workload,er50,80004,35340928,0.5,qaoa_p2,2,stock_level3,29,stock_qiskit,stock Qiskit Level 3 baseline,647,647,417,257,98.97244444444472,0.0,0.027521099997102283,0.028947999991942197,0,1.2328400822552002e-14,1.2054660442292906e-14,28.523409731528975,28.52340973152967,False,0,nan,nan,0.0,"[9, 15, 5, 2, 0, 8, 10, 3, 11, 6, 1, 14, 7, 4, 13, 12]"
workload,er50,80004,35340928,0.5,qaoa_p2,2,hybrid_level3,29,v4_beam,"supported QAOA with density 0.500 inside [0.45, 0.80]",491,491,271,147,60.01777777777787,0.7548980999999912,0.03375429999141488,0.7910121000022627,97,1.3505965775778895e-14,1.3223826531470787e-14,28.523409731528975,28.523409731529732,False,0,nan,nan,0.0,"[9, 5, 3, 14, 8, 0, 15, 7, 11, 6, 4, 2, 1, 10, 13, 12]"
workload,er50,80004,35340928,0.5,qaoa_p2,2,stock_level3,47,stock_qiskit,stock Qiskit Level 3 baseline,635,635,381,228,90.1120000000003,0.0,0.025879699998768046,0.02723880000121426,0,1.2336900901394348e-14,1.2029337945760606e-14,28.523409731528975,28.52340973152967,False,0,nan,nan,0.0,"[8, 11, 14, 5, 15, 9, 12, 0, 3, 2, 6, 13, 4, 1, 10, 7]"
workload,er50,80004,35340928,0.5,qaoa_p2,2,hybrid_level3,47,v4_beam,"supported QAOA with density 0.500 inside [0.45, 0.80]",502,502,286,172,66.54577777777793,0.7515862000000197,0.02348109999729786,0.7765778000029968,97,1.3323875796750882e-14,1.304682603232667e-14,28.523409731528975,28.52340973152972,False,0,nan,nan,0.0,"[9, 3, 2, 8, 1, 6, 11, 12, 10, 0, 7, 5, 4, 15, 14, 13]"
workload,er50,80005,35340929,0.5,qaoa_p1,1,stock_level3,11,stock_qiskit,stock Qiskit Level 3 baseline,288,288,224,138,55.36711111111117,0.0,0.016834099995321594,0.0178343000006862,0,8.10118588254906e-15,7.839601610845654e-15,24.849550952710214,24.8495509527106,False,0,nan,nan,0.0,"[15, 9, 11, 14, 10, 8, 12, 6, 0, 13, 5, 3, 4, 2, 7, 1]"
workload,er50,80005,35340929,0.5,qaoa_p1,1,hybrid_level3,11,v4_beam,"supported QAOA with density 0.500 inside [0.45, 0.80]",250,250,163,87,33.18044444444446,0.46989120000216644,0.014185199994244613,0.4852830999880098,50,8.181810970357897e-15,7.937824045061605e-15,24.849550952710214,24.849550952710604,False,0,nan,nan,0.0,"[0, 4, 15, 7, 1, 11, 10, 9, 12, 13, 6, 3, 8, 5, 2, 14]"
workload,er50,80005,35340929,0.5,qaoa_p1,1,stock_level3,29,stock_qiskit,stock Qiskit Level 3 baseline,308,308,235,156,58.95822222222231,0.0,0.016707600007066503,0.017879699997138232,0,5.851071815199652e-15,5.586555683637362e-15,24.849550952710214,24.84955095271049,False,0,nan,nan,0.0,"[11, 8, 9, 14, 15, 5, 0, 1, 3, 2, 7, 4, 6, 12, 13, 10]"
workload,er50,80005,35340929,0.5,qaoa_p1,1,hybrid_level3,29,v4_beam,"supported QAOA with density 0.500 inside [0.45, 0.80]",252,252,173,100,38.66311111111114,0.49434600000677165,0.014535700000124052,0.5105078000051435,50,8.085977457273388e-15,7.815907439692638e-15,24.849550952710214,24.8495509527106,False,0,nan,nan,0.0,"[0, 12, 15, 4, 2, 8, 7, 9, 10, 13, 6, 3, 14, 5, 1, 11]"
workload,er50,80005,35340929,0.5,qaoa_p1,1,stock_level3,47,stock_qiskit,stock Qiskit Level 3 baseline,293,293,202,126,49.03111111111118,0.0,0.01694859999406617,0.017833099991548806,0,7.0242393409499e-15,6.786878577209634e-15,24.849550952710214,24.849550952710548,False,0,nan,nan,0.0,"[8, 9, 11, 14, 13, 3, 5, 12, 15, 1, 2, 0, 6, 4, 10, 7]"
workload,er50,80005,35340929,0.5,qaoa_p1,1,hybrid_level3,47,v4_beam,"supported QAOA with density 0.500 inside [0.45, 0.80]",250,250,163,87,33.18044444444446,0.520484500011662,0.014922699992894195,0.5364464000012958,50,8.181810970357897e-15,7.937824045061605e-15,24.849550952710214,24.849550952710604,False,0,nan,nan,0.0,"[0, 4, 15, 7, 1, 11, 10, 9, 12, 13, 6, 3, 8, 5, 2, 14]"
workload,er50,80005,35340929,0.5,qaoa_p2,2,stock_level3,11,stock_qiskit,stock Qiskit Level 3 baseline,626,626,415,262,103.53066666666702,0.0,0.02635270000610035,0.027760099997976795,0,1.064429060501295e-14,1.0348488493606875e-14,29.906077660391393,29.906077660392018,False,0,nan,nan,0.0,"[6, 0, 12, 13, 15, 4, 10, 14, 9, 7, 8, 2, 1, 5, 11, 3]"
workload,er50,80005,35340929,0.5,qaoa_p2,2,hybrid_level3,11,v4_beam,"supported QAOA with density 0.500 inside [0.45, 0.80]",490,490,401,203,79.18933333333356,0.7796134000091115,0.02182499998889398,0.8029669000097783,96,1.2251950753761758e-14,1.1925629255990694e-14,29.906077660391393,29.906077660392107,False,0,nan,nan,0.0,"[4, 0, 10, 1, 15, 9, 11, 13, 5, 8, 6, 7, 3, 14, 12, 2]"
workload,er50,80005,35340929,0.5,qaoa_p2,2,stock_level3,29,stock_qiskit,stock Qiskit Level 3 baseline,671,671,422,269,111.06133333333376,0.0,0.027310799996485002,0.028749100005370565,0,1.0885588224406278e-14,1.0633838991903963e-14,29.906077660391393,29.906077660392032,False,0,nan,nan,0.0,"[9, 14, 15, 8, 11, 12, 13, 5, 0, 7, 6, 10, 2, 1, 3, 4]"
workload,er50,80005,35340929,0.5,qaoa_p2,2,hybrid_level3,29,v4_beam,"supported QAOA with density 0.500 inside [0.45, 0.80]",497,497,345,177,67.88266666666685,0.8431485000037355,0.01981119999254588,0.8644398000033107,96,1.1887466854337705e-14,1.1545737749116518e-14,29.906077660391393,29.90607766039209,False,0,nan,nan,0.0,"[7, 0, 6, 2, 15, 3, 9, 12, 1, 5, 13, 10, 11, 8, 4, 14]"
workload,er50,80005,35340929,0.5,qaoa_p2,2,stock_level3,47,stock_qiskit,stock Qiskit Level 3 baseline,644,644,402,257,103.74400000000038,0.0,0.026274500007275492,0.027619400003459305,0,1.1005766287837523e-14,1.0729048185968029e-14,29.906077660391393,29.906077660392036,False,0,nan,nan,0.0,"[6, 0, 4, 7, 10, 1, 2, 15, 9, 5, 3, 8, 13, 11, 12, 14]"
workload,er50,80005,35340929,0.5,qaoa_p2,2,hybrid_level3,47,v4_beam,"supported QAOA with density 0.500 inside [0.45, 0.80]",489,489,416,207,81.47911111111135,0.7911613000032958,0.022161000000778586,0.8147786000045016,96,1.2774609860280406e-14,1.2438686210069537e-14,29.906077660391393,29.906077660392146,False,0,nan,nan,0.0,"[7, 0, 12, 2, 6, 9, 15, 4, 3, 5, 13, 10, 8, 14, 1, 11]"
workload,er50,80006,35340930,0.5,qaoa_p1,1,stock_level3,11,stock_qiskit,stock Qiskit Level 3 baseline,298,298,179,106,41.23733333333337,0.0,0.016724799992516637,0.017570900003192946,0,7.270353050974524e-15,7.113496772896565e-15,29.99873912066594,29.998739120666364,False,0,nan,nan,0.0,"[0, 9, 15, 13, 7, 12, 10, 6, 14, 4, 2, 3, 5, 8, 1, 11]"
workload,er50,80006,35340930,0.5,qaoa_p1,1,hybrid_level3,11,v4_beam,"supported QAOA with density 0.500 inside [0.45, 0.80]",236,236,160,85,35.56266666666668,0.42004279998946004,0.014441699997405522,0.43541560000448953,50,7.705074642279034e-15,7.523288571088056e-15,29.99873912066594,29.998739120666393,False,0,nan,nan,0.0,"[14, 1, 10, 8, 9, 0, 5, 6, 11, 12, 15, 3, 7, 2, 4, 13]"
workload,er50,80006,35340930,0.5,qaoa_p1,1,stock_level3,29,stock_qiskit,stock Qiskit Level 3 baseline,295,295,204,130,53.354666666666695,0.0,0.01622000000497792,0.017049100002623163,0,6.833863465617989e-15,6.6453224171445965e-15,29.99873912066594,29.998739120666343,False,0,nan,nan,0.0,"[9, 13, 14, 8, 15, 2, 0, 6, 11, 12, 1, 10, 7, 3, 4, 5]"
workload,er50,80006,35340930,0.5,qaoa_p1,1,hybrid_level3,29,v4_beam,"supported QAOA with density 0.500 inside [0.45, 0.80]",234,234,158,82,34.524444444444455,0.40782239999680314,0.01395740000589285,0.42267030000220984,50,7.863556169905458e-15,7.672470980234955e-15,29.99873912066594,29.998739120666407,False,0,nan,nan,0.0,"[11, 1, 7, 8, 9, 0, 5, 6, 13, 12, 15, 3, 4, 2, 10, 14]"
workload,er50,80006,35340930,0.5,qaoa_p1,1,stock_level3,47,stock_qiskit,stock Qiskit Level 3 baseline,280,280,184,95,36.10311111111114,0.0,0.016350599995348603,0.017151299995020963,0,6.769701361444489e-15,6.552934400495565e-15,29.99873912066594,29.99873912066634,False,0,nan,nan,0.0,"[0, 9, 2, 1, 3, 5, 8, 11, 6, 12, 14, 15, 4, 10, 13, 7]"
workload,er50,80006,35340930,0.5,qaoa_p1,1,hybrid_level3,47,v4_beam,"supported QAOA with density 0.500 inside [0.45, 0.80]",236,236,158,82,34.524444444444455,0.4115124999952968,0.013864599997759797,0.4265423000033479,50,7.811679426530854e-15,7.631403200107778e-15,29.99873912066594,29.9987391206664,False,0,nan,nan,0.0,"[14, 1, 7, 8, 9, 0, 5, 6, 11, 12, 15, 3, 4, 2, 10, 13]"
workload,er50,80006,35340930,0.5,qaoa_p2,2,stock_level3,11,stock_qiskit,stock Qiskit Level 3 baseline,622,622,388,212,82.4248888888892,0.0,0.03102769999532029,0.03245730001071934,0,1.6653856967237092e-14,1.648692528674481e-14,30.227647129381346,30.227647129382344,False,0,nan,nan,0.0,"[15, 8, 9, 11, 12, 14, 13, 4, 5, 6, 10, 1, 0, 2, 7, 3]"
workload,er50,80006,35340930,0.5,qaoa_p2,2,hybrid_level3,11,v4_beam,"supported QAOA with density 0.500 inside [0.45, 0.80]",464,464,330,172,70.15111111111123,0.7178996000002371,0.019861299995682202,0.7391736999998102,94,1.6191538225656447e-14,1.590441782543653e-14,30.227647129381346,30.22764712938231,False,0,nan,nan,0.0,"[4, 1, 11, 2, 0, 12, 8, 6, 14, 7, 9, 10, 13, 5, 15, 3]"
workload,er50,80006,35340930,0.5,qaoa_p2,2,stock_level3,29,stock_qiskit,stock Qiskit Level 3 baseline,646,646,371,213,80.4408888888891,0.0,0.026971499988576397,0.02837580000050366,0,1.287649211227096e-14,1.2684538819770804e-14,30.227647129381346,30.227647129382117,False,0,nan,nan,0.0,"[9, 6, 14, 5, 0, 2, 1, 15, 3, 13, 4, 10, 12, 11, 7, 8]"
workload,er50,80006,35340930,0.5,qaoa_p2,2,hybrid_level3,29,v4_beam,"supported QAOA with density 0.500 inside [0.45, 0.80]",462,462,329,171,69.34044444444459,0.904495599999791,0.01993040001252666,0.9267407000006642,94,1.6093645428283656e-14,1.580385277525214e-14,30.227647129381346,30.2276471293823,False,0,nan,nan,0.0,"[5, 4, 11, 2, 0, 14, 8, 6, 13, 7, 9, 10, 12, 1, 15, 3]"
workload,er50,80006,35340930,0.5,qaoa_p2,2,stock_level3,47,stock_qiskit,stock Qiskit Level 3 baseline,645,645,388,254,96.36266666666695,0.0,0.025724500010255724,0.027070500000263564,0,1.4723060044630112e-14,1.451769655994537e-14,30.227647129381346,30.227647129382227,False,0,nan,nan,0.0,"[9, 5, 11, 8, 13, 14, 15, 0, 6, 3, 1, 12, 4, 10, 2, 7]"
workload,er50,80006,35340930,0.5,qaoa_p2,2,hybrid_level3,47,v4_beam,"supported QAOA with density 0.500 inside [0.45, 0.80]",467,467,327,172,69.60355555555569,0.7159785999974702,0.020141899993177503,0.737518199995975,94,1.6124976901887983e-14,1.5843946600433408e-14,30.227647129381346,30.2276471293823,False,0,nan,nan,0.0,"[0, 4, 11, 2, 5, 14, 8, 6, 13, 7, 9, 10, 12, 1, 15, 3]"
workload,er50,80007,35340931,0.5,qaoa_p1,1,stock_level3,11,stock_qiskit,stock Qiskit Level 3 baseline,283,283,194,118,45.212444444444486,0.0,0.016272399996523745,0.017109799999161623,0,8.439225237489145e-15,8.145571180508053e-15,29.92862847709961,29.92862847710009,False,0,nan,nan,0.0,"[11, 14, 9, 8, 5, 3, 0, 15, 13, 2, 4, 1, 10, 12, 6, 7]"
workload,er50,80007,35340931,0.5,qaoa_p1,1,hybrid_level3,11,v4_beam,"supported QAOA with density 0.500 inside [0.45, 0.80]",243,243,150,76,30.42133333333334,0.3750811999925645,0.012702299994998612,0.3886854000011226,49,7.287219073603817e-15,7.170190854804212e-15,29.92862847709961,29.92862847710003,False,0,nan,nan,0.0,"[8, 7, 5, 15, 4, 11, 6, 3, 2, 14, 12, 10, 1, 9, 0, 13]"
workload,er50,80007,35340931,0.5,qaoa_p1,1,stock_level3,29,stock_qiskit,stock Qiskit Level 3 baseline,276,276,192,126,50.86577777777784,0.0,0.01657120000163559,0.017465099997934885,0,7.423363710646265e-15,7.221346812791124e-15,29.92862847709961,29.928628477100034,False,0,nan,nan,0.0,"[9, 14, 11, 12, 15, 0, 13, 8, 5, 7, 10, 6, 2, 3, 4, 1]"
workload,er50,80007,35340931,0.5,qaoa_p1,1,hybrid_level3,29,v4_beam,"supported QAOA with density 0.500 inside [0.45, 0.80]",241,241,150,76,30.42133333333334,0.3642024000000674,0.013453899999149144,0.37854829999560025,49,7.93985444334922e-15,7.816156561419226e-15,29.92862847709961,29.928628477100077,False,0,nan,nan,0.0,"[8, 4, 5, 15, 10, 11, 6, 3, 2, 14, 12, 7, 1, 9, 0, 13]"
workload,er50,80007,35340931,0.5,qaoa_p1,1,stock_level3,47,stock_qiskit,stock Qiskit Level 3 baseline,292,292,212,128,51.29955555555559,0.0,0.02006370000890456,0.021384799998486415,0,7.939737611185644e-15,7.677306092555464e-15,29.92862847709961,29.928628477100066,False,0,nan,nan,0.0,"[14, 11, 9, 13, 15, 12, 6, 8, 5, 4, 7, 10, 3, 0, 1, 2]"
workload,er50,80007,35340931,0.5,qaoa_p1,1,hybrid_level3,47,v4_beam,"supported QAOA with density 0.500 inside [0.45, 0.80]",241,241,150,76,30.456888888888894,0.3598794999998063,0.01645150000695139,0.3773184999881778,49,7.93985444334922e-15,7.816156561419226e-15,29.92862847709961,29.928628477100077,False,0,nan,nan,0.0,"[8, 4, 5, 15, 10, 11, 6, 3, 2, 14, 12, 7, 1, 9, 0, 13]"
workload,er50,80007,35340931,0.5,qaoa_p2,2,stock_level3,11,stock_qiskit,stock Qiskit Level 3 baseline,618,618,436,261,104.01422222222261,0.0,0.026218200000585057,0.027556000000913627,0,1.1867668797729381e-14,1.1571407050386023e-14,29.92210210082554,29.922102100826226,False,0,nan,nan,0.0,"[9, 15, 11, 14, 13, 6, 8, 5, 3, 12, 7, 10, 2, 0, 4, 1]"
workload,er50,80007,35340931,0.5,qaoa_p2,2,hybrid_level3,11,v4_beam,"supported QAOA with density 0.500 inside [0.45, 0.80]",475,475,314,174,67.71200000000013,0.6592891999898711,0.01868960000865627,0.679513399998541,92,1.1875079627231991e-14,1.1557302587885498e-14,29.92210210082554,29.922102100826226,False,0,nan,nan,0.0,"[14, 8, 7, 12, 2, 4, 6, 3, 5, 10, 15, 11, 0, 9, 13, 1]"
workload,er50,80007,35340931,0.5,qaoa_p2,2,stock_level3,29,stock_qiskit,stock Qiskit Level 3 baseline,594,594,409,232,93.20533333333366,0.0,0.028721500013489276,0.030150999999023043,0,1.3793199149841507e-14,1.3480309778435065e-14,29.92210210082554,29.922102100826343,False,0,nan,nan,0.0,"[0, 1, 9, 2, 3, 11, 6, 5, 8, 7, 4, 15, 13, 14, 10, 12]"
workload,er50,80007,35340931,0.5,qaoa_p2,2,hybrid_level3,29,v4_beam,"supported QAOA with density 0.500 inside [0.45, 0.80]",478,478,320,170,67.31377777777787,0.6845948999980465,0.019240499997977167,0.705393100011861,92,1.1999772503168281e-14,1.1706002531498489e-14,29.92210210082554,29.922102100826237,False,0,nan,nan,0.0,"[14, 8, 7, 10, 2, 0, 6, 3, 5, 12, 15, 11, 1, 9, 13, 4]"
workload,er50,80007,35340931,0.5,qaoa_p2,2,stock_level3,47,stock_qiskit,stock Qiskit Level 3 baseline,628,628,411,241,94.20800000000034,0.0,0.026061800002935342,0.02745389999472536,0,1.222032448373004e-14,1.1886307332996669e-14,29.92210210082554,29.92210210082625,False,0,nan,nan,0.0,"[0, 15, 6, 10, 7, 12, 9, 4, 1, 2, 3, 13, 8, 5, 14, 11]"
workload,er50,80007,35340931,0.5,qaoa_p2,2,hybrid_level3,47,v4_beam,"supported QAOA with density 0.500 inside [0.45, 0.80]",482,482,352,198,78.72000000000018,0.7141890000057174,0.018537899988587014,0.7341174000030151,92,1.2004151351413672e-14,1.16637344740874e-14,29.92210210082554,29.922102100826233,False,0,nan,nan,0.0,"[11, 8, 7, 12, 2, 4, 6, 3, 5, 13, 15, 10, 0, 9, 14, 1]"
workload,er50,80008,35340932,0.5,qaoa_p1,1,stock_level3,11,stock_qiskit,stock Qiskit Level 3 baseline,285,285,211,137,51.10044444444452,0.0,0.015776200001710095,0.016569700004765764,0,6.761020478094159e-15,6.603765481384043e-15,30.00500841613514,30.005008416135535,False,0,nan,nan,0.0,"[9, 8, 14, 11, 5, 3, 2, 0, 15, 1, 6, 13, 10, 12, 4, 7]"
workload,er50,80008,35340932,0.5,qaoa_p1,1,hybrid_level3,11,v4_beam,"supported QAOA with density 0.500 inside [0.45, 0.80]",240,240,163,82,31.488000000000017,0.4960084999911487,0.019035000004805624,0.5160109999997076,48,8.90883463000696e-15,8.711609181628448e-15,30.00500841613514,30.005008416135663,False,0,nan,nan,0.0,"[10, 13, 3, 11, 5, 15, 1, 7, 0, 6, 9, 8, 14, 12, 4, 2]"
workload,er50,80008,35340932,0.5,qaoa_p1,1,stock_level3,29,stock_qiskit,stock Qiskit Level 3 baseline,313,313,237,132,53.774222222222285,0.0,0.015893499992671423,0.016727099995478056,0,5.403767246926174e-15,5.170949963139784e-15,30.00500841613514,30.00500841613546,False,0,nan,nan,0.0,"[6, 0, 15, 10, 7, 4, 2, 1, 12, 9, 13, 3, 14, 11, 5, 8]"
workload,er50,80008,35340932,0.5,qaoa_p1,1,hybrid_level3,29,v4_beam,"supported QAOA with density 0.500 inside [0.45, 0.80]",240,240,152,88,33.99822222222224,0.36975499999243766,0.018422100009047426,0.38915659999474883,48,8.48740538802963e-15,8.322616280196823e-15,30.00500841613514,30.005008416135645,False,0,nan,nan,0.0,"[7, 13, 3, 11, 9, 12, 1, 15, 0, 6, 5, 8, 14, 10, 4, 2]"
workload,er50,80008,35340932,0.5,qaoa_p1,1,stock_level3,47,stock_qiskit,stock Qiskit Level 3 baseline,304,304,228,137,55.38133333333337,0.0,0.01581820000137668,0.016606499993940815,0,7.979897638424041e-15,7.777966266933484e-15,30.00500841613514,30.005008416135606,False,0,nan,nan,0.0,"[10, 13, 14, 15, 12, 5, 9, 11, 6, 8, 2, 3, 7, 4, 0, 1]"
workload,er50,80008,35340932,0.5,qaoa_p1,1,hybrid_level3,47,v4_beam,"supported QAOA with density 0.500 inside [0.45, 0.80]",243,243,148,83,31.18222222222224,0.37654559999646153,0.013022300001466647,0.3904525999969337,48,8.492053989521631e-15,8.323567029857266e-15,30.00500841613514,30.00500841613564,False,0,nan,nan,0.0,"[7, 15, 3, 11, 5, 13, 1, 12, 0, 6, 9, 8, 14, 10, 4, 2]"
workload,er50,80008,35340932,0.5,qaoa_p2,2,stock_level3,11,stock_qiskit,stock Qiskit Level 3 baseline,659,659,451,286,112.65422222222259,0.0,0.025909000003593974,0.027286399999866262,0,1.1601188895354445e-14,1.12610599506963e-14,29.965672961786343,29.965672961787025,False,0,nan,nan,0.0,"[4, 15, 10, 13, 12, 6, 7, 9, 8, 11, 14, 5, 0, 1, 3, 2]"
workload,er50,80008,35340932,0.5,qaoa_p2,2,hybrid_level3,11,v4_beam,"supported QAOA with density 0.500 inside [0.45, 0.80]",499,499,295,160,60.57244444444457,0.751171299998532,0.0207351999997627,0.7733363000006648,95,1.8907137193663115e-14,1.5714170684491033e-14,29.965672961786343,29.965672961787273,False,0,nan,nan,0.0,"[11, 9, 2, 3, 14, 4, 15, 10, 8, 7, 5, 0, 1, 6, 13, 12]"
workload,er50,80008,35340932,0.5,qaoa_p2,2,stock_level3,29,stock_qiskit,stock Qiskit Level 3 baseline,635,635,466,271,103.32444444444477,0.0,0.02647620000061579,0.027823099997476675,0,1.400517072600074e-14,1.3705175325630463e-14,29.965672961786343,29.96567296178717,False,0,nan,nan,0.0,"[9, 5, 8, 11, 15, 3, 2, 6, 0, 4, 1, 10, 7, 14, 12, 13]"
workload,er50,80008,35340932,0.5,qaoa_p2,2,hybrid_level3,29,v4_beam,"supported QAOA with density 0.500 inside [0.45, 0.80]",491,491,281,162,61.01333333333347,0.7330635000107577,0.02035289999912493,0.7548556999972789,95,1.8438375389753338e-14,1.5127121536925277e-14,29.965672961786343,29.965672961787238,False,0,nan,nan,0.0,"[9, 8, 7, 10, 14, 1, 11, 15, 13, 12, 5, 4, 0, 6, 3, 2]"
workload,er50,80008,35340932,0.5,qaoa_p2,2,stock_level3,47,stock_qiskit,stock Qiskit Level 3 baseline,653,653,440,269,106.04088888888931,0.0,0.026985999997123145,0.028410600003553554,0,1.3671434170429056e-14,1.3389968631230908e-14,29.965672961786343,29.965672961787153,False,0,nan,nan,0.0,"[11, 13, 15, 14, 9, 6, 12, 5, 8, 10, 4, 7, 3, 2, 0, 1]"
workload,er50,80008,35340932,0.5,qaoa_p2,2,hybrid_level3,47,v4_beam,"supported QAOA with density 0.500 inside [0.45, 0.80]",524,524,303,161,61.290666666666795,0.7444315000029746,0.021891100011998788,0.7678393000096548,95,1.8006497512770696e-14,1.4878619133541035e-14,29.965672961786343,29.965672961787224,False,0,nan,nan,0.0,"[9, 3, 13, 14, 12, 2, 15, 10, 11, 7, 0, 6, 1, 4, 8, 5]"
workload,er50,80009,35340933,0.5,qaoa_p1,1,stock_level3,11,stock_qiskit,stock Qiskit Level 3 baseline,267,267,225,114,44.686222222222256,0.0,0.016946400006418116,0.01784280000720173,0,1.155255558778397e-14,1.1201361905977865e-14,29.96586275645989,29.96586275646056,False,0,nan,nan,0.0,"[15, 6, 0, 4, 9, 12, 10, 7, 8, 13, 14, 11, 5, 3, 1, 2]"
workload,er50,80009,35340933,0.5,qaoa_p1,1,hybrid_level3,11,v4_beam,"supported QAOA with density 0.500 inside [0.45, 0.80]",240,240,173,98,38.016000000000034,0.4034599000005983,0.01929869999003131,0.4238068000122439,48,1.0691516156154035e-14,1.0540694689177828e-14,29.96586275645989,29.965862756460524,False,0,nan,nan,0.0,"[14, 13, 9, 1, 0, 12, 4, 8, 11, 15, 6, 7, 10, 5, 2, 3]"
workload,er50,80009,35340933,0.5,qaoa_p1,1,stock_level3,29,stock_qiskit,stock Qiskit Level 3 baseline,257,257,218,110,42.929777777777815,0.0,0.01636280000093393,0.017165999990538694,0,1.0399538780248953e-14,1.008650608436901e-14,29.96586275645989,29.965862756460496,False,0,nan,nan,0.0,"[3, 9, 8, 11, 15, 0, 5, 14, 6, 13, 12, 7, 10, 4, 2, 1]"
workload,er50,80009,35340933,0.5,qaoa_p1,1,hybrid_level3,29,v4_beam,"supported QAOA with density 0.500 inside [0.45, 0.80]",247,247,169,93,35.36355555555557,0.3932351999974344,0.013610199996037409,0.407751200007624,48,1.0414372820186403e-14,1.0283094180300123e-14,29.96586275645989,29.965862756460506,False,0,nan,nan,0.0,"[14, 13, 9, 4, 0, 15, 7, 8, 11, 3, 6, 10, 12, 5, 1, 2]"
workload,er50,80009,35340933,0.5,qaoa_p1,1,stock_level3,47,stock_qiskit,stock Qiskit Level 3 baseline,262,262,211,130,48.007111111111186,0.0,0.016836999988299794,0.017745999997714534,0,9.494011660058738e-15,9.214343022371868e-15,29.96586275645989,29.965862756460442,False,0,nan,nan,0.0,"[9, 5, 3, 2, 0, 15, 8, 14, 1, 11, 13, 6, 4, 7, 12, 10]"
workload,er50,80009,35340933,0.5,qaoa_p1,1,hybrid_level3,47,v4_beam,"supported QAOA with density 0.500 inside [0.45, 0.80]",233,233,165,86,33.10222222222223,0.5241250000108266,0.013823100001900457,0.5389505999919493,48,1.0781332505682268e-14,1.0610115991813463e-14,29.96586275645989,29.965862756460528,False,0,nan,nan,0.0,"[14, 13, 9, 2, 3, 12, 1, 8, 11, 15, 6, 4, 7, 5, 10, 0]"
workload,er50,80009,35340933,0.5,qaoa_p2,2,stock_level3,11,stock_qiskit,stock Qiskit Level 3 baseline,594,594,398,211,88.22755555555585,0.0,0.026097299996763468,0.02744800000800751,0,1.1785587727008842e-14,1.1271464061020928e-14,29.471984639663397,29.471984639664058,False,0,nan,nan,0.0,"[0, 9, 12, 8, 15, 5, 3, 2, 7, 1, 6, 4, 10, 13, 11, 14]"
workload,er50,80009,35340933,0.5,qaoa_p2,2,hybrid_level3,11,v4_beam,"supported QAOA with density 0.500 inside [0.45, 0.80]",495,495,342,199,76.1244444444446,0.8487068999966141,0.0200458999897819,0.8701954999996815,99,1.2564139016400726e-14,1.2182623188510764e-14,29.471984639663397,29.471984639664115,False,0,nan,nan,0.0,"[11, 10, 4, 9, 0, 3, 15, 6, 14, 12, 2, 13, 8, 1, 5, 7]"
workload,er50,80009,35340933,0.5,qaoa_p2,2,stock_level3,29,stock_qiskit,stock Qiskit Level 3 baseline,629,629,377,249,96.5048888888892,0.0,0.025532699990435503,0.026885000013862737,0,1.020356959619913e-14,9.63729305503924e-15,29.471984639663397,29.471984639663965,False,0,nan,nan,0.0,"[0, 6, 15, 12, 4, 8, 1, 10, 9, 7, 13, 14, 11, 2, 3, 5]"
workload,er50,80009,35340933,0.5,qaoa_p2,2,hybrid_level3,29,v4_beam,"supported QAOA with density 0.500 inside [0.45, 0.80]",520,520,347,194,74.97955555555573,1.0118694999982836,0.021126499996171333,1.0345212000102038,99,1.4317768941668236e-14,1.3822351299083698e-14,29.471984639663397,29.471984639664203,False,0,nan,nan,0.0,"[11, 12, 3, 9, 4, 2, 14, 6, 15, 7, 1, 13, 8, 0, 5, 10]"
workload,er50,80009,35340933,0.5,qaoa_p2,2,stock_level3,47,stock_qiskit,stock Qiskit Level 3 baseline,591,591,380,214,87.57333333333365,0.0,0.026178699990850873,0.02752459999464918,0,1.3986509862136978e-14,1.3345450165163833e-14,29.471984639663397,29.47198463966418,False,0,nan,nan,0.0,"[6, 0, 5, 3, 9, 10, 1, 2, 8, 4, 7, 15, 11, 14, 12, 13]"
workload,er50,80009,35340933,0.5,qaoa_p2,2,hybrid_level3,47,v4_beam,"supported QAOA with density 0.500 inside [0.45, 0.80]",491,491,329,181,69.64622222222242,0.845331399992574,0.02115500000945758,0.8680294999940088,99,1.2975625173074308e-14,1.2548774487151738e-14,29.471984639663397,29.47198463966413,False,0,nan,nan,0.0,"[11, 12, 4, 9, 0, 3, 15, 6, 7, 13, 2, 14, 8, 1, 5, 10]"
workload,er50,80010,35340934,0.5,qaoa_p1,1,stock_level3,11,stock_qiskit,stock Qiskit Level 3 baseline,292,292,210,126,49.58577777777783,0.0,0.017056600001524203,0.017932499991729856,0,8.166615032654195e-15,7.5007800773422e-15,29.1046871785984,29.104687178598844,False,0,nan,nan,0.0,"[8, 14, 9, 11, 0, 5, 15, 13, 6, 12, 3, 2, 1, 7, 10, 4]"
workload,er50,80010,35340934,0.5,qaoa_p1,1,hybrid_level3,11,v4_beam,"supported QAOA with density 0.500 inside [0.45, 0.80]",234,234,155,78,31.857777777777788,0.3712818999920273,0.01331449999997858,0.38558349999948405,45,7.399060291118244e-15,7.0503552857296085e-15,29.1046871785984,29.104687178598816,False,0,nan,nan,0.0,"[14, 11, 4, 8, 6, 0, 13, 15, 12, 1, 2, 3, 5, 7, 9, 10]"
workload,er50,80010,35340934,0.5,qaoa_p1,1,stock_level3,29,stock_qiskit,stock Qiskit Level 3 baseline,286,286,220,120,46.684444444444495,0.0,0.019783199997618794,0.02065999999467749,0,6.914795564670338e-15,6.4638963350464275e-15,29.1046871785984,29.104687178598784,False,0,nan,nan,0.0,"[9, 3, 13, 8, 0, 15, 5, 14, 2, 11, 12, 6, 10, 4, 1, 7]"
workload,er50,80010,35340934,0.5,qaoa_p1,1,hybrid_level3,29,v4_beam,"supported QAOA with density 0.500 inside [0.45, 0.80]",229,229,150,73,29.31911111111112,0.35855769999034237,0.013243500012322329,0.372926500000176,45,8.219139085334934e-15,7.896486059039648e-15,29.1046871785984,29.10468717859886,False,0,nan,nan,0.0,"[14, 11, 4, 8, 6, 0, 13, 15, 12, 1, 10, 3, 5, 7, 9, 2]"
workload,er50,80010,35340934,0.5,qaoa_p1,1,stock_level3,47,stock_qiskit,stock Qiskit Level 3 baseline,284,284,225,140,52.59377777777787,0.0,0.016734300006646663,0.017569899995578453,0,7.815857493531399e-15,7.469481156733438e-15,29.1046871785984,29.104687178598844,False,0,nan,nan,0.0,"[9, 11, 5, 8, 0, 15, 3, 2, 6, 1, 7, 4, 13, 10, 14, 12]"
workload,er50,80010,35340934,0.5,qaoa_p1,1,hybrid_level3,47,v4_beam,"supported QAOA with density 0.500 inside [0.45, 0.80]",230,230,153,75,30.428444444444455,0.42628280000644736,0.019015900004887953,0.44634080000105314,45,7.80648347624987e-15,7.46517996054701e-15,29.1046871785984,29.104687178598837,False,0,nan,nan,0.0,"[14, 11, 4, 8, 6, 0, 13, 15, 12, 1, 2, 3, 5, 7, 9, 10]"
workload,er50,80010,35340934,0.5,qaoa_p2,2,stock_level3,11,stock_qiskit,stock Qiskit Level 3 baseline,636,636,416,258,99.96088888888913,0.0,0.02682079999067355,0.028203399997437373,0,1.1061656043442129e-14,1.0687110362047276e-14,29.154728368242953,29.15472836824358,False,0,nan,nan,0.0,"[2, 6, 3, 1, 9, 4, 0, 5, 7, 11, 8, 14, 10, 12, 15, 13]"
workload,er50,80010,35340934,0.5,qaoa_p2,2,hybrid_level3,11,v4_beam,"supported QAOA with density 0.500 inside [0.45, 0.80]",516,516,316,167,66.20444444444458,0.7004634999902919,0.03187489999982063,0.7338734000077238,89,1.2767185848327175e-14,1.2428580638979662e-14,29.154728368242953,29.154728368243678,False,0,nan,nan,0.0,"[12, 3, 14, 7, 2, 5, 4, 15, 8, 13, 0, 1, 6, 9, 11, 10]"
workload,er50,80010,35340934,0.5,qaoa_p2,2,stock_level3,29,stock_qiskit,stock Qiskit Level 3 baseline,590,590,381,224,86.54933333333358,0.0,0.02623269999457989,0.027725599997211248,0,1.2583388327833483e-14,1.2253408685135128e-14,29.154728368242953,29.154728368243667,False,0,nan,nan,0.0,"[6, 8, 0, 5, 9, 11, 3, 4, 7, 1, 2, 10, 13, 15, 14, 12]"
workload,er50,80010,35340934,0.5,qaoa_p2,2,hybrid_level3,29,v4_beam,"supported QAOA with density 0.500 inside [0.45, 0.80]",483,483,295,158,61.36888888888898,0.8034217999957036,0.02255460000014864,0.8274635999987368,89,1.3752456179313025e-14,1.3470561900877145e-14,29.154728368242953,29.154728368243735,False,0,nan,nan,0.0,"[10, 3, 14, 7, 2, 5, 0, 15, 11, 12, 4, 1, 6, 8, 9, 13]"
workload,er50,80010,35340934,0.5,qaoa_p2,2,stock_level3,47,stock_qiskit,stock Qiskit Level 3 baseline,624,624,437,268,102.52088888888919,0.0,0.026620999997248873,0.027969700007815845,0,1.1632560052441835e-14,1.1252317337509439e-14,29.154728368242953,29.15472836824361,False,0,nan,nan,0.0,"[14, 3, 11, 5, 9, 2, 8, 15, 6, 13, 10, 12, 1, 4, 0, 7]"
workload,er50,80010,35340934,0.5,qaoa_p2,2,hybrid_level3,47,v4_beam,"supported QAOA with density 0.500 inside [0.45, 0.80]",541,541,319,174,68.99200000000016,0.659195300002466,0.023316300008445978,0.6840866999991704,89,1.3034435425242502e-14,1.2782002750529235e-14,29.154728368242953,29.154728368243696,False,0,nan,nan,0.0,"[12, 2, 14, 6, 1, 8, 13, 4, 11, 15, 7, 10, 3, 5, 9, 0]"
workload,er50,80011,35340935,0.5,qaoa_p1,1,stock_level3,11,stock_qiskit,stock Qiskit Level 3 baseline,287,287,216,132,57.39377777777782,0.0,0.016174300006241538,0.017009500006679446,0,8.780189370122795e-15,8.501621639532256e-15,29.480844562506388,29.480844562506885,False,0,nan,nan,0.0,"[15, 10, 12, 13, 14, 11, 9, 0, 7, 4, 6, 2, 1, 5, 8, 3]"
workload,er50,80011,35340935,0.5,qaoa_p1,1,hybrid_level3,11,v4_beam,"supported QAOA with density 0.500 inside [0.45, 0.80]",251,251,142,77,30.50666666666667,0.4228622000082396,0.016766199987614527,0.4406339000124717,48,7.95408117412005e-15,7.617682211622904e-15,29.480844562506388,29.480844562506835,False,0,nan,nan,0.0,"[7, 11, 0, 2, 5, 6, 10, 1, 12, 15, 14, 3, 4, 9, 8, 13]"
workload,er50,80011,35340935,0.5,qaoa_p1,1,stock_level3,29,stock_qiskit,stock Qiskit Level 3 baseline,291,291,213,123,46.71288888888895,0.0,0.017182699986733496,0.01801260000502225,0,8.029535363454447e-15,7.667297912676936e-15,29.480844562506388,29.480844562506835,False,0,nan,nan,0.0,"[0, 6, 7, 2, 1, 4, 15, 3, 10, 13, 12, 5, 14, 8, 9, 11]"
workload,er50,80011,35340935,0.5,qaoa_p1,1,hybrid_level3,29,v4_beam,"supported QAOA with density 0.500 inside [0.45, 0.80]",241,241,145,74,28.26666666666668,0.39456739999877755,0.013133999993442558,0.4085442000068724,48,7.722291293483575e-15,7.379600896361352e-15,29.480844562506388,29.480844562506817,False,0,nan,nan,0.0,"[4, 13, 0, 2, 8, 10, 7, 1, 12, 15, 9, 6, 3, 5, 14, 11]"
workload,er50,80011,35340935,0.5,qaoa_p1,1,stock_level3,47,stock_qiskit,stock Qiskit Level 3 baseline,286,286,214,116,48.547555555555626,0.0,0.016248599989921786,0.017094599999836646,0,7.667149347164331e-15,7.29429175144593e-15,29.480844562506388,29.480844562506814,False,0,nan,nan,0.0,"[6, 0, 1, 4, 7, 15, 10, 2, 9, 12, 3, 13, 5, 11, 14, 8]"
workload,er50,80011,35340935,0.5,qaoa_p1,1,hybrid_level3,47,v4_beam,"supported QAOA with density 0.500 inside [0.45, 0.80]",251,251,146,79,30.95466666666667,0.3679857999959495,0.013087600003927946,0.38206969999009743,48,7.463609374274373e-15,7.113479209474017e-15,29.480844562506388,29.480844562506803,False,0,nan,nan,0.0,"[10, 13, 0, 2, 5, 6, 12, 1, 7, 15, 8, 3, 4, 9, 14, 11]"
workload,er50,80011,35340935,0.5,qaoa_p2,2,stock_level3,11,stock_qiskit,stock Qiskit Level 3 baseline,628,628,412,241,93.14133333333362,0.0,0.026862099999561906,0.028257500001927838,0,1.3472678434035605e-14,1.2921246960208006e-14,29.994320672828056,29.994320672828827,False,0,nan,nan,0.0,"[13, 12, 15, 14, 9, 11, 8, 10, 7, 0, 5, 4, 3, 1, 6, 2]"
workload,er50,80011,35340935,0.5,qaoa_p2,2,hybrid_level3,11,v4_beam,"supported QAOA with density 0.500 inside [0.45, 0.80]",556,556,345,194,74.96533333333349,0.7882023999991361,0.020203899999614805,0.8100301999947987,95,1.1445976535034736e-14,1.094148987419698e-14,29.994320672828056,29.994320672828707,False,0,nan,nan,0.0,"[6, 4, 0, 12, 2, 8, 3, 5, 1, 14, 13, 15, 10, 9, 7, 11]"
workload,er50,80011,35340935,0.5,qaoa_p2,2,stock_level3,29,stock_qiskit,stock Qiskit Level 3 baseline,624,624,382,245,97.16622222222261,0.0,0.027406499997596256,0.028822999986005016,0,1.1377571876929029e-14,1.0529274423317326e-14,29.994320672828056,29.99432067282868,False,0,nan,nan,0.0,"[14, 11, 13, 9, 8, 5, 0, 3, 15, 12, 6, 10, 7, 1, 2, 4]"
workload,er50,80011,35340935,0.5,qaoa_p2,2,hybrid_level3,29,v4_beam,"supported QAOA with density 0.500 inside [0.45, 0.80]",553,553,370,209,79.92177777777798,0.7545925000013085,0.022294900001725182,0.7783551000029547,95,1.2823004132692101e-14,1.2101949068932524e-14,29.994320672828056,29.994320672828778,False,0,nan,nan,0.0,"[4, 3, 0, 1, 13, 9, 14, 11, 6, 12, 10, 15, 7, 5, 2, 8]"
workload,er50,80011,35340935,0.5,qaoa_p2,2,stock_level3,47,stock_qiskit,stock Qiskit Level 3 baseline,654,654,408,260,104.37688888888921,0.0,0.02642599999671802,0.027815400011604652,0,1.3293643717323382e-14,1.2815936911534521e-14,29.994320672828056,29.99432067282882,False,0,nan,nan,0.0,"[4, 0, 1, 2, 3, 9, 8, 5, 11, 12, 6, 15, 13, 7, 14, 10]"
workload,er50,80011,35340935,0.5,qaoa_p2,2,hybrid_level3,47,v4_beam,"supported QAOA with density 0.500 inside [0.45, 0.80]",567,567,346,199,79.68711111111132,0.8835289999988163,0.020310199994128197,0.9052713999990374,95,1.1375227283137808e-14,1.0886298553150897e-14,29.994320672828056,29.994320672828703,False,0,nan,nan,0.0,"[1, 7, 0, 2, 4, 8, 3, 14, 5, 13, 10, 6, 15, 9, 12, 11]"
workload,er75,80000,36340924,0.75,qaoa_p1,1,stock_level3,11,stock_qiskit,stock Qiskit Level 3 baseline,393,393,311,173,67.30666666666681,0.0,0.021745200006989762,0.02278919999662321,0,1.0121779000550911e-14,9.880573747637125e-15,42.920314650570575,42.920314650571434,True,128,39.65625,-3.2640646505705746,21.48877700000594,"[2, 9, 0, 8, 5, 3, 11, 14, 15, 13, 12, 4, 6, 1, 10, 7]"
workload,er75,80000,36340924,0.75,qaoa_p1,1,hybrid_level3,11,v4_beam,"supported QAOA with density 0.750 inside [0.45, 0.80]",358,358,195,121,46.9831111111112,0.8292747999948915,0.015381600009277463,0.845849300007103,65,8.963225715527673e-15,8.762671644502247e-15,42.920314650570575,42.920314650571335,True,128,42.28125,-0.6390646505705746,18.940036700005294,"[12, 13, 10, 3, 15, 6, 11, 9, 4, 8, 0, 5, 7, 14, 1, 2]"
workload,er75,80000,36340924,0.75,qaoa_p1,1,stock_level3,29,stock_qiskit,stock Qiskit Level 3 baseline,410,410,295,178,65.55733333333349,0.0,0.022141399997053668,0.023414100010995753,0,8.526595000066487e-15,8.218868589365092e-15,42.920314650570575,42.92031465057127,True,128,41.5546875,-1.3656271505705746,22.442645799994352,"[3, 0, 2, 1, 6, 4, 15, 7, 10, 12, 9, 5, 13, 8, 11, 14]"
workload,er75,80000,36340924,0.75,qaoa_p1,1,hybrid_level3,29,v4_beam,"supported QAOA with density 0.750 inside [0.45, 0.80]",353,353,220,128,51.228444444444534,0.7384097000031034,0.017610599999898113,0.7573638999892864,65,9.270226074318371e-15,9.066166740662869e-15,42.920314650570575,42.920314650571356,True,128,41.828125,-1.0921896505705746,18.70047379999596,"[10, 13, 0, 3, 12, 7, 11, 9, 1, 8, 6, 5, 4, 14, 15, 2]"
workload,er75,80000,36340924,0.75,qaoa_p1,1,stock_level3,47,stock_qiskit,stock Qiskit Level 3 baseline,419,419,287,176,67.59111111111125,0.0,0.022296000010101125,0.023467799997888505,0,9.75269377122109e-15,9.494205988755923e-15,42.920314650570575,42.920314650571385,True,128,40.2421875,-2.6781271505705746,22.256709100009175,"[9, 5, 15, 8, 11, 13, 12, 14, 3, 0, 1, 2, 6, 10, 4, 7]"
workload,er75,80000,36340924,0.75,qaoa_p1,1,hybrid_level3,47,v4_beam,"supported QAOA with density 0.750 inside [0.45, 0.80]",346,346,200,121,47.82933333333339,0.7278069000021787,0.015979499992681667,0.7449780000024475,65,8.864249837431648e-15,8.664196285461132e-15,42.920314650570575,42.92031465057133,True,128,42.0546875,-0.8656271505705746,17.87187950000225,"[10, 13, 0, 3, 12, 6, 11, 9, 1, 8, 7, 5, 4, 14, 15, 2]"
workload,er75,80000,36340924,0.75,qaoa_p2,2,stock_level3,11,stock_qiskit,stock Qiskit Level 3 baseline,863,863,566,323,122.56000000000054,0.0,0.03542979998746887,0.03725670000130776,0,1.6719122155458074e-14,1.6355978441301814e-14,44.40492290503827,44.404922905039726,True,128,44.296875,-0.10804790503826922,41.497805699997116,"[6, 0, 15, 3, 2, 1, 10, 4, 7, 12, 13, 14, 9, 5, 8, 11]"
workload,er75,80000,36340924,0.75,qaoa_p2,2,hybrid_level3,11,v4_beam,"supported QAOA with density 0.750 inside [0.45, 0.80]",732,732,446,258,99.02222222222267,1.6146152000001166,0.02685189999465365,1.643410300006508,132,1.3965457164067935e-14,1.3571166112906586e-14,44.40492290503827,44.40492290503947,True,128,44.8515625,0.4466395949617308,34.965358400004334,"[6, 3, 14, 15, 9, 7, 2, 11, 1, 10, 13, 12, 8, 0, 4, 5]"
workload,er75,80000,36340924,0.75,qaoa_p2,2,stock_level3,29,stock_qiskit,stock Qiskit Level 3 baseline,797,797,509,277,103.77955555555614,0.0,0.03949090000241995,0.041538200006471016,0,5.060139618985578e-14,2.7545454725322985e-14,44.40492290503827,44.40492290503976,True,128,45.265625,0.8607020949617308,40.04531919999863,"[3, 5, 9, 8, 11, 14, 13, 15, 12, 6, 10, 7, 0, 2, 4, 1]"
workload,er75,80000,36340924,0.75,qaoa_p2,2,hybrid_level3,29,v4_beam,"supported QAOA with density 0.750 inside [0.45, 0.80]",744,744,456,250,98.3822222222226,1.615520599996671,0.026913800000329502,1.6445321999926819,132,1.4106900632969289e-14,1.3742618708386512e-14,44.40492290503827,44.404922905039484,True,128,44.390625,-0.01429790503826922,35.410343499999726,"[10, 6, 3, 15, 5, 14, 0, 2, 7, 13, 9, 8, 4, 11, 12, 1]"
workload,er75,80000,36340924,0.75,qaoa_p2,2,stock_level3,47,stock_qiskit,stock Qiskit Level 3 baseline,858,858,578,329,124.60088888888947,0.0,0.0358529999939492,0.03770339999755379,0,1.6466240682567868e-14,1.6027635845611444e-14,44.40492290503827,44.40492290503969,True,128,44.609375,0.20445209496173078,41.64653949999774,"[3, 9, 5, 8, 11, 14, 6, 15, 13, 12, 10, 7, 2, 0, 4, 1]"
workload,er75,80000,36340924,0.75,qaoa_p2,2,hybrid_level3,47,v4_beam,"supported QAOA with density 0.750 inside [0.45, 0.80]",751,751,429,260,101.4755555555559,1.5866634999983944,0.027423299994552508,1.6161557000014,132,1.4500738730273314e-14,1.3073600015676569e-14,44.40492290503827,44.40492290503941,True,128,45.0859375,0.6810145949617308,35.655561000006855,"[6, 0, 5, 7, 9, 12, 14, 3, 13, 15, 8, 11, 4, 2, 10, 1]"
workload,er75,80001,36340925,0.75,qaoa_p1,1,stock_level3,11,stock_qiskit,stock Qiskit Level 3 baseline,390,390,280,153,59.44888888888897,0.0,0.022242999999434687,0.023311099997954443,0,1.0706975813191614e-14,1.0316731087851831e-14,42.86452173194016,42.864521731941046,False,0,nan,nan,0.0,"[9, 5, 8, 11, 15, 12, 14, 13, 6, 7, 10, 4, 3, 0, 2, 1]"
workload,er75,80001,36340925,0.75,qaoa_p1,1,hybrid_level3,11,v4_beam,"supported QAOA with density 0.750 inside [0.45, 0.80]",330,330,200,110,43.5626666666667,0.7882128000055673,0.01580209999519866,0.8051692000008188,63,9.85048988623833e-15,9.553169961810819e-15,42.86452173194016,42.86452173194098,False,0,nan,nan,0.0,"[6, 2, 4, 12, 7, 15, 5, 13, 3, 1, 11, 14, 8, 0, 9, 10]"
workload,er75,80001,36340925,0.75,qaoa_p1,1,stock_level3,29,stock_qiskit,stock Qiskit Level 3 baseline,417,417,294,162,61.35466666666679,0.0,0.021501199997146614,0.02265359999728389,0,9.502009457688451e-15,8.595067983730622e-15,42.86452173194016,42.8645217319409,False,0,nan,nan,0.0,"[9, 5, 0, 3, 8, 11, 14, 15, 13, 12, 6, 7, 10, 2, 4, 1]"
workload,er75,80001,36340925,0.75,qaoa_p1,1,hybrid_level3,29,v4_beam,"supported QAOA with density 0.750 inside [0.45, 0.80]",330,330,197,113,45.44000000000005,0.7677230999979656,0.015323200001148507,0.7847881999914534,63,9.934460721237109e-15,9.66132708857868e-15,42.86452173194016,42.86452173194098,False,0,nan,nan,0.0,"[6, 1, 4, 12, 7, 15, 3, 13, 2, 8, 11, 14, 5, 0, 9, 10]"
workload,er75,80001,36340925,0.75,qaoa_p1,1,stock_level3,47,stock_qiskit,stock Qiskit Level 3 baseline,393,393,283,162,65.10933333333345,0.0,0.02010110000264831,0.021123400001670234,0,9.86943255663551e-15,9.061600967888234e-15,42.86452173194016,42.86452173194094,False,0,nan,nan,0.0,"[9, 5, 8, 14, 11, 13, 15, 12, 6, 10, 7, 0, 3, 4, 2, 1]"
workload,er75,80001,36340925,0.75,qaoa_p1,1,hybrid_level3,47,v4_beam,"supported QAOA with density 0.750 inside [0.45, 0.80]",334,334,200,114,46.03022222222225,0.777477399999043,0.016429099996457808,0.7950332000036724,63,9.940470437629456e-15,9.662172210893816e-15,42.86452173194016,42.86452173194098,False,0,nan,nan,0.0,"[10, 7, 0, 11, 5, 15, 2, 12, 1, 6, 14, 13, 3, 4, 9, 8]"
workload,er75,80001,36340925,0.75,qaoa_p2,2,stock_level3,11,stock_qiskit,stock Qiskit Level 3 baseline,866,866,575,332,128.3911111111116,0.0,0.0373667999956524,0.03950040000199806,0,1.612889128916422e-14,1.5764363933304496e-14,44.57672501908228,44.576725019083675,False,0,nan,nan,0.0,"[6, 0, 1, 7, 4, 15, 12, 10, 13, 14, 9, 11, 2, 3, 5, 8]"
workload,er75,80001,36340925,0.75,qaoa_p2,2,hybrid_level3,11,v4_beam,"supported QAOA with density 0.750 inside [0.45, 0.80]",658,658,383,209,81.47200000000022,1.3457253999949899,0.02475300000514835,1.3723375000117812,129,1.462373636355519e-14,1.4210919907386955e-14,44.57672501908228,44.57672501908354,False,0,nan,nan,0.0,"[0, 4, 10, 12, 8, 7, 15, 11, 6, 14, 13, 1, 5, 9, 3, 2]"
workload,er75,80001,36340925,0.75,qaoa_p2,2,stock_level3,29,stock_qiskit,stock Qiskit Level 3 baseline,850,850,526,331,123.49155555555612,0.0,0.03488559999095742,0.03674419999879319,0,1.5326724523675517e-14,1.4875263094511554e-14,44.57672501908228,44.57672501908358,False,0,nan,nan,0.0,"[15, 5, 8, 9, 11, 14, 13, 12, 6, 10, 4, 7, 3, 0, 2, 1]"
workload,er75,80001,36340925,0.75,qaoa_p2,2,hybrid_level3,29,v4_beam,"supported QAOA with density 0.750 inside [0.45, 0.80]",658,658,390,208,81.40088888888914,1.4290346000052523,0.02562420000322163,1.4565686999994796,129,1.5137213194116728e-14,1.4743360779974365e-14,44.57672501908228,44.57672501908359,False,0,nan,nan,0.0,"[6, 7, 12, 13, 3, 10, 15, 11, 0, 14, 1, 4, 2, 9, 8, 5]"
workload,er75,80001,36340925,0.75,qaoa_p2,2,stock_level3,47,stock_qiskit,stock Qiskit Level 3 baseline,873,873,523,293,124.14577777777832,0.0,0.03478420000465121,0.03683440000168048,0,1.5294860788130363e-14,1.4810490829452345e-14,44.57672501908228,44.57672501908358,False,0,nan,nan,0.0,"[2, 3, 9, 5, 8, 14, 11, 13, 15, 12, 1, 6, 0, 10, 4, 7]"
workload,er75,80001,36340925,0.75,qaoa_p2,2,hybrid_level3,47,v4_beam,"supported QAOA with density 0.750 inside [0.45, 0.80]",675,675,395,215,84.60088888888914,1.427845400001388,0.027239500006544404,1.457047899995814,129,1.492458661146777e-14,1.455446824102475e-14,44.57672501908228,44.57672501908357,False,0,nan,nan,0.0,"[6, 4, 12, 13, 8, 15, 10, 11, 0, 14, 7, 1, 5, 9, 3, 2]"
workload,er75,80002,36340926,0.75,qaoa_p1,1,stock_level3,11,stock_qiskit,stock Qiskit Level 3 baseline,397,397,292,170,64.0355555555557,0.0,0.023615500002051704,0.024890100001357496,0,7.870907255422776e-15,7.444545817020362e-15,44.05817222767862,44.05817222767928,False,0,nan,nan,0.0,"[2, 3, 8, 5, 9, 11, 14, 15, 13, 6, 0, 12, 10, 1, 7, 4]"
workload,er75,80002,36340926,0.75,qaoa_p1,1,hybrid_level3,11,v4_beam,"supported QAOA with density 0.750 inside [0.45, 0.80]",332,332,178,113,45.54666666666671,0.8068845000088913,0.017423999990569428,0.8254420000012033,62,8.939298553110374e-15,8.70232819566516e-15,44.05817222767862,44.058172227679385,False,0,nan,nan,0.0,"[13, 8, 0, 14, 2, 6, 5, 7, 9, 4, 11, 15, 1, 10, 3, 12]"
workload,er75,80002,36340926,0.75,qaoa_p1,1,stock_level3,29,stock_qiskit,stock Qiskit Level 3 baseline,414,414,289,183,70.43555555555574,0.0,0.021496999994269572,0.02260700000624638,0,8.951048877968162e-15,8.617473539295341e-15,44.05817222767862,44.05817222767938,False,0,nan,nan,0.0,"[9, 5, 8, 13, 11, 15, 14, 12, 6, 7, 3, 10, 0, 2, 4, 1]"
workload,er75,80002,36340926,0.75,qaoa_p1,1,hybrid_level3,29,v4_beam,"supported QAOA with density 0.750 inside [0.45, 0.80]",336,336,198,116,46.63466666666671,0.9369218000065302,0.017520699999295175,0.9555571000091732,62,9.169034184567512e-15,8.944460389593577e-15,44.05817222767862,44.05817222767941,False,0,nan,nan,0.0,"[14, 5, 0, 15, 2, 6, 9, 10, 8, 7, 12, 11, 1, 4, 3, 13]"
workload,er75,80002,36340926,0.75,qaoa_p1,1,stock_level3,47,stock_qiskit,stock Qiskit Level 3 baseline,385,385,258,146,55.63733333333342,0.0,0.02021930000046268,0.02126039999711793,0,1.025273909072197e-14,9.91147629229194e-15,44.05817222767862,44.0581722276795,False,0,nan,nan,0.0,"[9, 3, 5, 8, 14, 11, 15, 12, 13, 6, 2, 10, 7, 0, 4, 1]"
workload,er75,80002,36340926,0.75,qaoa_p1,1,hybrid_level3,47,v4_beam,"supported QAOA with density 0.750 inside [0.45, 0.80]",338,338,190,125,50.04800000000005,0.7220464999991236,0.01700229999551084,0.7402289999881759,62,9.150295017668709e-15,8.919034446991244e-15,44.05817222767862,44.05817222767941,False,0,nan,nan,0.0,"[13, 8, 0, 14, 2, 6, 5, 10, 9, 7, 11, 15, 1, 4, 3, 12]"
workload,er75,80002,36340926,0.75,qaoa_p2,2,stock_level3,11,stock_qiskit,stock Qiskit Level 3 baseline,871,871,548,313,119.31733333333389,0.0,0.033916900007170625,0.036080799996852875,0,1.525492531181292e-14,1.4917323375090294e-14,42.439129247555925,42.43912924755718,False,0,nan,nan,0.0,"[5, 15, 9, 11, 8, 14, 13, 12, 6, 10, 3, 7, 0, 2, 4, 1]"
workload,er75,80002,36340926,0.75,qaoa_p2,2,hybrid_level3,11,v4_beam,"supported QAOA with density 0.750 inside [0.45, 0.80]",694,694,374,221,87.41688888888913,1.471315400005551,0.028157399996416643,1.501394100007019,128,1.5845568700369448e-14,1.5377735638993657e-14,42.439129247555925,42.439129247557226,False,0,nan,nan,0.0,"[5, 3, 4, 10, 6, 7, 12, 1, 11, 9, 0, 14, 15, 8, 13, 2]"
workload,er75,80002,36340926,0.75,qaoa_p2,2,stock_level3,29,stock_qiskit,stock Qiskit Level 3 baseline,822,822,564,304,116.80000000000047,0.0,0.03866599999309983,0.04106350000074599,0,2.1003627806827707e-14,2.0720606480365038e-14,42.439129247555925,42.43912924755768,False,0,nan,nan,0.0,"[9, 5, 8, 15, 11, 14, 13, 12, 6, 10, 3, 7, 0, 2, 4, 1]"
workload,er75,80002,36340926,0.75,qaoa_p2,2,hybrid_level3,29,v4_beam,"supported QAOA with density 0.750 inside [0.45, 0.80]",688,688,399,230,92.97066666666696,1.4238201999978628,0.027575300002354197,1.4532290000061039,128,1.6786862951716894e-14,1.6338373408143196e-14,42.439129247555925,42.43912924755732,False,0,nan,nan,0.0,"[5, 3, 4, 10, 6, 7, 12, 1, 11, 9, 0, 14, 15, 8, 13, 2]"
workload,er75,80002,36340926,0.75,qaoa_p2,2,stock_level3,47,stock_qiskit,stock Qiskit Level 3 baseline,843,843,545,325,127.6088888888894,0.0,0.03546370001276955,0.03741400000581052,0,2.0421487674966345e-14,2.013571559419096e-14,42.439129247555925,42.439129247557624,False,0,nan,nan,0.0,"[2, 9, 15, 13, 14, 11, 8, 5, 3, 0, 12, 1, 6, 10, 4, 7]"
workload,er75,80002,36340926,0.75,qaoa_p2,2,hybrid_level3,47,v4_beam,"supported QAOA with density 0.750 inside [0.45, 0.80]",699,699,380,241,97.79200000000031,1.6073347000055946,0.028774199992767535,1.6380425999959698,128,1.701949403087488e-14,1.6733738708332158e-14,42.439129247555925,42.43912924755734,False,0,nan,nan,0.0,"[0, 4, 3, 2, 1, 5, 12, 10, 8, 9, 7, 14, 15, 11, 13, 6]"
workload,er75,80003,36340927,0.75,qaoa_p1,1,stock_level3,11,stock_qiskit,stock Qiskit Level 3 baseline,370,370,253,139,51.15022222222231,0.0,0.029538499991758727,0.03145999999833293,0,1.3215953657195842e-14,1.3044294764252645e-14,42.4070550022401,42.40705500224121,False,0,nan,nan,0.0,"[2, 3, 0, 6, 1, 4, 7, 15, 10, 5, 12, 13, 9, 14, 8, 11]"
workload,er75,80003,36340927,0.75,qaoa_p1,1,hybrid_level3,11,v4_beam,"supported QAOA with density 0.750 inside [0.45, 0.80]",352,352,215,122,49.6782222222223,0.8944233000074746,0.018774099997244775,0.914459400009946,68,1.0976138424996846e-14,1.0812531714250755e-14,42.4070550022401,42.40705500224102,False,0,nan,nan,0.0,"[15, 5, 12, 7, 3, 14, 2, 10, 8, 0, 9, 4, 13, 6, 1, 11]"
workload,er75,80003,36340927,0.75,qaoa_p1,1,stock_level3,29,stock_qiskit,stock Qiskit Level 3 baseline,383,383,285,144,55.87911111111122,0.0,0.02316840000275988,0.02433819998987019,0,1.5847012786318484e-14,1.5671545807965138e-14,42.4070550022401,42.40705500224143,False,0,nan,nan,0.0,"[0, 3, 2, 6, 1, 4, 7, 15, 10, 12, 9, 11, 5, 8, 13, 14]"
workload,er75,80003,36340927,0.75,qaoa_p1,1,hybrid_level3,29,v4_beam,"supported QAOA with density 0.750 inside [0.45, 0.80]",350,350,210,122,49.1093333333334,0.7683877000090433,0.01578289999451954,0.7856316000106744,68,1.0393800884691331e-14,1.0236322428051586e-14,42.4070550022401,42.40705500224097,False,0,nan,nan,0.0,"[15, 5, 12, 7, 3, 14, 2, 4, 8, 0, 9, 6, 13, 10, 1, 11]"
workload,er75,80003,36340927,0.75,qaoa_p1,1,stock_level3,47,stock_qiskit,stock Qiskit Level 3 baseline,396,396,313,175,67.42755555555571,0.0,0.03125,0.03335309999238234,0,1.389543470593725e-14,1.3521757692745696e-14,42.4070550022401,42.40705500224126,False,0,nan,nan,0.0,"[3, 9, 5, 8, 11, 14, 15, 13, 12, 2, 6, 10, 0, 1, 7, 4]"
workload,er75,80003,36340927,0.75,qaoa_p1,1,hybrid_level3,47,v4_beam,"supported QAOA with density 0.750 inside [0.45, 0.80]",351,351,209,119,48.15644444444453,0.7913801999966381,0.015207200005534105,0.8078404999978375,68,1.0657437329977198e-14,1.0504281561088829e-14,42.4070550022401,42.407055002240995,False,0,nan,nan,0.0,"[15, 5, 12, 0, 3, 8, 2, 1, 11, 7, 14, 6, 13, 10, 4, 9]"
workload,er75,80003,36340927,0.75,qaoa_p2,2,stock_level3,11,stock_qiskit,stock Qiskit Level 3 baseline,843,843,527,331,127.01866666666717,0.0,0.03707530000247061,0.039159800013294443,0,1.660022624953586e-14,1.6335865436867146e-14,44.91154371247039,44.91154371247186,False,0,nan,nan,0.0,"[3, 9, 5, 11, 8, 14, 15, 13, 6, 2, 1, 12, 0, 4, 10, 7]"
workload,er75,80003,36340927,0.75,qaoa_p2,2,hybrid_level3,11,v4_beam,"supported QAOA with density 0.750 inside [0.45, 0.80]",746,746,524,302,124.43022222222275,1.597231899999315,0.03989010000077542,1.6392991000029724,133,1.4078669311465017e-14,1.3675187693643514e-14,44.91154371247039,44.91154371247162,False,0,nan,nan,0.0,"[14, 5, 7, 4, 1, 6, 10, 11, 15, 9, 0, 2, 13, 8, 3, 12]"
workload,er75,80003,36340927,0.75,qaoa_p2,2,stock_level3,29,stock_qiskit,stock Qiskit Level 3 baseline,851,851,502,301,114.97244444444495,0.0,0.034505000003264286,0.03636339999502525,0,1.556994731226868e-14,1.521234127249575e-14,44.91154371247039,44.911543712471754,False,0,nan,nan,0.0,"[9, 3, 5, 14, 15, 8, 11, 13, 12, 6, 10, 2, 0, 1, 7, 4]"
workload,er75,80003,36340927,0.75,qaoa_p2,2,hybrid_level3,29,v4_beam,"supported QAOA with density 0.750 inside [0.45, 0.80]",728,728,455,262,102.62755555555603,1.479893900002935,0.02528859999438282,1.5071099000051618,133,1.44222852896435e-14,1.4046289951204548e-14,44.91154371247039,44.911543712471655,False,0,nan,nan,0.0,"[14, 8, 15, 12, 2, 6, 4, 13, 10, 5, 0, 9, 1, 11, 3, 7]"
workload,er75,80003,36340927,0.75,qaoa_p2,2,stock_level3,47,stock_qiskit,stock Qiskit Level 3 baseline,883,883,515,325,122.13333333333394,0.0,0.03547640000761021,0.03735400000005029,0,1.663611752979899e-14,1.6373735251733997e-14,44.91154371247039,44.91154371247186,False,0,nan,nan,0.0,"[6, 2, 0, 1, 15, 4, 7, 12, 10, 3, 9, 14, 13, 11, 5, 8]"
workload,er75,80003,36340927,0.75,qaoa_p2,2,hybrid_level3,47,v4_beam,"supported QAOA with density 0.750 inside [0.45, 0.80]",708,708,450,240,95.70133333333376,1.46379419999721,0.025953599993954413,1.4916203000029782,133,1.4814735152184315e-14,1.443631741182269e-14,44.91154371247039,44.91154371247169,False,0,nan,nan,0.0,"[15, 8, 7, 4, 1, 5, 12, 14, 10, 3, 0, 9, 6, 11, 2, 13]"
workload,er75,80004,36340928,0.75,qaoa_p1,1,stock_level3,11,stock_qiskit,stock Qiskit Level 3 baseline,382,382,272,149,57.67822222222235,0.0,0.02028260000224691,0.021316700003808364,0,1.0771503330243159e-14,1.055109168624679e-14,44.979641535689126,44.97964153569007,False,0,nan,nan,0.0,"[9, 8, 3, 6, 0, 1, 7, 2, 5, 4, 13, 14, 11, 15, 10, 12]"
workload,er75,80004,36340928,0.75,qaoa_p1,1,hybrid_level3,11,v4_beam,"supported QAOA with density 0.750 inside [0.45, 0.80]",327,327,219,122,49.059555555555626,0.7854593999945791,0.015444699994986877,0.8026080000126967,65,9.500202836100929e-15,9.304137050018125e-15,44.979641535689126,44.979641535689964,False,0,nan,nan,0.0,"[2, 5, 12, 14, 13, 10, 9, 15, 6, 8, 0, 4, 3, 11, 7, 1]"
workload,er75,80004,36340928,0.75,qaoa_p1,1,stock_level3,29,stock_qiskit,stock Qiskit Level 3 baseline,370,370,291,148,60.01066666666672,0.0,0.021568399999523535,0.022626700010732748,0,1.239528706308733e-14,1.2182281958639692e-14,44.979641535689126,44.97964153569021,False,0,nan,nan,0.0,"[15, 13, 14, 9, 11, 5, 0, 8, 12, 3, 10, 7, 6, 4, 2, 1]"
workload,er75,80004,36340928,0.75,qaoa_p1,1,hybrid_level3,29,v4_beam,"supported QAOA with density 0.750 inside [0.45, 0.80]",330,330,236,134,54.92622222222229,0.762479600001825,0.02226090000476688,0.7860062999970978,65,9.61288913398021e-15,9.421226235684722e-15,44.979641535689126,44.97964153568997,False,0,nan,nan,0.0,"[1, 5, 13, 14, 10, 12, 9, 15, 7, 8, 0, 4, 2, 11, 6, 3]"
workload,er75,80004,36340928,0.75,qaoa_p1,1,stock_level3,47,stock_qiskit,stock Qiskit Level 3 baseline,378,378,276,164,65.45066666666682,0.0,0.02001849999942351,0.021044199995230883,0,8.336291074709248e-15,8.1382710629311e-15,44.979641535689126,44.979641535689865,False,0,nan,nan,0.0,"[5, 9, 3, 0, 2, 4, 6, 1, 8, 7, 11, 15, 10, 14, 12, 13]"
workload,er75,80004,36340928,0.75,qaoa_p1,1,hybrid_level3,47,v4_beam,"supported QAOA with density 0.750 inside [0.45, 0.80]",336,336,213,125,50.68800000000006,0.8222110000060638,0.015161599993007258,0.8385111999959918,65,9.117923140002931e-15,8.923442252903354e-15,44.979641535689126,44.979641535689936,False,0,nan,nan,0.0,"[5, 4, 13, 11, 12, 15, 9, 10, 6, 1, 3, 0, 8, 2, 14, 7]"
workload,er75,80004,36340928,0.75,qaoa_p2,2,stock_level3,11,stock_qiskit,stock Qiskit Level 3 baseline,839,839,537,329,126.94755555555605,0.0,0.035422999993897974,0.03725449999910779,0,1.3938495769873375e-14,1.3535264384278714e-14,44.46032100295689,44.4603210029581,False,0,nan,nan,0.0,"[5, 8, 9, 13, 14, 11, 15, 3, 0, 2, 12, 7, 6, 10, 1, 4]"
workload,er75,80004,36340928,0.75,qaoa_p2,2,hybrid_level3,11,v4_beam,"supported QAOA with density 0.750 inside [0.45, 0.80]",690,690,474,258,106.38933333333378,1.4560316999995848,0.024621200005640276,1.4825141999899643,125,1.515152803131516e-14,1.484835741526458e-14,44.46032100295689,44.46032100295821,False,0,nan,nan,0.0,"[15, 7, 2, 0, 5, 9, 3, 12, 13, 1, 6, 10, 8, 4, 14, 11]"
workload,er75,80004,36340928,0.75,qaoa_p2,2,stock_level3,29,stock_qiskit,stock Qiskit Level 3 baseline,840,840,614,326,121.87733333333385,0.0,0.037604500001179986,0.03951909999886993,0,1.5965395279024198e-14,1.5611992859105388e-14,44.46032100295689,44.46032100295827,False,0,nan,nan,0.0,"[2, 9, 3, 8, 5, 11, 6, 14, 15, 13, 10, 12, 0, 1, 7, 4]"
workload,er75,80004,36340928,0.75,qaoa_p2,2,hybrid_level3,29,v4_beam,"supported QAOA with density 0.750 inside [0.45, 0.80]",684,684,449,244,102.0657777777782,1.3721094999928027,0.02506349999748636,1.3990658999973675,125,1.426845951067419e-14,1.3967517226286229e-14,44.46032100295689,44.460321002958125,False,0,nan,nan,0.0,"[5, 6, 4, 7, 9, 11, 0, 8, 3, 10, 1, 12, 14, 2, 15, 13]"
workload,er75,80004,36340928,0.75,qaoa_p2,2,stock_level3,47,stock_qiskit,stock Qiskit Level 3 baseline,808,808,547,295,111.73688888888938,0.0,0.03666720000910573,0.03858429999672808,0,1.5929802379620794e-14,1.5514608257035652e-14,44.46032100295689,44.46032100295827,False,0,nan,nan,0.0,"[2, 6, 0, 4, 1, 7, 15, 10, 12, 9, 13, 14, 3, 11, 8, 5]"
workload,er75,80004,36340928,0.75,qaoa_p2,2,hybrid_level3,47,v4_beam,"supported QAOA with density 0.750 inside [0.45, 0.80]",705,705,488,276,111.16088888888932,1.356285600006231,0.025697199991554953,1.3838684999936959,125,1.4517256030666907e-14,1.4174456486788606e-14,44.46032100295689,44.460321002958146,False,0,nan,nan,0.0,"[2, 0, 7, 14, 9, 8, 6, 3, 5, 15, 4, 10, 11, 1, 12, 13]"
workload,er75,80005,36340929,0.75,qaoa_p1,1,stock_level3,11,stock_qiskit,stock Qiskit Level 3 baseline,391,391,276,186,75.05066666666687,0.0,0.019699900003615767,0.020741399988764897,0,9.819688885079922e-15,9.625644180309957e-15,44.29334769063121,44.293347690632054,False,0,nan,nan,0.0,"[9, 8, 11, 5, 14, 15, 12, 13, 7, 6, 10, 1, 0, 4, 3, 2]"
workload,er75,80005,36340929,0.75,qaoa_p1,1,hybrid_level3,11,v4_beam,"supported QAOA with density 0.750 inside [0.45, 0.80]",351,351,241,139,55.44533333333341,0.7576268999982858,0.014722099993377924,0.7734446999966167,64,9.1151293523932e-15,8.939299979695463e-15,44.29334769063121,44.293347690632,False,0,nan,nan,0.0,"[9, 6, 2, 15, 5, 11, 14, 3, 8, 10, 0, 7, 12, 13, 1, 4]"
workload,er75,80005,36340929,0.75,qaoa_p1,1,stock_level3,29,stock_qiskit,stock Qiskit Level 3 baseline,382,382,302,156,65.00977777777783,0.0,0.023099600002751686,0.024241599996457808,0,1.1553198354567477e-14,1.1179222895044976e-14,44.29334769063121,44.29334769063218,False,0,nan,nan,0.0,"[15, 12, 13, 10, 14, 9, 11, 8, 5, 3, 0, 2, 6, 1, 4, 7]"
workload,er75,80005,36340929,0.75,qaoa_p1,1,hybrid_level3,29,v4_beam,"supported QAOA with density 0.750 inside [0.45, 0.80]",351,351,238,136,53.95911111111119,0.7228171000024304,0.015297799996915273,0.7392134999972768,64,9.204028233108873e-15,9.0151212638654e-15,44.29334769063121,44.293347690632004,False,0,nan,nan,0.0,"[9, 6, 0, 15, 5, 11, 14, 3, 8, 10, 7, 4, 12, 13, 2, 1]"
workload,er75,80005,36340929,0.75,qaoa_p1,1,stock_level3,47,stock_qiskit,stock Qiskit Level 3 baseline,408,408,307,185,72.52622222222237,0.0,0.020697500003734604,0.021786099998280406,0,8.870132652451219e-15,8.587887195810448e-15,44.29334769063121,44.29334769063196,False,0,nan,nan,0.0,"[3, 9, 8, 5, 11, 14, 15, 12, 13, 10, 6, 2, 0, 7, 1, 4]"
workload,er75,80005,36340929,0.75,qaoa_p1,1,hybrid_level3,47,v4_beam,"supported QAOA with density 0.750 inside [0.45, 0.80]",351,351,239,136,54.76266666666675,0.7329878000018653,0.021913500007940456,0.7560896999930264,64,9.204028233108873e-15,9.0151212638654e-15,44.29334769063121,44.293347690632004,False,0,nan,nan,0.0,"[8, 6, 0, 15, 9, 11, 14, 3, 5, 10, 7, 4, 12, 13, 2, 1]"
workload,er75,80005,36340929,0.75,qaoa_p2,2,stock_level3,11,stock_qiskit,stock Qiskit Level 3 baseline,859,859,540,313,123.84711111111159,0.0,0.037913600011961535,0.03980240000237245,0,1.743323607349811e-14,1.6879890762262365e-14,45.361123134184204,45.36112313418574,False,0,nan,nan,0.0,"[9, 10, 8, 11, 15, 14, 13, 12, 5, 3, 0, 1, 2, 6, 4, 7]"
workload,er75,80005,36340929,0.75,qaoa_p2,2,hybrid_level3,11,v4_beam,"supported QAOA with density 0.750 inside [0.45, 0.80]",755,755,486,297,116.74311111111155,1.428313900003559,0.025035999991814606,1.4552096999977948,125,1.5401426700110237e-14,1.490247770211682e-14,45.361123134184204,45.36112313418556,False,0,nan,nan,0.0,"[9, 11, 14, 0, 8, 5, 13, 4, 10, 3, 7, 1, 2, 6, 12, 15]"
workload,er75,80005,36340929,0.75,qaoa_p2,2,stock_level3,29,stock_qiskit,stock Qiskit Level 3 baseline,835,835,511,300,119.23911111111148,0.0,0.034477500012144446,0.03628020000178367,0,1.8799883429124238e-14,1.7852566950966217e-14,45.361123134184204,45.36112313418583,False,0,nan,nan,0.0,"[5, 9, 0, 3, 6, 2, 4, 1, 8, 11, 15, 7, 14, 13, 10, 12]"
workload,er75,80005,36340929,0.75,qaoa_p2,2,hybrid_level3,29,v4_beam,"supported QAOA with density 0.750 inside [0.45, 0.80]",842,842,489,320,126.59911111111153,1.343892799995956,0.025378100006491877,1.3713281000091229,125,1.3548839536116247e-14,1.3015668121597596e-14,45.361123134184204,45.361123134185384,False,0,nan,nan,0.0,"[0, 13, 8, 6, 14, 3, 5, 7, 10, 9, 11, 4, 2, 12, 1, 15]"
workload,er75,80005,36340929,0.75,qaoa_p2,2,stock_level3,47,stock_qiskit,stock Qiskit Level 3 baseline,848,848,535,300,119.97155555555612,0.0,0.034665999992284924,0.03653709999343846,0,1.9503660299116324e-14,1.845253888979837e-14,45.361123134184204,45.36112313418587,False,0,nan,nan,0.0,"[6, 0, 7, 1, 2, 9, 3, 5, 4, 15, 10, 13, 12, 8, 11, 14]"
workload,er75,80005,36340929,0.75,qaoa_p2,2,hybrid_level3,47,v4_beam,"supported QAOA with density 0.750 inside [0.45, 0.80]",832,832,518,314,124.6577777777783,1.469123300004867,0.025440799989155494,1.4966435999958776,125,1.5193469905816577e-14,1.455517423534133e-14,45.361123134184204,45.36112313418552,False,0,nan,nan,0.0,"[0, 13, 9, 5, 14, 6, 11, 7, 1, 3, 15, 4, 8, 10, 2, 12]"
workload,er75,80006,36340930,0.75,qaoa_p1,1,stock_level3,11,stock_qiskit,stock Qiskit Level 3 baseline,416,416,301,195,73.38666666666684,0.0,0.020190199997159652,0.021367399996961467,0,8.568777943212288e-15,8.108266491797395e-15,44.551031621118014,44.55103162111874,False,0,nan,nan,0.0,"[9, 11, 8, 5, 0, 2, 3, 10, 4, 1, 6, 7, 15, 14, 12, 13]"
workload,er75,80006,36340930,0.75,qaoa_p1,1,hybrid_level3,11,v4_beam,"supported QAOA with density 0.750 inside [0.45, 0.80]",364,364,209,128,50.040888888888965,0.7830572999955621,0.01487009999982547,0.7991016000014497,72,1.0296851848587636e-14,1.0139170692278159e-14,44.551031621118014,44.55103162111891,False,0,nan,nan,0.0,"[12, 11, 3, 13, 4, 8, 0, 10, 2, 15, 7, 6, 9, 1, 14, 5]"
workload,er75,80006,36340930,0.75,qaoa_p1,1,stock_level3,29,stock_qiskit,stock Qiskit Level 3 baseline,410,410,281,160,61.8382222222223,0.0,0.02021000000240747,0.0212452999985544,0,1.0488625458196853e-14,1.0154843916033972e-14,44.551031621118014,44.551031621118916,False,0,nan,nan,0.0,"[11, 8, 9, 13, 15, 14, 5, 3, 0, 12, 2, 1, 6, 10, 4, 7]"
workload,er75,80006,36340930,0.75,qaoa_p1,1,hybrid_level3,29,v4_beam,"supported QAOA with density 0.750 inside [0.45, 0.80]",355,355,208,120,50.58844444444451,0.8280295000004116,0.015277400001650676,0.8444085999944946,72,1.0659129269485815e-14,1.0490845148675347e-14,44.551031621118014,44.55103162111895,False,0,nan,nan,0.0,"[12, 11, 4, 8, 13, 15, 7, 5, 3, 10, 1, 0, 9, 2, 14, 6]"
workload,er75,80006,36340930,0.75,qaoa_p1,1,stock_level3,47,stock_qiskit,stock Qiskit Level 3 baseline,409,409,300,183,72.85333333333348,0.0,0.021009400006732903,0.022050799991120584,0,1.0441597697628489e-14,1.0246600378786054e-14,44.551031621118014,44.55103162111893,False,0,nan,nan,0.0,"[15, 13, 12, 8, 9, 11, 14, 5, 2, 0, 3, 10, 6, 1, 7, 4]"
workload,er75,80006,36340930,0.75,qaoa_p1,1,hybrid_level3,47,v4_beam,"supported QAOA with density 0.750 inside [0.45, 0.80]",364,364,219,123,49.90577777777784,0.7569203000020934,0.017655800009379163,0.7758638999948744,72,1.0548120971932875e-14,1.0386526529034812e-14,44.551031621118014,44.551031621118945,False,0,nan,nan,0.0,"[10, 9, 1, 11, 12, 15, 4, 14, 3, 7, 5, 0, 8, 2, 13, 6]"
workload,er75,80006,36340930,0.75,qaoa_p2,2,stock_level3,11,stock_qiskit,stock Qiskit Level 3 baseline,850,850,537,325,123.32800000000046,0.0,0.05255540000507608,0.05621029999747407,0,1.2820736533786864e-14,1.2044290597181983e-14,44.96343736068017,44.96343736068125,False,0,nan,nan,0.0,"[0, 1, 4, 6, 7, 15, 10, 12, 13, 2, 9, 14, 11, 3, 8, 5]"
workload,er75,80006,36340930,0.75,qaoa_p2,2,hybrid_level3,11,v4_beam,"supported QAOA with density 0.750 inside [0.45, 0.80]",749,749,438,262,101.34755555555591,1.480897899993579,0.026077900009113364,1.5090449999988778,135,1.2176537798400832e-14,1.1960318236882522e-14,44.96343736068017,44.96343736068125,False,0,nan,nan,0.0,"[3, 2, 7, 13, 15, 8, 11, 10, 14, 0, 5, 12, 4, 1, 6, 9]"
workload,er75,80006,36340930,0.75,qaoa_p2,2,stock_level3,29,stock_qiskit,stock Qiskit Level 3 baseline,849,849,560,297,112.86044444444498,0.0,0.03541739999491256,0.03732760000275448,0,1.3702470448912441e-14,1.2792026948398434e-14,44.96343736068017,44.963437360681304,False,0,nan,nan,0.0,"[2, 9, 3, 5, 8, 11, 13, 14, 12, 15, 10, 6, 0, 7, 1, 4]"
workload,er75,80006,36340930,0.75,qaoa_p2,2,hybrid_level3,29,v4_beam,"supported QAOA with density 0.750 inside [0.45, 0.80]",757,757,439,258,102.2293333333337,1.5995277999900281,0.02691909999703057,1.6285364999930607,135,1.2648190385208434e-14,1.243626697979912e-14,44.96343736068017,44.96343736068129,False,0,nan,nan,0.0,"[3, 2, 7, 13, 14, 8, 11, 10, 6, 0, 5, 12, 4, 1, 15, 9]"
workload,er75,80006,36340930,0.75,qaoa_p2,2,stock_level3,47,stock_qiskit,stock Qiskit Level 3 baseline,857,857,544,319,122.81600000000047,0.0,0.03559799998765811,0.03749389998847619,0,1.3714160660282883e-14,1.3091494419955461e-14,44.96343736068017,44.96343736068133,False,0,nan,nan,0.0,"[0, 1, 4, 15, 6, 7, 13, 12, 10, 2, 11, 14, 8, 9, 3, 5]"
workload,er75,80006,36340930,0.75,qaoa_p2,2,hybrid_level3,47,v4_beam,"supported QAOA with density 0.750 inside [0.45, 0.80]",775,775,471,279,108.62222222222262,1.616536299989093,0.02914969999983441,1.6478235999966273,135,1.1990865013844694e-14,1.1716971293482985e-14,44.96343736068017,44.9634373606812,False,0,nan,nan,0.0,"[9, 1, 4, 10, 13, 12, 11, 0, 14, 5, 15, 7, 3, 2, 6, 8]"
workload,er75,80007,36340931,0.75,qaoa_p1,1,stock_level3,11,stock_qiskit,stock Qiskit Level 3 baseline,370,370,299,162,59.66222222222234,0.0,0.02503400000568945,0.026301200006855652,0,1.096237302132021e-14,1.0721787487450524e-14,44.678353505391556,44.67835350539251,False,0,nan,nan,0.0,"[0, 1, 2, 10, 6, 7, 4, 15, 3, 12, 13, 9, 5, 8, 14, 11]"
workload,er75,80007,36340931,0.75,qaoa_p1,1,hybrid_level3,11,v4_beam,"supported QAOA with density 0.750 inside [0.45, 0.80]",355,355,224,124,49.159111111111194,0.6784753999963868,0.015681699995184317,0.6954441999987466,66,7.41618000814379e-15,7.213777098647772e-15,44.678353505391556,44.6783535053922,False,0,nan,nan,0.0,"[7, 11, 9, 15, 5, 3, 10, 14, 1, 4, 2, 0, 6, 12, 13, 8]"
workload,er75,80007,36340931,0.75,qaoa_p1,1,stock_level3,29,stock_qiskit,stock Qiskit Level 3 baseline,373,373,291,142,53.219555555555665,0.0,0.021529699995880947,0.022725799994077533,0,9.542733323906258e-15,9.22582295996901e-15,44.678353505391556,44.67835350539238,False,0,nan,nan,0.0,"[9, 5, 8, 0, 2, 3, 15, 1, 11, 6, 4, 14, 13, 12, 7, 10]"
workload,er75,80007,36340931,0.75,qaoa_p1,1,hybrid_level3,29,v4_beam,"supported QAOA with density 0.750 inside [0.45, 0.80]",358,358,230,128,50.73777777777788,0.7682995000068331,0.016059599991422147,0.7864348000002792,66,7.37082477265662e-15,7.1690328504401e-15,44.678353505391556,44.6783535053922,False,0,nan,nan,0.0,"[12, 11, 9, 15, 1, 3, 0, 13, 8, 7, 2, 4, 6, 10, 14, 5]"
workload,er75,80007,36340931,0.75,qaoa_p1,1,stock_level3,47,stock_qiskit,stock Qiskit Level 3 baseline,362,362,283,139,52.02488888888898,0.0,0.025355899997521192,0.026787299997522496,0,9.278469780401543e-15,8.903711431809547e-15,44.678353505391556,44.678353505392366,False,0,nan,nan,0.0,"[15, 3, 0, 6, 2, 1, 4, 7, 9, 10, 12, 5, 14, 8, 13, 11]"
workload,er75,80007,36340931,0.75,qaoa_p1,1,hybrid_level3,47,v4_beam,"supported QAOA with density 0.750 inside [0.45, 0.80]",351,351,237,134,52.70044444444452,0.9021195999957854,0.018379999994067475,0.921949700001278,66,7.503562502597044e-15,7.303760216550885e-15,44.678353505391556,44.6783535053922,False,0,nan,nan,0.0,"[0, 15, 9, 7, 14, 5, 1, 13, 8, 4, 3, 12, 6, 2, 10, 11]"
workload,er75,80007,36340931,0.75,qaoa_p2,2,stock_level3,11,stock_qiskit,stock Qiskit Level 3 baseline,843,843,554,346,129.42933333333374,0.0,0.03559230000246316,0.037565300008282065,0,1.6771407813827573e-14,1.633745503354352e-14,41.43136889097848,41.43136889097984,False,0,nan,nan,0.0,"[0, 2, 3, 6, 4, 1, 7, 15, 5, 10, 13, 9, 12, 11, 8, 14]"
workload,er75,80007,36340931,0.75,qaoa_p2,2,hybrid_level3,11,v4_beam,"supported QAOA with density 0.750 inside [0.45, 0.80]",707,707,460,253,101.88088888888932,1.4757430000026943,0.02517959999386221,1.5028708999889204,129,1.7122926734920973e-14,1.6716721195054083e-14,41.43136889097848,41.43136889097987,False,0,nan,nan,0.0,"[1, 2, 15, 9, 4, 13, 10, 8, 6, 11, 12, 14, 5, 0, 3, 7]"
workload,er75,80007,36340931,0.75,qaoa_p2,2,stock_level3,29,stock_qiskit,stock Qiskit Level 3 baseline,809,809,539,291,109.40444444444493,0.0,0.03582240000832826,0.03769779999856837,0,2.0889465776600096e-14,2.044763644255685e-14,41.43136889097848,41.43136889098017,False,0,nan,nan,0.0,"[9, 3, 11, 15, 8, 5, 14, 13, 2, 12, 1, 0, 10, 4, 6, 7]"
workload,er75,80007,36340931,0.75,qaoa_p2,2,hybrid_level3,29,v4_beam,"supported QAOA with density 0.750 inside [0.45, 0.80]",725,725,493,276,110.64177777777822,1.4045589000015752,0.025316999992355704,1.4317566999961855,129,1.661484328556095e-14,1.6215525130141145e-14,41.43136889097848,41.431368890979826,False,0,nan,nan,0.0,"[2, 3, 15, 8, 1, 13, 6, 7, 4, 10, 12, 9, 5, 11, 0, 14]"
workload,er75,80007,36340931,0.75,qaoa_p2,2,stock_level3,47,stock_qiskit,stock Qiskit Level 3 baseline,824,824,517,293,110.13688888888937,0.0,0.035018399998079985,0.0369895999901928,0,1.8462945214142194e-14,1.7989275802346204e-14,41.43136889097848,41.43136889097997,False,0,nan,nan,0.0,"[3, 2, 0, 6, 1, 4, 7, 15, 9, 10, 12, 5, 14, 8, 13, 11]"
workload,er75,80007,36340931,0.75,qaoa_p2,2,hybrid_level3,47,v4_beam,"supported QAOA with density 0.750 inside [0.45, 0.80]",774,774,485,297,118.37155555555596,1.3514257999922847,0.027215399997658096,1.3806691000063438,129,1.504453562179212e-14,1.4675046711818997e-14,41.43136889097848,41.4313688909797,False,0,nan,nan,0.0,"[4, 2, 15, 9, 7, 12, 5, 1, 3, 6, 10, 13, 8, 11, 0, 14]"
workload,er75,80008,36340932,0.75,qaoa_p1,1,stock_level3,11,stock_qiskit,stock Qiskit Level 3 baseline,378,378,275,155,59.67644444444455,0.0,0.022957599998335354,0.024210399991716258,0,9.291167715681365e-15,8.997762402759005e-15,41.23126763104656,41.2312676310473,False,0,nan,nan,0.0,"[9, 3, 5, 11, 8, 14, 13, 12, 15, 10, 6, 4, 7, 2, 0, 1]"
workload,er75,80008,36340932,0.75,qaoa_p1,1,hybrid_level3,11,v4_beam,"supported QAOA with density 0.750 inside [0.45, 0.80]",330,330,209,106,41.927111111111145,0.7477079999953276,0.01615779999701772,0.7650848999910522,69,1.0519001678983277e-14,1.0281947602647768e-14,41.23126763104656,41.23126763104741,False,0,nan,nan,0.0,"[7, 3, 15, 1, 14, 4, 12, 8, 6, 13, 5, 10, 0, 2, 11, 9]"
workload,er75,80008,36340932,0.75,qaoa_p1,1,stock_level3,29,stock_qiskit,stock Qiskit Level 3 baseline,377,377,300,162,60.416000000000075,0.0,0.03245630000310484,0.03454619999683928,0,1.1038176419856242e-14,1.078464686888302e-14,41.23126763104656,41.23126763104745,False,0,nan,nan,0.0,"[5, 9, 8, 11, 13, 14, 15, 12, 3, 10, 0, 1, 2, 6, 7, 4]"
workload,er75,80008,36340932,0.75,qaoa_p1,1,hybrid_level3,29,v4_beam,"supported QAOA with density 0.750 inside [0.45, 0.80]",329,329,213,109,42.901333333333376,0.7887916999898152,0.016138899998622946,0.8061070999974618,69,1.031602743490603e-14,1.0094862871773651e-14,41.23126763104656,41.231267631047395,False,0,nan,nan,0.0,"[4, 12, 15, 2, 11, 1, 13, 9, 6, 14, 3, 7, 0, 10, 8, 5]"
workload,er75,80008,36340932,0.75,qaoa_p1,1,stock_level3,47,stock_qiskit,stock Qiskit Level 3 baseline,383,383,304,170,66.4177777777779,0.0,0.020993099999031983,0.022904299999936484,0,8.105368672205917e-15,7.742483722915152e-15,41.23126763104656,41.2312676310472,False,0,nan,nan,0.0,"[9, 5, 8, 11, 14, 15, 13, 6, 12, 0, 10, 7, 3, 2, 4, 1]"
workload,er75,80008,36340932,0.75,qaoa_p1,1,hybrid_level3,47,v4_beam,"supported QAOA with density 0.750 inside [0.45, 0.80]",329,329,214,111,43.228444444444484,0.7392930000060005,0.015600699989590794,0.7560597999981837,69,1.031602743490603e-14,1.0094862871773651e-14,41.23126763104656,41.231267631047395,False,0,nan,nan,0.0,"[4, 13, 15, 2, 11, 1, 10, 9, 6, 14, 3, 7, 0, 12, 8, 5]"
workload,er75,80008,36340932,0.75,qaoa_p2,2,stock_level3,11,stock_qiskit,stock Qiskit Level 3 baseline,812,812,526,287,107.23555555555608,0.0,0.04658340000605676,0.04983200000424404,0,2.0438456439563775e-14,2.0064502068512534e-14,44.910645855704715,44.910645855706505,False,0,nan,nan,0.0,"[0, 2, 1, 6, 7, 4, 15, 12, 10, 14, 13, 9, 3, 5, 11, 8]"
workload,er75,80008,36340932,0.75,qaoa_p2,2,hybrid_level3,11,v4_beam,"supported QAOA with density 0.750 inside [0.45, 0.80]",689,689,421,224,92.72888888888922,1.4327436000021407,0.025243899988709018,1.4599291000049561,129,1.956511584314236e-14,1.924847496735572e-14,44.910645855704715,44.910645855706434,False,0,nan,nan,0.0,"[3, 2, 15, 12, 10, 11, 0, 8, 7, 9, 1, 14, 4, 13, 5, 6]"
workload,er75,80008,36340932,0.75,qaoa_p2,2,stock_level3,29,stock_qiskit,stock Qiskit Level 3 baseline,801,801,521,284,107.71911111111153,0.0,0.03510120000282768,0.03694030000769999,0,2.0987556741359575e-14,2.0722270004179316e-14,44.910645855704715,44.91064585570656,False,0,nan,nan,0.0,"[9, 5, 8, 13, 11, 14, 6, 15, 3, 12, 2, 1, 0, 4, 10, 7]"
workload,er75,80008,36340932,0.75,qaoa_p2,2,hybrid_level3,29,v4_beam,"supported QAOA with density 0.750 inside [0.45, 0.80]",683,683,420,231,90.12622222222255,1.4554988000018056,0.025392900002771057,1.4827837999910116,129,1.8301184983780988e-14,1.793042577109424e-14,44.910645855704715,44.91064585570632,False,0,nan,nan,0.0,"[2, 1, 15, 12, 10, 9, 0, 5, 7, 8, 3, 11, 4, 13, 14, 6]"
workload,er75,80008,36340932,0.75,qaoa_p2,2,stock_level3,47,stock_qiskit,stock Qiskit Level 3 baseline,840,840,513,308,117.46844444444498,0.0,0.03430980000121053,0.03613530000438914,0,2.139017609317456e-14,2.1102697901472194e-14,44.910645855704715,44.91064585570661,False,0,nan,nan,0.0,"[0, 1, 6, 10, 7, 13, 15, 12, 14, 4, 9, 11, 2, 3, 8, 5]"
workload,er75,80008,36340932,0.75,qaoa_p2,2,hybrid_level3,47,v4_beam,"supported QAOA with density 0.750 inside [0.45, 0.80]",705,705,423,235,92.7288888888892,1.4280049999943003,0.026430700003402308,1.4563185999868438,129,1.890404641334603e-14,1.858529345668908e-14,44.910645855704715,44.91064585570638,False,0,nan,nan,0.0,"[10, 7, 15, 6, 13, 8, 4, 2, 12, 3, 5, 11, 0, 9, 14, 1]"
workload,er75,80009,36340933,0.75,qaoa_p1,1,stock_level3,11,stock_qiskit,stock Qiskit Level 3 baseline,421,421,306,185,72.60444444444464,0.0,0.020883100005448796,0.022007400009897538,0,9.674242296414078e-15,9.250510333992103e-15,44.91026976825218,44.91026976825301,False,0,nan,nan,0.0,"[11, 3, 9, 8, 5, 0, 6, 2, 4, 1, 14, 15, 7, 13, 10, 12]"
workload,er75,80009,36340933,0.75,qaoa_p1,1,hybrid_level3,11,v4_beam,"supported QAOA with density 0.750 inside [0.45, 0.80]",363,363,235,133,52.444444444444514,0.7534260000102222,0.01664199998776894,0.7712472999992315,67,9.208291722845624e-15,9.03757913963784e-15,44.91026976825218,44.910269768252995,False,0,nan,nan,0.0,"[1, 8, 10, 4, 15, 2, 5, 6, 3, 11, 14, 12, 9, 13, 0, 7]"
workload,er75,80009,36340933,0.75,qaoa_p1,1,stock_level3,29,stock_qiskit,stock Qiskit Level 3 baseline,398,398,296,162,65.45777777777789,0.0,0.020790900001884438,0.02181270001165103,0,1.0689696000985465e-14,1.0329490964171139e-14,44.91026976825218,44.91026976825311,False,0,nan,nan,0.0,"[9, 5, 8, 11, 15, 14, 12, 13, 6, 10, 0, 4, 7, 3, 1, 2]"
workload,er75,80009,36340933,0.75,qaoa_p1,1,hybrid_level3,29,v4_beam,"supported QAOA with density 0.750 inside [0.45, 0.80]",374,374,222,128,51.74044444444453,0.7486093000043184,0.01734000000578817,0.7670736000000034,67,9.063666996638472e-15,8.891869263369416e-15,44.91026976825218,44.91026976825298,False,0,nan,nan,0.0,"[14, 5, 15, 1, 12, 11, 3, 6, 2, 8, 10, 13, 9, 7, 0, 4]"
workload,er75,80009,36340933,0.75,qaoa_p1,1,stock_level3,47,stock_qiskit,stock Qiskit Level 3 baseline,414,414,303,166,64.15644444444456,0.0,0.020729799987748265,0.021762099990155548,0,1.1469953963339585e-14,1.1267845648631112e-14,44.91026976825218,44.9102697682532,False,0,nan,nan,0.0,"[3, 9, 5, 8, 13, 11, 15, 14, 6, 10, 12, 0, 4, 7, 2, 1]"
workload,er75,80009,36340933,0.75,qaoa_p1,1,hybrid_level3,47,v4_beam,"supported QAOA with density 0.750 inside [0.45, 0.80]",370,370,223,131,52.65066666666674,0.7223571999929845,0.01589819999935571,0.7394494000036502,67,9.359858044040991e-15,9.190696004261929e-15,44.91026976825218,44.91026976825301,False,0,nan,nan,0.0,"[14, 9, 1, 4, 13, 11, 3, 6, 2, 8, 15, 12, 5, 10, 0, 7]"
workload,er75,80009,36340933,0.75,qaoa_p2,2,stock_level3,11,stock_qiskit,stock Qiskit Level 3 baseline,890,890,605,382,147.3280000000008,0.0,0.034975399990798905,0.037438799990923144,0,1.5408024881315678e-14,1.5107819202936796e-14,43.94713084893176,43.94713084893308,False,0,nan,nan,0.0,"[9, 5, 8, 11, 14, 15, 13, 0, 3, 1, 2, 6, 7, 4, 12, 10]"
workload,er75,80009,36340933,0.75,qaoa_p2,2,hybrid_level3,11,v4_beam,"supported QAOA with density 0.750 inside [0.45, 0.80]",839,839,546,329,129.6213333333338,1.397507499990752,0.028899400000227615,1.4284132000029786,128,1.3447859108565528e-14,1.2958248179668072e-14,43.94713084893176,43.94713084893289,False,0,nan,nan,0.0,"[0, 4, 12, 15, 10, 2, 7, 3, 5, 9, 6, 13, 11, 8, 14, 1]"
workload,er75,80009,36340933,0.75,qaoa_p2,2,stock_level3,29,stock_qiskit,stock Qiskit Level 3 baseline,918,918,586,336,130.6240000000006,0.0,0.03804949999903329,0.04003750000265427,0,1.2758186617592231e-14,1.2407086310178923e-14,43.94713084893176,43.947130848932844,False,0,nan,nan,0.0,"[9, 5, 14, 8, 11, 15, 13, 10, 12, 6, 0, 4, 7, 3, 1, 2]"
workload,er75,80009,36340933,0.75,qaoa_p2,2,hybrid_level3,29,v4_beam,"supported QAOA with density 0.750 inside [0.45, 0.80]",849,849,489,304,120.36977777777824,1.4267459999973653,0.027203699995880015,1.455844199997955,128,1.4019417961241297e-14,1.3564039141667257e-14,43.94713084893176,43.94713084893294,False,0,nan,nan,0.0,"[12, 13, 10, 0, 6, 9, 1, 2, 3, 8, 4, 7, 5, 11, 15, 14]"
workload,er75,80009,36340933,0.75,qaoa_p2,2,stock_level3,47,stock_qiskit,stock Qiskit Level 3 baseline,851,851,493,303,116.50844444444493,0.0,0.035749799993936904,0.03763960000651423,0,1.4696895330006606e-14,1.4350932457775143e-14,43.94713084893176,43.94713084893302,False,0,nan,nan,0.0,"[5, 9, 8, 11, 14, 15, 6, 12, 13, 10, 7, 3, 0, 2, 4, 1]"
workload,er75,80009,36340933,0.75,qaoa_p2,2,hybrid_level3,47,v4_beam,"supported QAOA with density 0.750 inside [0.45, 0.80]",821,821,459,283,108.3093333333337,1.4259106000099564,0.027274499996565282,1.4551659999997355,128,1.2951462711233019e-14,1.2496992329627368e-14,43.94713084893176,43.94713084893285,False,0,nan,nan,0.0,"[1, 6, 4, 13, 10, 9, 15, 2, 3, 14, 12, 7, 11, 8, 0, 5]"
workload,er75,80010,36340934,0.75,qaoa_p1,1,stock_level3,11,stock_qiskit,stock Qiskit Level 3 baseline,379,379,309,173,67.72622222222233,0.0,0.02067969999916386,0.021720000004279427,0,7.583178119423521e-15,7.272467453461679e-15,43.41674345501725,43.41674345501788,False,0,nan,nan,0.0,"[11, 8, 9, 15, 5, 14, 13, 6, 10, 12, 4, 3, 7, 2, 1, 0]"
workload,er75,80010,36340934,0.75,qaoa_p1,1,hybrid_level3,11,v4_beam,"supported QAOA with density 0.750 inside [0.45, 0.80]",303,303,207,110,43.7973333333334,0.5803755000088131,0.014442200001212768,0.596022500001709,53,7.770420673655944e-15,7.544455435459876e-15,43.41674345501725,43.4167434550179,False,0,nan,nan,0.0,"[7, 3, 11, 9, 2, 4, 14, 5, 8, 15, 10, 1, 13, 12, 6, 0]"
workload,er75,80010,36340934,0.75,qaoa_p1,1,stock_level3,29,stock_qiskit,stock Qiskit Level 3 baseline,378,378,277,151,57.984000000000115,0.0,0.020733600002131425,0.021747200007666834,0,9.191278819976107e-15,8.93763060671259e-15,43.41674345501725,43.416743455018015,False,0,nan,nan,0.0,"[6, 4, 0, 9, 1, 2, 3, 5, 14, 7, 11, 10, 8, 13, 15, 12]"
workload,er75,80010,36340934,0.75,qaoa_p1,1,hybrid_level3,29,v4_beam,"supported QAOA with density 0.750 inside [0.45, 0.80]",303,303,207,110,43.7973333333334,0.5763412999949651,0.01487970000016503,0.5924453000043286,53,7.770420673655944e-15,7.544455435459876e-15,43.41674345501725,43.4167434550179,False,0,nan,nan,0.0,"[7, 3, 11, 9, 2, 4, 14, 5, 8, 15, 10, 1, 13, 12, 6, 0]"
workload,er75,80010,36340934,0.75,qaoa_p1,1,stock_level3,47,stock_qiskit,stock Qiskit Level 3 baseline,389,389,273,162,62.10133333333349,0.0,0.021021900000050664,0.022183499997481704,0,8.213898514426705e-15,7.987498413571003e-15,43.41674345501725,43.41674345501794,False,0,nan,nan,0.0,"[0, 6, 4, 9, 1, 3, 2, 5, 14, 7, 11, 10, 8, 13, 15, 12]"
workload,er75,80010,36340934,0.75,qaoa_p1,1,hybrid_level3,47,v4_beam,"supported QAOA with density 0.750 inside [0.45, 0.80]",303,303,202,110,43.7973333333334,0.6909004999906756,0.014628500008257106,0.7066309000074398,53,7.776654359083314e-15,7.549364615141558e-15,43.41674345501725,43.416743455017894,False,0,nan,nan,0.0,"[7, 3, 11, 9, 2, 4, 14, 5, 8, 15, 10, 1, 13, 12, 6, 0]"
workload,er75,80010,36340934,0.75,qaoa_p2,2,stock_level3,11,stock_qiskit,stock Qiskit Level 3 baseline,829,829,596,322,122.9155555555561,0.0,0.03510439999809023,0.036935099997208454,0,1.6095386967419877e-14,1.5870567598525548e-14,44.94689965979356,44.946899659795,False,0,nan,nan,0.0,"[5, 11, 8, 15, 9, 14, 13, 12, 10, 0, 7, 4, 6, 1, 3, 2]"
workload,er75,80010,36340934,0.75,qaoa_p2,2,hybrid_level3,11,v4_beam,"supported QAOA with density 0.750 inside [0.45, 0.80]",613,613,382,214,84.29511111111138,1.1857049000100233,0.023203799995826557,1.2107853000052273,114,1.4348724155604766e-14,1.4127673413636345e-14,44.94689965979356,44.94689965979482,False,0,nan,nan,0.0,"[11, 13, 0, 1, 7, 9, 3, 2, 12, 5, 15, 8, 14, 4, 6, 10]"
workload,er75,80010,36340934,0.75,qaoa_p2,2,stock_level3,29,stock_qiskit,stock Qiskit Level 3 baseline,853,853,565,344,134.38577777777837,0.0,0.03346390000660904,0.03537209999922197,0,1.4878623661803974e-14,1.467380312118363e-14,44.94689965979356,44.94689965979489,False,0,nan,nan,0.0,"[11, 9, 8, 6, 5, 3, 13, 14, 12, 0, 15, 10, 2, 1, 7, 4]"
workload,er75,80010,36340934,0.75,qaoa_p2,2,hybrid_level3,29,v4_beam,"supported QAOA with density 0.750 inside [0.45, 0.80]",618,618,398,216,85.29066666666697,1.2669725000014296,0.022879299998749048,1.2916780000086874,114,1.3823262809627314e-14,1.3608812711152897e-14,44.94689965979356,44.94689965979478,False,0,nan,nan,0.0,"[8, 13, 0, 1, 7, 14, 3, 2, 12, 5, 15, 9, 11, 4, 6, 10]"
workload,er75,80010,36340934,0.75,qaoa_p2,2,stock_level3,47,stock_qiskit,stock Qiskit Level 3 baseline,875,875,518,305,129.308444444445,0.0,0.03500179998809472,0.036907300003804266,0,1.534422288809054e-14,1.3751937364271218e-14,44.94689965979356,44.94689965979479,False,0,nan,nan,0.0,"[6, 5, 0, 9, 4, 1, 3, 2, 7, 15, 10, 12, 8, 11, 13, 14]"
workload,er75,80010,36340934,0.75,qaoa_p2,2,hybrid_level3,47,v4_beam,"supported QAOA with density 0.750 inside [0.45, 0.80]",623,623,394,223,88.49777777777811,1.1469785000081174,0.02268579999508802,1.1717047999991337,114,1.4674167438807182e-14,1.445350152234575e-14,44.94689965979356,44.94689965979485,False,0,nan,nan,0.0,"[11, 13, 0, 2, 7, 9, 3, 4, 12, 5, 15, 8, 14, 1, 6, 10]"
workload,er75,80011,36340935,0.75,qaoa_p1,1,stock_level3,11,stock_qiskit,stock Qiskit Level 3 baseline,384,384,296,171,65.04533333333346,0.0,0.019824000002699904,0.020856300005107187,0,7.842330812523602e-15,7.561035083459506e-15,44.99047408544762,44.990474085448305,False,0,nan,nan,0.0,"[9, 8, 5, 11, 14, 15, 13, 10, 12, 6, 3, 0, 2, 7, 1, 4]"
workload,er75,80011,36340935,0.75,qaoa_p1,1,hybrid_level3,11,v4_beam,"supported QAOA with density 0.750 inside [0.45, 0.80]",353,353,215,120,49.78488888888893,0.9568676999915624,0.015551100004813634,0.9737377999990713,65,7.84056642771457e-15,7.672606242644026e-15,44.99047408544762,44.99047408544833,False,0,nan,nan,0.0,"[13, 1, 14, 7, 3, 5, 15, 4, 10, 12, 6, 0, 11, 9, 8, 2]"
workload,er75,80011,36340935,0.75,qaoa_p1,1,stock_level3,29,stock_qiskit,stock Qiskit Level 3 baseline,395,395,294,167,61.432888888889,0.0,0.022794400007114746,0.02414189999399241,0,8.740824504941485e-15,8.49758414725849e-15,44.99047408544762,44.9904740854484,False,0,nan,nan,0.0,"[6, 2, 1, 0, 4, 7, 15, 10, 13, 12, 11, 14, 5, 9, 3, 8]"
workload,er75,80011,36340935,0.75,qaoa_p1,1,hybrid_level3,29,v4_beam,"supported QAOA with density 0.750 inside [0.45, 0.80]",347,347,220,118,49.272888888888914,0.7090980000066338,0.015318899997510016,0.7256334999983665,65,8.28442799970333e-15,8.101833084372753e-15,44.99047408544762,44.99047408544836,False,0,nan,nan,0.0,"[13, 7, 14, 4, 8, 3, 15, 1, 10, 12, 6, 0, 11, 9, 5, 2]"
workload,er75,80011,36340935,0.75,qaoa_p1,1,stock_level3,47,stock_qiskit,stock Qiskit Level 3 baseline,383,383,305,168,63.246222222222315,0.0,0.020654099993407726,0.02173529998981394,0,8.286976182869922e-15,7.795829936373214e-15,44.99047408544762,44.99047408544834,False,0,nan,nan,0.0,"[0, 2, 3, 9, 5, 8, 11, 14, 15, 13, 10, 12, 4, 6, 1, 7]"
workload,er75,80011,36340935,0.75,qaoa_p1,1,hybrid_level3,47,v4_beam,"supported QAOA with density 0.750 inside [0.45, 0.80]",353,353,221,125,51.278222222222254,0.7622766999993473,0.020527899992885068,0.7841658999968786,65,8.584212978879691e-15,8.398997397116333e-15,44.99047408544762,44.99047408544839,False,0,nan,nan,0.0,"[13, 7, 14, 4, 8, 3, 15, 1, 12, 6, 10, 0, 11, 9, 5, 2]"
workload,er75,80011,36340935,0.75,qaoa_p2,2,stock_level3,11,stock_qiskit,stock Qiskit Level 3 baseline,816,816,545,321,119.79377777777839,0.0,0.040574499987997115,0.04265659999509808,0,1.7371873162625954e-14,1.6850188514301126e-14,44.48556145230873,44.485561452310236,False,0,nan,nan,0.0,"[2, 0, 6, 1, 4, 7, 15, 10, 13, 12, 11, 14, 5, 9, 3, 8]"
workload,er75,80011,36340935,0.75,qaoa_p2,2,hybrid_level3,11,v4_beam,"supported QAOA with density 0.750 inside [0.45, 0.80]",716,716,443,237,96.94577777777812,1.4027212000073632,0.02802450000308454,1.4327720000001136,129,1.5390725056250405e-14,1.505047770111012e-14,44.48556145230873,44.48556145231008,False,0,nan,nan,0.0,"[10, 6, 11, 8, 12, 15, 1, 7, 14, 5, 0, 3, 4, 2, 13, 9]"
workload,er75,80011,36340935,0.75,qaoa_p2,2,stock_level3,29,stock_qiskit,stock Qiskit Level 3 baseline,844,844,552,325,122.7591111111116,0.0,0.03718630000366829,0.03925560000061523,0,1.88767398102441e-14,1.8508081515995104e-14,44.48556145230873,44.485561452310385,False,0,nan,nan,0.0,"[3, 9, 5, 8, 11, 14, 15, 13, 6, 7, 10, 12, 0, 4, 2, 1]"
workload,er75,80011,36340935,0.75,qaoa_p2,2,hybrid_level3,29,v4_beam,"supported QAOA with density 0.750 inside [0.45, 0.80]",719,719,440,248,98.8160000000004,1.4950383999967016,0.028785700007574633,1.5259322000056272,129,1.647599752456435e-14,1.6176013977936846e-14,44.48556145230873,44.48556145231018,False,0,nan,nan,0.0,"[10, 6, 3, 2, 13, 14, 0, 8, 15, 11, 7, 4, 5, 1, 12, 9]"
workload,er75,80011,36340935,0.75,qaoa_p2,2,stock_level3,47,stock_qiskit,stock Qiskit Level 3 baseline,815,815,566,312,118.05866666666724,0.0,0.034781299997121096,0.03668409999227151,0,1.7044317084663924e-14,1.6678048689684892e-14,44.48556145230873,44.48556145231023,False,0,nan,nan,0.0,"[9, 3, 11, 5, 8, 14, 13, 12, 15, 10, 7, 6, 0, 4, 2, 1]"
workload,er75,80011,36340935,0.75,qaoa_p2,2,hybrid_level3,47,v4_beam,"supported QAOA with density 0.750 inside [0.45, 0.80]",712,712,499,271,111.0471111111115,1.5411464999924647,0.026816700003109872,1.570055100004538,129,1.5687577195840218e-14,1.5347099253090917e-14,44.48556145230873,44.485561452310115,False,0,nan,nan,0.0,"[4, 1, 14, 13, 10, 12, 5, 2, 15, 11, 6, 3, 0, 8, 7, 9]"
